TRACK_ID,PATH,DURATION,split,npy_path,n_mels,n_frames
track_0002165,65/2165.mp3,229.0,train,artifacts/melspecs/65/2165.npy,128,1292
track_0004639,39/4639.mp3,188.0,train,artifacts/melspecs/39/4639.npy,128,1292
track_0006253,53/6253.mp3,271.8,train,artifacts/melspecs/53/6253.npy,128,1292
track_0006254,54/6254.mp3,481.6,train,artifacts/melspecs/54/6254.npy,128,1292
track_0006256,56/6256.mp3,236.5,train,artifacts/melspecs/56/6256.npy,128,1292
track_0006257,57/6257.mp3,207.8,train,artifacts/melspecs/57/6257.npy,128,1292
track_0006258,58/6258.mp3,176.5,train,artifacts/melspecs/58/6258.npy,128,1292
track_0012099,99/12099.mp3,273.1,train,artifacts/melspecs/99/12099.npy,128,1292
track_0012100,00/12100.mp3,198.3,train,artifacts/melspecs/00/12100.npy,128,1292
track_0012101,01/12101.mp3,237.4,train,artifacts/melspecs/01/12101.npy,128,1292
track_0012102,02/12102.mp3,202.5,train,artifacts/melspecs/02/12102.npy,128,1292
track_0013823,23/13823.mp3,88.5,train,artifacts/melspecs/23/13823.npy,128,1292
track_0013824,24/13824.mp3,261.7,train,artifacts/melspecs/24/13824.npy,128,1292
track_0013825,25/13825.mp3,231.6,train,artifacts/melspecs/25/13825.npy,128,1292
track_0013826,26/13826.mp3,270.5,train,artifacts/melspecs/26/13826.npy,128,1292
track_0013827,27/13827.mp3,230.2,train,artifacts/melspecs/27/13827.npy,128,1292
track_0014013,13/14013.mp3,263.7,train,artifacts/melspecs/13/14013.npy,128,1292
track_0014014,14/14014.mp3,221.4,train,artifacts/melspecs/14/14014.npy,128,1292
track_0014015,15/14015.mp3,162.5,train,artifacts/melspecs/15/14015.npy,128,1292
track_0014016,16/14016.mp3,245.7,train,artifacts/melspecs/16/14016.npy,128,1292
track_0014017,17/14017.mp3,207.4,train,artifacts/melspecs/17/14017.npy,128,1292
track_0014018,18/14018.mp3,155.8,train,artifacts/melspecs/18/14018.npy,128,1292
track_0014019,19/14019.mp3,154.5,train,artifacts/melspecs/19/14019.npy,128,1292
track_0014020,20/14020.mp3,183.1,train,artifacts/melspecs/20/14020.npy,128,1292
track_0014021,21/14021.mp3,240.1,train,artifacts/melspecs/21/14021.npy,128,1292
track_0014022,22/14022.mp3,299.5,train,artifacts/melspecs/22/14022.npy,128,1292
track_0014023,23/14023.mp3,127.8,train,artifacts/melspecs/23/14023.npy,128,1292
track_0014024,24/14024.mp3,171.4,train,artifacts/melspecs/24/14024.npy,128,1292
track_0014025,25/14025.mp3,126.0,train,artifacts/melspecs/25/14025.npy,128,1292
track_0014026,26/14026.mp3,169.7,train,artifacts/melspecs/26/14026.npy,128,1292
track_0014027,27/14027.mp3,155.9,train,artifacts/melspecs/27/14027.npy,128,1292
track_0014028,28/14028.mp3,151.9,train,artifacts/melspecs/28/14028.npy,128,1292
track_0017146,46/17146.mp3,99.2,train,artifacts/melspecs/46/17146.npy,128,1292
track_0017152,52/17152.mp3,86.4,train,artifacts/melspecs/52/17152.npy,128,1292
track_0018231,31/18231.mp3,265.0,train,artifacts/melspecs/31/18231.npy,128,1292
track_0018232,32/18232.mp3,330.4,train,artifacts/melspecs/32/18232.npy,128,1292
track_0018233,33/18233.mp3,241.7,train,artifacts/melspecs/33/18233.npy,128,1292
track_0018234,34/18234.mp3,320.0,train,artifacts/melspecs/34/18234.npy,128,1292
track_0018236,36/18236.mp3,365.0,train,artifacts/melspecs/36/18236.npy,128,1292
track_0018243,43/18243.mp3,172.5,train,artifacts/melspecs/43/18243.npy,128,1292
track_0022101,01/22101.mp3,187.1,train,artifacts/melspecs/01/22101.npy,128,1292
track_0025218,18/25218.mp3,189.5,train,artifacts/melspecs/18/25218.npy,128,1292
track_0025220,20/25220.mp3,75.1,train,artifacts/melspecs/20/25220.npy,128,1292
track_0025221,21/25221.mp3,94.3,train,artifacts/melspecs/21/25221.npy,128,1292
track_0025224,24/25224.mp3,180.5,train,artifacts/melspecs/24/25224.npy,128,1292
track_0025237,37/25237.mp3,129.5,train,artifacts/melspecs/37/25237.npy,128,1292
track_0028191,91/28191.mp3,119.7,train,artifacts/melspecs/91/28191.npy,128,1292
track_0028193,93/28193.mp3,293.7,train,artifacts/melspecs/93/28193.npy,128,1292
track_0029959,59/29959.mp3,313.0,train,artifacts/melspecs/59/29959.npy,128,1292
track_0029960,60/29960.mp3,306.4,train,artifacts/melspecs/60/29960.npy,128,1292
track_0029961,61/29961.mp3,289.4,train,artifacts/melspecs/61/29961.npy,128,1292
track_0029962,62/29962.mp3,292.8,train,artifacts/melspecs/62/29962.npy,128,1292
track_0029963,63/29963.mp3,230.2,train,artifacts/melspecs/63/29963.npy,128,1292
track_0029964,64/29964.mp3,303.7,train,artifacts/melspecs/64/29964.npy,128,1292
track_0029965,65/29965.mp3,310.0,train,artifacts/melspecs/65/29965.npy,128,1292
track_0029966,66/29966.mp3,348.6,train,artifacts/melspecs/66/29966.npy,128,1292
track_0029967,67/29967.mp3,308.1,train,artifacts/melspecs/67/29967.npy,128,1292
track_0029968,68/29968.mp3,290.0,train,artifacts/melspecs/68/29968.npy,128,1292
track_0029969,69/29969.mp3,238.0,train,artifacts/melspecs/69/29969.npy,128,1292
track_0029970,70/29970.mp3,332.9,train,artifacts/melspecs/70/29970.npy,128,1292
track_0029971,71/29971.mp3,731.3,train,artifacts/melspecs/71/29971.npy,128,1292
track_0031517,17/31517.mp3,184.9,train,artifacts/melspecs/17/31517.npy,128,1292
track_0034696,96/34696.mp3,209.2,train,artifacts/melspecs/96/34696.npy,128,1292
track_0035321,21/35321.mp3,264.4,train,artifacts/melspecs/21/35321.npy,128,1292
track_0035745,45/35745.mp3,126.1,train,artifacts/melspecs/45/35745.npy,128,1292
track_0035750,50/35750.mp3,202.1,train,artifacts/melspecs/50/35750.npy,128,1292
track_0036708,08/36708.mp3,338.1,train,artifacts/melspecs/08/36708.npy,128,1292
track_0036709,09/36709.mp3,354.6,train,artifacts/melspecs/09/36709.npy,128,1292
track_0036710,10/36710.mp3,471.1,train,artifacts/melspecs/10/36710.npy,128,1292
track_0036711,11/36711.mp3,384.1,train,artifacts/melspecs/11/36711.npy,128,1292
track_0036712,12/36712.mp3,580.1,train,artifacts/melspecs/12/36712.npy,128,1292
track_0036713,13/36713.mp3,282.0,train,artifacts/melspecs/13/36713.npy,128,1292
track_0036714,14/36714.mp3,478.4,train,artifacts/melspecs/14/36714.npy,128,1292
track_0036715,15/36715.mp3,316.0,train,artifacts/melspecs/15/36715.npy,128,1292
track_0036985,85/36985.mp3,245.0,train,artifacts/melspecs/85/36985.npy,128,1292
track_0039245,45/39245.mp3,374.3,train,artifacts/melspecs/45/39245.npy,128,1292
track_0039248,48/39248.mp3,369.7,train,artifacts/melspecs/48/39248.npy,128,1292
track_0039249,49/39249.mp3,432.9,train,artifacts/melspecs/49/39249.npy,128,1292
track_0039252,52/39252.mp3,316.4,train,artifacts/melspecs/52/39252.npy,128,1292
track_0043030,30/43030.mp3,260.7,train,artifacts/melspecs/30/43030.npy,128,1292
track_0043031,31/43031.mp3,220.5,train,artifacts/melspecs/31/43031.npy,128,1292
track_0043032,32/43032.mp3,265.6,train,artifacts/melspecs/32/43032.npy,128,1292
track_0043033,33/43033.mp3,230.5,train,artifacts/melspecs/33/43033.npy,128,1292
track_0043034,34/43034.mp3,223.0,train,artifacts/melspecs/34/43034.npy,128,1292
track_0043035,35/43035.mp3,157.9,train,artifacts/melspecs/35/43035.npy,128,1292
track_0043037,37/43037.mp3,229.1,train,artifacts/melspecs/37/43037.npy,128,1292
track_0043038,38/43038.mp3,192.8,train,artifacts/melspecs/38/43038.npy,128,1292
track_0043039,39/43039.mp3,241.1,train,artifacts/melspecs/39/43039.npy,128,1292
track_0043040,40/43040.mp3,229.3,train,artifacts/melspecs/40/43040.npy,128,1292
track_0043041,41/43041.mp3,317.8,train,artifacts/melspecs/41/43041.npy,128,1292
track_0043042,42/43042.mp3,198.9,train,artifacts/melspecs/42/43042.npy,128,1292
track_0043044,44/43044.mp3,218.1,train,artifacts/melspecs/44/43044.npy,128,1292
track_0043045,45/43045.mp3,247.7,train,artifacts/melspecs/45/43045.npy,128,1292
track_0043046,46/43046.mp3,209.2,train,artifacts/melspecs/46/43046.npy,128,1292
track_0043047,47/43047.mp3,263.9,train,artifacts/melspecs/47/43047.npy,128,1292
track_0045570,70/45570.mp3,75.3,train,artifacts/melspecs/70/45570.npy,128,1292
track_0045605,05/45605.mp3,204.0,train,artifacts/melspecs/05/45605.npy,128,1292
track_0045607,07/45607.mp3,209.8,train,artifacts/melspecs/07/45607.npy,128,1292
track_0048379,79/48379.mp3,412.0,train,artifacts/melspecs/79/48379.npy,128,1292
track_0048380,80/48380.mp3,269.9,train,artifacts/melspecs/80/48380.npy,128,1292
track_0048381,81/48381.mp3,253.7,train,artifacts/melspecs/81/48381.npy,128,1292
track_0048382,82/48382.mp3,321.9,train,artifacts/melspecs/82/48382.npy,128,1292
track_0048383,83/48383.mp3,332.0,train,artifacts/melspecs/83/48383.npy,128,1292
track_0048384,84/48384.mp3,504.4,train,artifacts/melspecs/84/48384.npy,128,1292
track_0048388,88/48388.mp3,407.9,train,artifacts/melspecs/88/48388.npy,128,1292
track_0048979,79/48979.mp3,495.0,train,artifacts/melspecs/79/48979.npy,128,1292
track_0049019,19/49019.mp3,63.0,train,artifacts/melspecs/19/49019.npy,128,1292
track_0049020,20/49020.mp3,210.2,train,artifacts/melspecs/20/49020.npy,128,1292
track_0049021,21/49021.mp3,54.4,train,artifacts/melspecs/21/49021.npy,128,1292
track_0049022,22/49022.mp3,126.3,train,artifacts/melspecs/22/49022.npy,128,1292
track_0049023,23/49023.mp3,194.2,train,artifacts/melspecs/23/49023.npy,128,1292
track_0049024,24/49024.mp3,200.0,train,artifacts/melspecs/24/49024.npy,128,1292
track_0049025,25/49025.mp3,68.3,train,artifacts/melspecs/25/49025.npy,128,1292
track_0049026,26/49026.mp3,153.5,train,artifacts/melspecs/26/49026.npy,128,1292
track_0049027,27/49027.mp3,116.8,train,artifacts/melspecs/27/49027.npy,128,1292
track_0049028,28/49028.mp3,105.2,train,artifacts/melspecs/28/49028.npy,128,1292
track_0049029,29/49029.mp3,103.4,train,artifacts/melspecs/29/49029.npy,128,1292
track_0049030,30/49030.mp3,144.1,train,artifacts/melspecs/30/49030.npy,128,1292
track_0049031,31/49031.mp3,150.0,train,artifacts/melspecs/31/49031.npy,128,1292
track_0049032,32/49032.mp3,44.4,train,artifacts/melspecs/32/49032.npy,128,1292
track_0049033,33/49033.mp3,66.0,train,artifacts/melspecs/33/49033.npy,128,1292
track_0049034,34/49034.mp3,68.6,train,artifacts/melspecs/34/49034.npy,128,1292
track_0049035,35/49035.mp3,72.7,train,artifacts/melspecs/35/49035.npy,128,1292
track_0049036,36/49036.mp3,109.7,train,artifacts/melspecs/36/49036.npy,128,1292
track_0049037,37/49037.mp3,81.3,train,artifacts/melspecs/37/49037.npy,128,1292
track_0049038,38/49038.mp3,105.3,train,artifacts/melspecs/38/49038.npy,128,1292
track_0049039,39/49039.mp3,122.3,train,artifacts/melspecs/39/49039.npy,128,1292
track_0049040,40/49040.mp3,91.7,train,artifacts/melspecs/40/49040.npy,128,1292
track_0049041,41/49041.mp3,104.8,train,artifacts/melspecs/41/49041.npy,128,1292
track_0053219,19/53219.mp3,480.0,train,artifacts/melspecs/19/53219.npy,128,1292
track_0064075,75/64075.mp3,214.2,train,artifacts/melspecs/75/64075.npy,128,1292
track_0064079,79/64079.mp3,206.4,train,artifacts/melspecs/79/64079.npy,128,1292
track_0076982,82/76982.mp3,137.1,train,artifacts/melspecs/82/76982.npy,128,1292
track_0076983,83/76983.mp3,149.4,train,artifacts/melspecs/83/76983.npy,128,1292
track_0076984,84/76984.mp3,204.4,train,artifacts/melspecs/84/76984.npy,128,1292
track_0076985,85/76985.mp3,226.9,train,artifacts/melspecs/85/76985.npy,128,1292
track_0076986,86/76986.mp3,228.6,train,artifacts/melspecs/86/76986.npy,128,1292
track_0076987,87/76987.mp3,343.8,train,artifacts/melspecs/87/76987.npy,128,1292
track_0076988,88/76988.mp3,156.4,train,artifacts/melspecs/88/76988.npy,128,1292
track_0076989,89/76989.mp3,208.7,train,artifacts/melspecs/89/76989.npy,128,1292
track_0076990,90/76990.mp3,89.2,train,artifacts/melspecs/90/76990.npy,128,1292
track_0078306,06/78306.mp3,210.1,train,artifacts/melspecs/06/78306.npy,128,1292
track_0078314,14/78314.mp3,267.0,train,artifacts/melspecs/14/78314.npy,128,1292
track_0078315,15/78315.mp3,112.4,train,artifacts/melspecs/15/78315.npy,128,1292
track_0078956,56/78956.mp3,120.1,train,artifacts/melspecs/56/78956.npy,128,1292
track_0078957,57/78957.mp3,197.8,train,artifacts/melspecs/57/78957.npy,128,1292
track_0078962,62/78962.mp3,127.8,train,artifacts/melspecs/62/78962.npy,128,1292
track_0079514,14/79514.mp3,473.4,train,artifacts/melspecs/14/79514.npy,128,1292
track_0079516,16/79516.mp3,527.6,train,artifacts/melspecs/16/79516.npy,128,1292
track_0079551,51/79551.mp3,321.5,train,artifacts/melspecs/51/79551.npy,128,1292
track_0080831,31/80831.mp3,395.4,train,artifacts/melspecs/31/80831.npy,128,1292
track_0081018,18/81018.mp3,239.3,train,artifacts/melspecs/18/81018.npy,128,1292
track_0081021,21/81021.mp3,154.0,train,artifacts/melspecs/21/81021.npy,128,1292
track_0081792,92/81792.mp3,136.0,train,artifacts/melspecs/92/81792.npy,128,1292
track_0082350,50/82350.mp3,204.5,train,artifacts/melspecs/50/82350.npy,128,1292
track_0082351,51/82351.mp3,236.3,train,artifacts/melspecs/51/82351.npy,128,1292
track_0082352,52/82352.mp3,147.4,train,artifacts/melspecs/52/82352.npy,128,1292
track_0082353,53/82353.mp3,246.2,train,artifacts/melspecs/53/82353.npy,128,1292
track_0082354,54/82354.mp3,185.9,train,artifacts/melspecs/54/82354.npy,128,1292
track_0082355,55/82355.mp3,187.9,train,artifacts/melspecs/55/82355.npy,128,1292
track_0082356,56/82356.mp3,197.1,train,artifacts/melspecs/56/82356.npy,128,1292
track_0082357,57/82357.mp3,229.0,train,artifacts/melspecs/57/82357.npy,128,1292
track_0082358,58/82358.mp3,231.0,train,artifacts/melspecs/58/82358.npy,128,1292
track_0082359,59/82359.mp3,181.3,train,artifacts/melspecs/59/82359.npy,128,1292
track_0082360,60/82360.mp3,205.5,train,artifacts/melspecs/60/82360.npy,128,1292
track_0082361,61/82361.mp3,199.5,train,artifacts/melspecs/61/82361.npy,128,1292
track_0082362,62/82362.mp3,196.8,train,artifacts/melspecs/62/82362.npy,128,1292
track_0082363,63/82363.mp3,214.8,train,artifacts/melspecs/63/82363.npy,128,1292
track_0082365,65/82365.mp3,214.0,train,artifacts/melspecs/65/82365.npy,128,1292
track_0083493,93/83493.mp3,376.0,train,artifacts/melspecs/93/83493.npy,128,1292
track_0084494,94/84494.mp3,245.5,train,artifacts/melspecs/94/84494.npy,128,1292
track_0084495,95/84495.mp3,192.0,train,artifacts/melspecs/95/84495.npy,128,1292
track_0084496,96/84496.mp3,486.0,train,artifacts/melspecs/96/84496.npy,128,1292
track_0084497,97/84497.mp3,199.3,train,artifacts/melspecs/97/84497.npy,128,1292
track_0084498,98/84498.mp3,344.3,train,artifacts/melspecs/98/84498.npy,128,1292
track_0085719,19/85719.mp3,445.6,train,artifacts/melspecs/19/85719.npy,128,1292
track_0086742,42/86742.mp3,135.0,train,artifacts/melspecs/42/86742.npy,128,1292
track_0091821,21/91821.mp3,153.9,train,artifacts/melspecs/21/91821.npy,128,1292
track_0091822,22/91822.mp3,273.8,train,artifacts/melspecs/22/91822.npy,128,1292
track_0091824,24/91824.mp3,142.9,train,artifacts/melspecs/24/91824.npy,128,1292
track_0091826,26/91826.mp3,285.1,train,artifacts/melspecs/26/91826.npy,128,1292
track_0095400,00/95400.mp3,97.0,train,artifacts/melspecs/00/95400.npy,128,1292
track_0099810,10/99810.mp3,330.4,train,artifacts/melspecs/10/99810.npy,128,1292
track_0099811,11/99811.mp3,316.9,train,artifacts/melspecs/11/99811.npy,128,1292
track_0099812,12/99812.mp3,318.9,train,artifacts/melspecs/12/99812.npy,128,1292
track_0104275,75/104275.mp3,177.8,train,artifacts/melspecs/75/104275.npy,128,1292
track_0109225,25/109225.mp3,212.1,train,artifacts/melspecs/25/109225.npy,128,1292
track_0109226,26/109226.mp3,316.1,train,artifacts/melspecs/26/109226.npy,128,1292
track_0109227,27/109227.mp3,168.0,train,artifacts/melspecs/27/109227.npy,128,1292
track_0109228,28/109228.mp3,152.5,train,artifacts/melspecs/28/109228.npy,128,1292
track_0109229,29/109229.mp3,366.1,train,artifacts/melspecs/29/109229.npy,128,1292
track_0109230,30/109230.mp3,242.1,train,artifacts/melspecs/30/109230.npy,128,1292
track_0109231,31/109231.mp3,294.1,train,artifacts/melspecs/31/109231.npy,128,1292
track_0109232,32/109232.mp3,276.1,train,artifacts/melspecs/32/109232.npy,128,1292
track_0110029,29/110029.mp3,251.6,train,artifacts/melspecs/29/110029.npy,128,1292
track_0111012,12/111012.mp3,462.7,train,artifacts/melspecs/12/111012.npy,128,1292
track_0111024,24/111024.mp3,320.9,train,artifacts/melspecs/24/111024.npy,128,1292
track_0111026,26/111026.mp3,244.3,train,artifacts/melspecs/26/111026.npy,128,1292
track_0111028,28/111028.mp3,262.5,train,artifacts/melspecs/28/111028.npy,128,1292
track_0111043,43/111043.mp3,282.6,train,artifacts/melspecs/43/111043.npy,128,1292
track_0114194,94/114194.mp3,260.8,train,artifacts/melspecs/94/114194.npy,128,1292
track_0114195,95/114195.mp3,309.8,train,artifacts/melspecs/95/114195.npy,128,1292
track_0114196,96/114196.mp3,449.4,train,artifacts/melspecs/96/114196.npy,128,1292
track_0114197,97/114197.mp3,478.1,train,artifacts/melspecs/97/114197.npy,128,1292
track_0114198,98/114198.mp3,322.1,train,artifacts/melspecs/98/114198.npy,128,1292
track_0114199,99/114199.mp3,268.1,train,artifacts/melspecs/99/114199.npy,128,1292
track_0114200,00/114200.mp3,244.8,train,artifacts/melspecs/00/114200.npy,128,1292
track_0114201,01/114201.mp3,291.4,train,artifacts/melspecs/01/114201.npy,128,1292
track_0117733,33/117733.mp3,305.2,train,artifacts/melspecs/33/117733.npy,128,1292
track_0117734,34/117734.mp3,271.9,train,artifacts/melspecs/34/117734.npy,128,1292
track_0117736,36/117736.mp3,242.9,train,artifacts/melspecs/36/117736.npy,128,1292
track_0121128,28/121128.mp3,505.1,train,artifacts/melspecs/28/121128.npy,128,1292
track_0121147,47/121147.mp3,355.0,train,artifacts/melspecs/47/121147.npy,128,1292
track_0121153,53/121153.mp3,120.0,train,artifacts/melspecs/53/121153.npy,128,1292
track_0123932,32/123932.mp3,450.4,train,artifacts/melspecs/32/123932.npy,128,1292
track_0135849,49/135849.mp3,460.1,train,artifacts/melspecs/49/135849.npy,128,1292
track_0147385,85/147385.mp3,240.3,train,artifacts/melspecs/85/147385.npy,128,1292
track_0147386,86/147386.mp3,200.9,train,artifacts/melspecs/86/147386.npy,128,1292
track_0147393,93/147393.mp3,261.8,train,artifacts/melspecs/93/147393.npy,128,1292
track_0149288,88/149288.mp3,238.1,train,artifacts/melspecs/88/149288.npy,128,1292
track_0149296,96/149296.mp3,201.0,train,artifacts/melspecs/96/149296.npy,128,1292
track_0149356,56/149356.mp3,223.0,train,artifacts/melspecs/56/149356.npy,128,1292
track_0159797,97/159797.mp3,277.1,train,artifacts/melspecs/97/159797.npy,128,1292
track_0159801,01/159801.mp3,433.6,train,artifacts/melspecs/01/159801.npy,128,1292
track_0159807,07/159807.mp3,376.6,train,artifacts/melspecs/07/159807.npy,128,1292
track_0159815,15/159815.mp3,224.1,train,artifacts/melspecs/15/159815.npy,128,1292
track_0159834,34/159834.mp3,232.1,train,artifacts/melspecs/34/159834.npy,128,1292
track_0161167,67/161167.mp3,241.7,train,artifacts/melspecs/67/161167.npy,128,1292
track_0166577,77/166577.mp3,126.3,train,artifacts/melspecs/77/166577.npy,128,1292
track_0166580,80/166580.mp3,384.5,train,artifacts/melspecs/80/166580.npy,128,1292
track_0166591,91/166591.mp3,175.5,train,artifacts/melspecs/91/166591.npy,128,1292
track_0173744,44/173744.mp3,425.5,train,artifacts/melspecs/44/173744.npy,128,1292
track_0173753,53/173753.mp3,186.0,train,artifacts/melspecs/53/173753.npy,128,1292
track_0173755,55/173755.mp3,130.8,train,artifacts/melspecs/55/173755.npy,128,1292
track_0173758,58/173758.mp3,248.9,train,artifacts/melspecs/58/173758.npy,128,1292
track_0173759,59/173759.mp3,212.3,train,artifacts/melspecs/59/173759.npy,128,1292
track_0173760,60/173760.mp3,154.4,train,artifacts/melspecs/60/173760.npy,128,1292
track_0173787,87/173787.mp3,192.0,train,artifacts/melspecs/87/173787.npy,128,1292
track_0189568,68/189568.mp3,420.0,train,artifacts/melspecs/68/189568.npy,128,1292
track_0192877,77/192877.mp3,196.8,train,artifacts/melspecs/77/192877.npy,128,1292
track_0192880,80/192880.mp3,154.3,train,artifacts/melspecs/80/192880.npy,128,1292
track_0192882,82/192882.mp3,274.1,train,artifacts/melspecs/82/192882.npy,128,1292
track_0192895,95/192895.mp3,148.0,train,artifacts/melspecs/95/192895.npy,128,1292
track_0204687,87/204687.mp3,130.0,train,artifacts/melspecs/87/204687.npy,128,1292
track_0207731,31/207731.mp3,106.7,train,artifacts/melspecs/31/207731.npy,128,1292
track_0207732,32/207732.mp3,143.9,train,artifacts/melspecs/32/207732.npy,128,1292
track_0207735,35/207735.mp3,217.7,train,artifacts/melspecs/35/207735.npy,128,1292
track_0223562,62/223562.mp3,321.6,train,artifacts/melspecs/62/223562.npy,128,1292
track_0223567,67/223567.mp3,412.8,train,artifacts/melspecs/67/223567.npy,128,1292
track_0223590,90/223590.mp3,268.9,train,artifacts/melspecs/90/223590.npy,128,1292
track_0228864,64/228864.mp3,245.8,train,artifacts/melspecs/64/228864.npy,128,1292
track_0242952,52/242952.mp3,111.7,train,artifacts/melspecs/52/242952.npy,128,1292
track_0242953,53/242953.mp3,86.3,train,artifacts/melspecs/53/242953.npy,128,1292
track_0244744,44/244744.mp3,503.8,train,artifacts/melspecs/44/244744.npy,128,1292
track_0244843,43/244843.mp3,363.4,train,artifacts/melspecs/43/244843.npy,128,1292
track_0245017,17/245017.mp3,321.5,train,artifacts/melspecs/17/245017.npy,128,1292
track_0245328,28/245328.mp3,172.5,train,artifacts/melspecs/28/245328.npy,128,1292
track_0245348,48/245348.mp3,290.7,train,artifacts/melspecs/48/245348.npy,128,1292
track_0245375,75/245375.mp3,243.7,train,artifacts/melspecs/75/245375.npy,128,1292
track_0245388,88/245388.mp3,222.1,train,artifacts/melspecs/88/245388.npy,128,1292
track_0245406,06/245406.mp3,270.5,train,artifacts/melspecs/06/245406.npy,128,1292
track_0245421,21/245421.mp3,362.7,train,artifacts/melspecs/21/245421.npy,128,1292
track_0257173,73/257173.mp3,118.4,train,artifacts/melspecs/73/257173.npy,128,1292
track_0257181,81/257181.mp3,221.8,train,artifacts/melspecs/81/257181.npy,128,1292
track_0259559,59/259559.mp3,30.9,train,artifacts/melspecs/59/259559.npy,128,1292
track_0272051,51/272051.mp3,265.7,train,artifacts/melspecs/51/272051.npy,128,1292
track_0278116,16/278116.mp3,70.1,train,artifacts/melspecs/16/278116.npy,128,1292
track_0278117,17/278117.mp3,178.8,train,artifacts/melspecs/17/278117.npy,128,1292
track_0278118,18/278118.mp3,378.7,train,artifacts/melspecs/18/278118.npy,128,1292
track_0278335,35/278335.mp3,204.0,train,artifacts/melspecs/35/278335.npy,128,1292
track_0278336,36/278336.mp3,160.0,train,artifacts/melspecs/36/278336.npy,128,1292
track_0278343,43/278343.mp3,246.0,train,artifacts/melspecs/43/278343.npy,128,1292
track_0278344,44/278344.mp3,222.5,train,artifacts/melspecs/44/278344.npy,128,1292
track_0278356,56/278356.mp3,328.0,train,artifacts/melspecs/56/278356.npy,128,1292
track_0278357,57/278357.mp3,218.0,train,artifacts/melspecs/57/278357.npy,128,1292
track_0278358,58/278358.mp3,206.0,train,artifacts/melspecs/58/278358.npy,128,1292
track_0278359,59/278359.mp3,206.0,train,artifacts/melspecs/59/278359.npy,128,1292
track_0284280,80/284280.mp3,277.2,train,artifacts/melspecs/80/284280.npy,128,1292
track_0284415,15/284415.mp3,239.0,train,artifacts/melspecs/15/284415.npy,128,1292
track_0285534,34/285534.mp3,246.9,train,artifacts/melspecs/34/285534.npy,128,1292
track_0287786,86/287786.mp3,311.2,train,artifacts/melspecs/86/287786.npy,128,1292
track_0287790,90/287790.mp3,225.5,train,artifacts/melspecs/90/287790.npy,128,1292
track_0287979,79/287979.mp3,297.1,train,artifacts/melspecs/79/287979.npy,128,1292
track_0290511,11/290511.mp3,244.0,train,artifacts/melspecs/11/290511.npy,128,1292
track_0292530,30/292530.mp3,418.9,train,artifacts/melspecs/30/292530.npy,128,1292
track_0303227,27/303227.mp3,171.2,train,artifacts/melspecs/27/303227.npy,128,1292
track_0303229,29/303229.mp3,195.6,train,artifacts/melspecs/29/303229.npy,128,1292
track_0303231,31/303231.mp3,174.9,train,artifacts/melspecs/31/303231.npy,128,1292
track_0313013,13/313013.mp3,1307.8,train,artifacts/melspecs/13/313013.npy,128,1292
track_0313014,14/313014.mp3,1307.8,train,artifacts/melspecs/14/313014.npy,128,1292
track_0316034,34/316034.mp3,216.1,train,artifacts/melspecs/34/316034.npy,128,1292
track_0316035,35/316035.mp3,210.1,train,artifacts/melspecs/35/316035.npy,128,1292
track_0316203,03/316203.mp3,204.1,train,artifacts/melspecs/03/316203.npy,128,1292
track_0316204,04/316204.mp3,176.0,train,artifacts/melspecs/04/316204.npy,128,1292
track_0316205,05/316205.mp3,276.9,train,artifacts/melspecs/05/316205.npy,128,1292
track_0316206,06/316206.mp3,216.1,train,artifacts/melspecs/06/316206.npy,128,1292
track_0320894,94/320894.mp3,247.4,train,artifacts/melspecs/94/320894.npy,128,1292
track_0320929,29/320929.mp3,179.2,train,artifacts/melspecs/29/320929.npy,128,1292
track_0320958,58/320958.mp3,339.2,train,artifacts/melspecs/58/320958.npy,128,1292
track_0324285,85/324285.mp3,354.9,train,artifacts/melspecs/85/324285.npy,128,1292
track_0324730,30/324730.mp3,246.4,train,artifacts/melspecs/30/324730.npy,128,1292
track_0325577,77/325577.mp3,244.0,train,artifacts/melspecs/77/325577.npy,128,1292
track_0328341,41/328341.mp3,402.1,train,artifacts/melspecs/41/328341.npy,128,1292
track_0329405,05/329405.mp3,178.1,train,artifacts/melspecs/05/329405.npy,128,1292
track_0340512,12/340512.mp3,756.0,train,artifacts/melspecs/12/340512.npy,128,1292
track_0340875,75/340875.mp3,201.4,train,artifacts/melspecs/75/340875.npy,128,1292
track_0340881,81/340881.mp3,521.2,train,artifacts/melspecs/81/340881.npy,128,1292
track_0341550,50/341550.mp3,157.1,train,artifacts/melspecs/50/341550.npy,128,1292
track_0341563,63/341563.mp3,116.6,train,artifacts/melspecs/63/341563.npy,128,1292
track_0341567,67/341567.mp3,180.0,train,artifacts/melspecs/67/341567.npy,128,1292
track_0341568,68/341568.mp3,104.0,train,artifacts/melspecs/68/341568.npy,128,1292
track_0342251,51/342251.mp3,106.0,train,artifacts/melspecs/51/342251.npy,128,1292
track_0342252,52/342252.mp3,240.1,train,artifacts/melspecs/52/342252.npy,128,1292
track_0342253,53/342253.mp3,208.1,train,artifacts/melspecs/53/342253.npy,128,1292
track_0342254,54/342254.mp3,218.5,train,artifacts/melspecs/54/342254.npy,128,1292
track_0342255,55/342255.mp3,169.0,train,artifacts/melspecs/55/342255.npy,128,1292
track_0342256,56/342256.mp3,43.6,train,artifacts/melspecs/56/342256.npy,128,1292
track_0342257,57/342257.mp3,148.6,train,artifacts/melspecs/57/342257.npy,128,1292
track_0342258,58/342258.mp3,211.9,train,artifacts/melspecs/58/342258.npy,128,1292
track_0342259,59/342259.mp3,144.1,train,artifacts/melspecs/59/342259.npy,128,1292
track_0342260,60/342260.mp3,158.5,train,artifacts/melspecs/60/342260.npy,128,1292
track_0342261,61/342261.mp3,346.3,train,artifacts/melspecs/61/342261.npy,128,1292
track_0342262,62/342262.mp3,208.9,train,artifacts/melspecs/62/342262.npy,128,1292
track_0342263,63/342263.mp3,168.1,train,artifacts/melspecs/63/342263.npy,128,1292
track_0343649,49/343649.mp3,274.5,train,artifacts/melspecs/49/343649.npy,128,1292
track_0345292,92/345292.mp3,88.3,train,artifacts/melspecs/92/345292.npy,128,1292
track_0345294,94/345294.mp3,119.8,train,artifacts/melspecs/94/345294.npy,128,1292
track_0345295,95/345295.mp3,184.7,train,artifacts/melspecs/95/345295.npy,128,1292
track_0345297,97/345297.mp3,84.6,train,artifacts/melspecs/97/345297.npy,128,1292
track_0349832,32/349832.mp3,207.6,train,artifacts/melspecs/32/349832.npy,128,1292
track_0349835,35/349835.mp3,247.9,train,artifacts/melspecs/35/349835.npy,128,1292
track_0350978,78/350978.mp3,257.0,train,artifacts/melspecs/78/350978.npy,128,1292
track_0356463,63/356463.mp3,128.0,train,artifacts/melspecs/63/356463.npy,128,1292
track_0357515,15/357515.mp3,233.9,train,artifacts/melspecs/15/357515.npy,128,1292
track_0365769,69/365769.mp3,317.2,train,artifacts/melspecs/69/365769.npy,128,1292
track_0365770,70/365770.mp3,272.7,train,artifacts/melspecs/70/365770.npy,128,1292
track_0367839,39/367839.mp3,293.3,train,artifacts/melspecs/39/367839.npy,128,1292
track_0369905,05/369905.mp3,261.4,train,artifacts/melspecs/05/369905.npy,128,1292
track_0369921,21/369921.mp3,283.9,train,artifacts/melspecs/21/369921.npy,128,1292
track_0375193,93/375193.mp3,259.8,train,artifacts/melspecs/93/375193.npy,128,1292
track_0382144,44/382144.mp3,317.6,train,artifacts/melspecs/44/382144.npy,128,1292
track_0383567,67/383567.mp3,105.8,train,artifacts/melspecs/67/383567.npy,128,1292
track_0383568,68/383568.mp3,112.3,train,artifacts/melspecs/68/383568.npy,128,1292
track_0383570,70/383570.mp3,90.8,train,artifacts/melspecs/70/383570.npy,128,1292
track_0383572,72/383572.mp3,92.6,train,artifacts/melspecs/72/383572.npy,128,1292
track_0383573,73/383573.mp3,135.7,train,artifacts/melspecs/73/383573.npy,128,1292
track_0383574,74/383574.mp3,97.3,train,artifacts/melspecs/74/383574.npy,128,1292
track_0383578,78/383578.mp3,60.1,train,artifacts/melspecs/78/383578.npy,128,1292
track_0383582,82/383582.mp3,245.9,train,artifacts/melspecs/82/383582.npy,128,1292
track_0383585,85/383585.mp3,136.1,train,artifacts/melspecs/85/383585.npy,128,1292
track_0383586,86/383586.mp3,60.1,train,artifacts/melspecs/86/383586.npy,128,1292
track_0383587,87/383587.mp3,58.7,train,artifacts/melspecs/87/383587.npy,128,1292
track_0383589,89/383589.mp3,56.3,train,artifacts/melspecs/89/383589.npy,128,1292
track_0383720,20/383720.mp3,92.8,train,artifacts/melspecs/20/383720.npy,128,1292
track_0383980,80/383980.mp3,169.2,train,artifacts/melspecs/80/383980.npy,128,1292
track_0383981,81/383981.mp3,179.6,train,artifacts/melspecs/81/383981.npy,128,1292
track_0383990,90/383990.mp3,163.9,train,artifacts/melspecs/90/383990.npy,128,1292
track_0383991,91/383991.mp3,206.8,train,artifacts/melspecs/91/383991.npy,128,1292
track_0383992,92/383992.mp3,160.7,train,artifacts/melspecs/92/383992.npy,128,1292
track_0383994,94/383994.mp3,162.6,train,artifacts/melspecs/94/383994.npy,128,1292
track_0383995,95/383995.mp3,172.9,train,artifacts/melspecs/95/383995.npy,128,1292
track_0383997,97/383997.mp3,168.8,train,artifacts/melspecs/97/383997.npy,128,1292
track_0383998,98/383998.mp3,186.5,train,artifacts/melspecs/98/383998.npy,128,1292
track_0385547,47/385547.mp3,160.0,train,artifacts/melspecs/47/385547.npy,128,1292
track_0385558,58/385558.mp3,168.7,train,artifacts/melspecs/58/385558.npy,128,1292
track_0390000,00/390000.mp3,159.5,train,artifacts/melspecs/00/390000.npy,128,1292
track_0390003,03/390003.mp3,136.9,train,artifacts/melspecs/03/390003.npy,128,1292
track_0393387,87/393387.mp3,213.1,train,artifacts/melspecs/87/393387.npy,128,1292
track_0393390,90/393390.mp3,195.8,train,artifacts/melspecs/90/393390.npy,128,1292
track_0396937,37/396937.mp3,179.8,train,artifacts/melspecs/37/396937.npy,128,1292
track_0396938,38/396938.mp3,202.4,train,artifacts/melspecs/38/396938.npy,128,1292
track_0396940,40/396940.mp3,172.5,train,artifacts/melspecs/40/396940.npy,128,1292
track_0398172,72/398172.mp3,210.6,train,artifacts/melspecs/72/398172.npy,128,1292
track_0398173,73/398173.mp3,331.3,train,artifacts/melspecs/73/398173.npy,128,1292
track_0398174,74/398174.mp3,276.8,train,artifacts/melspecs/74/398174.npy,128,1292
track_0398175,75/398175.mp3,282.1,train,artifacts/melspecs/75/398175.npy,128,1292
track_0398176,76/398176.mp3,188.2,train,artifacts/melspecs/76/398176.npy,128,1292
track_0398177,77/398177.mp3,265.3,train,artifacts/melspecs/77/398177.npy,128,1292
track_0398178,78/398178.mp3,277.9,train,artifacts/melspecs/78/398178.npy,128,1292
track_0398179,79/398179.mp3,351.8,train,artifacts/melspecs/79/398179.npy,128,1292
track_0398180,80/398180.mp3,180.3,train,artifacts/melspecs/80/398180.npy,128,1292
track_0415827,27/415827.mp3,933.4,train,artifacts/melspecs/27/415827.npy,128,1292
track_0415828,28/415828.mp3,1304.7,train,artifacts/melspecs/28/415828.npy,128,1292
track_0415829,29/415829.mp3,666.4,train,artifacts/melspecs/29/415829.npy,128,1292
track_0417098,98/417098.mp3,290.8,train,artifacts/melspecs/98/417098.npy,128,1292
track_0418027,27/418027.mp3,321.4,train,artifacts/melspecs/27/418027.npy,128,1292
track_0425996,96/425996.mp3,405.4,train,artifacts/melspecs/96/425996.npy,128,1292
track_0426330,30/426330.mp3,417.6,train,artifacts/melspecs/30/426330.npy,128,1292
track_0435883,83/435883.mp3,189.6,train,artifacts/melspecs/83/435883.npy,128,1292
track_0442602,02/442602.mp3,304.0,train,artifacts/melspecs/02/442602.npy,128,1292
track_0457224,24/457224.mp3,180.1,train,artifacts/melspecs/24/457224.npy,128,1292
track_0457234,34/457234.mp3,141.7,train,artifacts/melspecs/34/457234.npy,128,1292
track_0457235,35/457235.mp3,209.4,train,artifacts/melspecs/35/457235.npy,128,1292
track_0457236,36/457236.mp3,223.0,train,artifacts/melspecs/36/457236.npy,128,1292
track_0457238,38/457238.mp3,250.3,train,artifacts/melspecs/38/457238.npy,128,1292
track_0457239,39/457239.mp3,160.9,train,artifacts/melspecs/39/457239.npy,128,1292
track_0457515,15/457515.mp3,333.2,train,artifacts/melspecs/15/457515.npy,128,1292
track_0457516,16/457516.mp3,316.1,train,artifacts/melspecs/16/457516.npy,128,1292
track_0457517,17/457517.mp3,328.9,train,artifacts/melspecs/17/457517.npy,128,1292
track_0457519,19/457519.mp3,271.4,train,artifacts/melspecs/19/457519.npy,128,1292
track_0457522,22/457522.mp3,315.8,train,artifacts/melspecs/22/457522.npy,128,1292
track_0459439,39/459439.mp3,650.8,train,artifacts/melspecs/39/459439.npy,128,1292
track_0467927,27/467927.mp3,275.2,train,artifacts/melspecs/27/467927.npy,128,1292
track_0467928,28/467928.mp3,365.2,train,artifacts/melspecs/28/467928.npy,128,1292
track_0467930,30/467930.mp3,275.2,train,artifacts/melspecs/30/467930.npy,128,1292
track_0467933,33/467933.mp3,303.2,train,artifacts/melspecs/33/467933.npy,128,1292
track_0467947,47/467947.mp3,151.7,train,artifacts/melspecs/47/467947.npy,128,1292
track_0467951,51/467951.mp3,347.7,train,artifacts/melspecs/51/467951.npy,128,1292
track_0467954,54/467954.mp3,317.3,train,artifacts/melspecs/54/467954.npy,128,1292
track_0477305,05/477305.mp3,223.7,train,artifacts/melspecs/05/477305.npy,128,1292
track_0477311,11/477311.mp3,130.2,train,artifacts/melspecs/11/477311.npy,128,1292
track_0477313,13/477313.mp3,186.3,train,artifacts/melspecs/13/477313.npy,128,1292
track_0477314,14/477314.mp3,92.0,train,artifacts/melspecs/14/477314.npy,128,1292
track_0494283,83/494283.mp3,193.0,train,artifacts/melspecs/83/494283.npy,128,1292
track_0494291,91/494291.mp3,296.0,train,artifacts/melspecs/91/494291.npy,128,1292
track_0496520,20/496520.mp3,188.6,train,artifacts/melspecs/20/496520.npy,128,1292
track_0496523,23/496523.mp3,223.8,train,artifacts/melspecs/23/496523.npy,128,1292
track_0502326,26/502326.mp3,656.0,train,artifacts/melspecs/26/502326.npy,128,1292
track_0502327,27/502327.mp3,656.0,train,artifacts/melspecs/27/502327.npy,128,1292
track_0502328,28/502328.mp3,130.6,train,artifacts/melspecs/28/502328.npy,128,1292
track_0502592,92/502592.mp3,284.3,train,artifacts/melspecs/92/502592.npy,128,1292
track_0513475,75/513475.mp3,386.9,train,artifacts/melspecs/75/513475.npy,128,1292
track_0513476,76/513476.mp3,285.0,train,artifacts/melspecs/76/513476.npy,128,1292
track_0513479,79/513479.mp3,366.6,train,artifacts/melspecs/79/513479.npy,128,1292
track_0516736,36/516736.mp3,369.5,train,artifacts/melspecs/36/516736.npy,128,1292
track_0520984,84/520984.mp3,189.8,train,artifacts/melspecs/84/520984.npy,128,1292
track_0520993,93/520993.mp3,278.6,train,artifacts/melspecs/93/520993.npy,128,1292
track_0520998,98/520998.mp3,312.9,train,artifacts/melspecs/98/520998.npy,128,1292
track_0521029,29/521029.mp3,31.0,train,artifacts/melspecs/29/521029.npy,128,1292
track_0521030,30/521030.mp3,203.8,train,artifacts/melspecs/30/521030.npy,128,1292
track_0549220,20/549220.mp3,273.8,train,artifacts/melspecs/20/549220.npy,128,1292
track_0549221,21/549221.mp3,357.3,train,artifacts/melspecs/21/549221.npy,128,1292
track_0549228,28/549228.mp3,226.9,train,artifacts/melspecs/28/549228.npy,128,1292
track_0549522,22/549522.mp3,257.7,train,artifacts/melspecs/22/549522.npy,128,1292
track_0549523,23/549523.mp3,243.7,train,artifacts/melspecs/23/549523.npy,128,1292
track_0549524,24/549524.mp3,292.8,train,artifacts/melspecs/24/549524.npy,128,1292
track_0549525,25/549525.mp3,321.5,train,artifacts/melspecs/25/549525.npy,128,1292
track_0575219,19/575219.mp3,238.7,train,artifacts/melspecs/19/575219.npy,128,1292
track_0575226,26/575226.mp3,107.5,train,artifacts/melspecs/26/575226.npy,128,1292
track_0575874,74/575874.mp3,103.4,train,artifacts/melspecs/74/575874.npy,128,1292
track_0577975,75/577975.mp3,131.4,train,artifacts/melspecs/75/577975.npy,128,1292
track_0579303,03/579303.mp3,220.0,train,artifacts/melspecs/03/579303.npy,128,1292
track_0579304,04/579304.mp3,162.8,train,artifacts/melspecs/04/579304.npy,128,1292
track_0579315,15/579315.mp3,200.7,train,artifacts/melspecs/15/579315.npy,128,1292
track_0587000,00/587000.mp3,203.3,train,artifacts/melspecs/00/587000.npy,128,1292
track_0588700,00/588700.mp3,228.6,train,artifacts/melspecs/00/588700.npy,128,1292
track_0588701,01/588701.mp3,228.6,train,artifacts/melspecs/01/588701.npy,128,1292
track_0588704,04/588704.mp3,174.2,train,artifacts/melspecs/04/588704.npy,128,1292
track_0588705,05/588705.mp3,188.6,train,artifacts/melspecs/05/588705.npy,128,1292
track_0588706,06/588706.mp3,313.4,train,artifacts/melspecs/06/588706.npy,128,1292
track_0588707,07/588707.mp3,208.5,train,artifacts/melspecs/07/588707.npy,128,1292
track_0588708,08/588708.mp3,187.1,train,artifacts/melspecs/08/588708.npy,128,1292
track_0589412,12/589412.mp3,107.4,train,artifacts/melspecs/12/589412.npy,128,1292
track_0590270,70/590270.mp3,191.0,train,artifacts/melspecs/70/590270.npy,128,1292
track_0590279,79/590279.mp3,415.4,train,artifacts/melspecs/79/590279.npy,128,1292
track_0594466,66/594466.mp3,182.1,train,artifacts/melspecs/66/594466.npy,128,1292
track_0605518,18/605518.mp3,390.0,train,artifacts/melspecs/18/605518.npy,128,1292
track_0608912,12/608912.mp3,207.6,train,artifacts/melspecs/12/608912.npy,128,1292
track_0608913,13/608913.mp3,141.3,train,artifacts/melspecs/13/608913.npy,128,1292
track_0608917,17/608917.mp3,192.9,train,artifacts/melspecs/17/608917.npy,128,1292
track_0608958,58/608958.mp3,138.1,train,artifacts/melspecs/58/608958.npy,128,1292
track_0620608,08/620608.mp3,236.3,train,artifacts/melspecs/08/620608.npy,128,1292
track_0620609,09/620609.mp3,308.6,train,artifacts/melspecs/09/620609.npy,128,1292
track_0620612,12/620612.mp3,350.9,train,artifacts/melspecs/12/620612.npy,128,1292
track_0620614,14/620614.mp3,267.3,train,artifacts/melspecs/14/620614.npy,128,1292
track_0620615,15/620615.mp3,188.4,train,artifacts/melspecs/15/620615.npy,128,1292
track_0620617,17/620617.mp3,165.4,train,artifacts/melspecs/17/620617.npy,128,1292
track_0620912,12/620912.mp3,325.3,train,artifacts/melspecs/12/620912.npy,128,1292
track_0620941,41/620941.mp3,284.8,train,artifacts/melspecs/41/620941.npy,128,1292
track_0620946,46/620946.mp3,234.7,train,artifacts/melspecs/46/620946.npy,128,1292
track_0620998,98/620998.mp3,304.8,train,artifacts/melspecs/98/620998.npy,128,1292
track_0621371,71/621371.mp3,202.8,train,artifacts/melspecs/71/621371.npy,128,1292
track_0622087,87/622087.mp3,219.1,train,artifacts/melspecs/87/622087.npy,128,1292
track_0622092,92/622092.mp3,174.1,train,artifacts/melspecs/92/622092.npy,128,1292
track_0625208,08/625208.mp3,292.8,train,artifacts/melspecs/08/625208.npy,128,1292
track_0625209,09/625209.mp3,366.7,train,artifacts/melspecs/09/625209.npy,128,1292
track_0625210,10/625210.mp3,316.2,train,artifacts/melspecs/10/625210.npy,128,1292
track_0625211,11/625211.mp3,260.1,train,artifacts/melspecs/11/625211.npy,128,1292
track_0625212,12/625212.mp3,193.6,train,artifacts/melspecs/12/625212.npy,128,1292
track_0627762,62/627762.mp3,211.9,train,artifacts/melspecs/62/627762.npy,128,1292
track_0628408,08/628408.mp3,313.1,train,artifacts/melspecs/08/628408.npy,128,1292
track_0628410,10/628410.mp3,274.2,train,artifacts/melspecs/10/628410.npy,128,1292
track_0636309,09/636309.mp3,111.6,train,artifacts/melspecs/09/636309.npy,128,1292
track_0636310,10/636310.mp3,168.5,train,artifacts/melspecs/10/636310.npy,128,1292
track_0636311,11/636311.mp3,286.0,train,artifacts/melspecs/11/636311.npy,128,1292
track_0636312,12/636312.mp3,48.6,train,artifacts/melspecs/12/636312.npy,128,1292
track_0636313,13/636313.mp3,76.0,train,artifacts/melspecs/13/636313.npy,128,1292
track_0636314,14/636314.mp3,158.2,train,artifacts/melspecs/14/636314.npy,128,1292
track_0636315,15/636315.mp3,94.9,train,artifacts/melspecs/15/636315.npy,128,1292
track_0636316,16/636316.mp3,168.7,train,artifacts/melspecs/16/636316.npy,128,1292
track_0636317,17/636317.mp3,100.4,train,artifacts/melspecs/17/636317.npy,128,1292
track_0636318,18/636318.mp3,80.7,train,artifacts/melspecs/18/636318.npy,128,1292
track_0640123,23/640123.mp3,303.6,train,artifacts/melspecs/23/640123.npy,128,1292
track_0644444,44/644444.mp3,303.7,train,artifacts/melspecs/44/644444.npy,128,1292
track_0644445,45/644445.mp3,126.7,train,artifacts/melspecs/45/644445.npy,128,1292
track_0652168,68/652168.mp3,192.5,train,artifacts/melspecs/68/652168.npy,128,1292
track_0658528,28/658528.mp3,431.7,train,artifacts/melspecs/28/658528.npy,128,1292
track_0666759,59/666759.mp3,255.0,train,artifacts/melspecs/59/666759.npy,128,1292
track_0667866,66/667866.mp3,180.7,train,artifacts/melspecs/66/667866.npy,128,1292
track_0668360,60/668360.mp3,391.3,train,artifacts/melspecs/60/668360.npy,128,1292
track_0668362,62/668362.mp3,300.8,train,artifacts/melspecs/62/668362.npy,128,1292
track_0668363,63/668363.mp3,304.5,train,artifacts/melspecs/63/668363.npy,128,1292
track_0668364,64/668364.mp3,231.9,train,artifacts/melspecs/64/668364.npy,128,1292
track_0668366,66/668366.mp3,391.0,train,artifacts/melspecs/66/668366.npy,128,1292
track_0674289,89/674289.mp3,106.0,train,artifacts/melspecs/89/674289.npy,128,1292
track_0674309,09/674309.mp3,68.0,train,artifacts/melspecs/09/674309.npy,128,1292
track_0674310,10/674310.mp3,59.7,train,artifacts/melspecs/10/674310.npy,128,1292
track_0678355,55/678355.mp3,185.1,train,artifacts/melspecs/55/678355.npy,128,1292
track_0680369,69/680369.mp3,227.1,train,artifacts/melspecs/69/680369.npy,128,1292
track_0680376,76/680376.mp3,292.0,train,artifacts/melspecs/76/680376.npy,128,1292
track_0683570,70/683570.mp3,532.8,train,artifacts/melspecs/70/683570.npy,128,1292
track_0683572,72/683572.mp3,470.8,train,artifacts/melspecs/72/683572.npy,128,1292
track_0683578,78/683578.mp3,208.3,train,artifacts/melspecs/78/683578.npy,128,1292
track_0683797,97/683797.mp3,202.2,train,artifacts/melspecs/97/683797.npy,128,1292
track_0683807,07/683807.mp3,206.1,train,artifacts/melspecs/07/683807.npy,128,1292
track_0684246,46/684246.mp3,638.4,train,artifacts/melspecs/46/684246.npy,128,1292
track_0690129,29/690129.mp3,186.5,train,artifacts/melspecs/29/690129.npy,128,1292
track_0702500,00/702500.mp3,115.5,train,artifacts/melspecs/00/702500.npy,128,1292
track_0702501,01/702501.mp3,126.1,train,artifacts/melspecs/01/702501.npy,128,1292
track_0702502,02/702502.mp3,105.0,train,artifacts/melspecs/02/702502.npy,128,1292
track_0702504,04/702504.mp3,35.2,train,artifacts/melspecs/04/702504.npy,128,1292
track_0709422,22/709422.mp3,90.0,train,artifacts/melspecs/22/709422.npy,128,1292
track_0709627,27/709627.mp3,182.9,train,artifacts/melspecs/27/709627.npy,128,1292
track_0709628,28/709628.mp3,173.9,train,artifacts/melspecs/28/709628.npy,128,1292
track_0709629,29/709629.mp3,96.1,train,artifacts/melspecs/29/709629.npy,128,1292
track_0710692,92/710692.mp3,188.6,train,artifacts/melspecs/92/710692.npy,128,1292
track_0710693,93/710693.mp3,204.0,train,artifacts/melspecs/93/710693.npy,128,1292
track_0710694,94/710694.mp3,183.0,train,artifacts/melspecs/94/710694.npy,128,1292
track_0710695,95/710695.mp3,72.0,train,artifacts/melspecs/95/710695.npy,128,1292
track_0710696,96/710696.mp3,204.0,train,artifacts/melspecs/96/710696.npy,128,1292
track_0710697,97/710697.mp3,240.0,train,artifacts/melspecs/97/710697.npy,128,1292
track_0718564,64/718564.mp3,239.1,train,artifacts/melspecs/64/718564.npy,128,1292
track_0728916,16/728916.mp3,197.6,train,artifacts/melspecs/16/728916.npy,128,1292
track_0728918,18/728918.mp3,176.9,train,artifacts/melspecs/18/728918.npy,128,1292
track_0728920,20/728920.mp3,137.5,train,artifacts/melspecs/20/728920.npy,128,1292
track_0728929,29/728929.mp3,215.2,train,artifacts/melspecs/29/728929.npy,128,1292
track_0728934,34/728934.mp3,199.2,train,artifacts/melspecs/34/728934.npy,128,1292
track_0729298,98/729298.mp3,211.4,train,artifacts/melspecs/98/729298.npy,128,1292
track_0729299,99/729299.mp3,184.8,train,artifacts/melspecs/99/729299.npy,128,1292
track_0729300,00/729300.mp3,323.9,train,artifacts/melspecs/00/729300.npy,128,1292
track_0729301,01/729301.mp3,204.7,train,artifacts/melspecs/01/729301.npy,128,1292
track_0729302,02/729302.mp3,233.7,train,artifacts/melspecs/02/729302.npy,128,1292
track_0729303,03/729303.mp3,316.2,train,artifacts/melspecs/03/729303.npy,128,1292
track_0729304,04/729304.mp3,399.8,train,artifacts/melspecs/04/729304.npy,128,1292
track_0729305,05/729305.mp3,279.9,train,artifacts/melspecs/05/729305.npy,128,1292
track_0729306,06/729306.mp3,282.0,train,artifacts/melspecs/06/729306.npy,128,1292
track_0729307,07/729307.mp3,269.8,train,artifacts/melspecs/07/729307.npy,128,1292
track_0729308,08/729308.mp3,208.7,train,artifacts/melspecs/08/729308.npy,128,1292
track_0729309,09/729309.mp3,329.3,train,artifacts/melspecs/09/729309.npy,128,1292
track_0736785,85/736785.mp3,282.4,train,artifacts/melspecs/85/736785.npy,128,1292
track_0736786,86/736786.mp3,232.8,train,artifacts/melspecs/86/736786.npy,128,1292
track_0736787,87/736787.mp3,264.6,train,artifacts/melspecs/87/736787.npy,128,1292
track_0736790,90/736790.mp3,123.5,train,artifacts/melspecs/90/736790.npy,128,1292
track_0736792,92/736792.mp3,47.4,train,artifacts/melspecs/92/736792.npy,128,1292
track_0736793,93/736793.mp3,105.3,train,artifacts/melspecs/93/736793.npy,128,1292
track_0742058,58/742058.mp3,213.4,train,artifacts/melspecs/58/742058.npy,128,1292
track_0743569,69/743569.mp3,445.8,train,artifacts/melspecs/69/743569.npy,128,1292
track_0743571,71/743571.mp3,274.2,train,artifacts/melspecs/71/743571.npy,128,1292
track_0750678,78/750678.mp3,160.3,train,artifacts/melspecs/78/750678.npy,128,1292
track_0750679,79/750679.mp3,86.7,train,artifacts/melspecs/79/750679.npy,128,1292
track_0750680,80/750680.mp3,202.7,train,artifacts/melspecs/80/750680.npy,128,1292
track_0750681,81/750681.mp3,175.0,train,artifacts/melspecs/81/750681.npy,128,1292
track_0750682,82/750682.mp3,120.8,train,artifacts/melspecs/82/750682.npy,128,1292
track_0750820,20/750820.mp3,210.1,train,artifacts/melspecs/20/750820.npy,128,1292
track_0750831,31/750831.mp3,225.0,train,artifacts/melspecs/31/750831.npy,128,1292
track_0751963,63/751963.mp3,55.5,train,artifacts/melspecs/63/751963.npy,128,1292
track_0751964,64/751964.mp3,208.3,train,artifacts/melspecs/64/751964.npy,128,1292
track_0751965,65/751965.mp3,199.2,train,artifacts/melspecs/65/751965.npy,128,1292
track_0751966,66/751966.mp3,153.8,train,artifacts/melspecs/66/751966.npy,128,1292
track_0751967,67/751967.mp3,147.4,train,artifacts/melspecs/67/751967.npy,128,1292
track_0751968,68/751968.mp3,210.1,train,artifacts/melspecs/68/751968.npy,128,1292
track_0751969,69/751969.mp3,209.0,train,artifacts/melspecs/69/751969.npy,128,1292
track_0751970,70/751970.mp3,55.3,train,artifacts/melspecs/70/751970.npy,128,1292
track_0751971,71/751971.mp3,156.7,train,artifacts/melspecs/71/751971.npy,128,1292
track_0751972,72/751972.mp3,193.0,train,artifacts/melspecs/72/751972.npy,128,1292
track_0756227,27/756227.mp3,389.9,train,artifacts/melspecs/27/756227.npy,128,1292
track_0756230,30/756230.mp3,237.8,train,artifacts/melspecs/30/756230.npy,128,1292
track_0756232,32/756232.mp3,326.0,train,artifacts/melspecs/32/756232.npy,128,1292
track_0759716,16/759716.mp3,211.1,train,artifacts/melspecs/16/759716.npy,128,1292
track_0759717,17/759717.mp3,113.1,train,artifacts/melspecs/17/759717.npy,128,1292
track_0759718,18/759718.mp3,191.2,train,artifacts/melspecs/18/759718.npy,128,1292
track_0759727,27/759727.mp3,131.1,train,artifacts/melspecs/27/759727.npy,128,1292
track_0759749,49/759749.mp3,128.0,train,artifacts/melspecs/49/759749.npy,128,1292
track_0759750,50/759750.mp3,264.9,train,artifacts/melspecs/50/759750.npy,128,1292
track_0759780,80/759780.mp3,245.2,train,artifacts/melspecs/80/759780.npy,128,1292
track_0759799,99/759799.mp3,151.6,train,artifacts/melspecs/99/759799.npy,128,1292
track_0760009,09/760009.mp3,112.4,train,artifacts/melspecs/09/760009.npy,128,1292
track_0779224,24/779224.mp3,156.0,train,artifacts/melspecs/24/779224.npy,128,1292
track_0782494,94/782494.mp3,451.5,train,artifacts/melspecs/94/782494.npy,128,1292
track_0783227,27/783227.mp3,102.5,train,artifacts/melspecs/27/783227.npy,128,1292
track_0783229,29/783229.mp3,182.8,train,artifacts/melspecs/29/783229.npy,128,1292
track_0783232,32/783232.mp3,152.5,train,artifacts/melspecs/32/783232.npy,128,1292
track_0783235,35/783235.mp3,120.2,train,artifacts/melspecs/35/783235.npy,128,1292
track_0783250,50/783250.mp3,159.0,train,artifacts/melspecs/50/783250.npy,128,1292
track_0783258,58/783258.mp3,164.9,train,artifacts/melspecs/58/783258.npy,128,1292
track_0783509,09/783509.mp3,128.2,train,artifacts/melspecs/09/783509.npy,128,1292
track_0801407,07/801407.mp3,372.8,train,artifacts/melspecs/07/801407.npy,128,1292
track_0807111,11/807111.mp3,345.2,train,artifacts/melspecs/11/807111.npy,128,1292
track_0807587,87/807587.mp3,276.0,train,artifacts/melspecs/87/807587.npy,128,1292
track_0811235,35/811235.mp3,98.0,train,artifacts/melspecs/35/811235.npy,128,1292
track_0811236,36/811236.mp3,157.0,train,artifacts/melspecs/36/811236.npy,128,1292
track_0811237,37/811237.mp3,179.2,train,artifacts/melspecs/37/811237.npy,128,1292
track_0811238,38/811238.mp3,62.0,train,artifacts/melspecs/38/811238.npy,128,1292
track_0811239,39/811239.mp3,221.1,train,artifacts/melspecs/39/811239.npy,128,1292
track_0811240,40/811240.mp3,110.0,train,artifacts/melspecs/40/811240.npy,128,1292
track_0811241,41/811241.mp3,118.0,train,artifacts/melspecs/41/811241.npy,128,1292
track_0811242,42/811242.mp3,150.0,train,artifacts/melspecs/42/811242.npy,128,1292
track_0811243,43/811243.mp3,64.2,train,artifacts/melspecs/43/811243.npy,128,1292
track_0811244,44/811244.mp3,154.0,train,artifacts/melspecs/44/811244.npy,128,1292
track_0811245,45/811245.mp3,188.0,train,artifacts/melspecs/45/811245.npy,128,1292
track_0811246,46/811246.mp3,152.0,train,artifacts/melspecs/46/811246.npy,128,1292
track_0811247,47/811247.mp3,218.6,train,artifacts/melspecs/47/811247.npy,128,1292
track_0812116,16/812116.mp3,189.8,train,artifacts/melspecs/16/812116.npy,128,1292
track_0812117,17/812117.mp3,272.6,train,artifacts/melspecs/17/812117.npy,128,1292
track_0812119,19/812119.mp3,79.6,train,artifacts/melspecs/19/812119.npy,128,1292
track_0816747,47/816747.mp3,148.1,train,artifacts/melspecs/47/816747.npy,128,1292
track_0816750,50/816750.mp3,188.8,train,artifacts/melspecs/50/816750.npy,128,1292
track_0816751,51/816751.mp3,258.9,train,artifacts/melspecs/51/816751.npy,128,1292
track_0816752,52/816752.mp3,419.0,train,artifacts/melspecs/52/816752.npy,128,1292
track_0816753,53/816753.mp3,111.0,train,artifacts/melspecs/53/816753.npy,128,1292
track_0825253,53/825253.mp3,162.8,train,artifacts/melspecs/53/825253.npy,128,1292
track_0830860,60/830860.mp3,35.3,train,artifacts/melspecs/60/830860.npy,128,1292
track_0830866,66/830866.mp3,144.3,train,artifacts/melspecs/66/830866.npy,128,1292
track_0830869,69/830869.mp3,35.3,train,artifacts/melspecs/69/830869.npy,128,1292
track_0830870,70/830870.mp3,220.2,train,artifacts/melspecs/70/830870.npy,128,1292
track_0830874,74/830874.mp3,212.0,train,artifacts/melspecs/74/830874.npy,128,1292
track_0830893,93/830893.mp3,203.6,train,artifacts/melspecs/93/830893.npy,128,1292
track_0832061,61/832061.mp3,180.2,train,artifacts/melspecs/61/832061.npy,128,1292
track_0840570,70/840570.mp3,301.2,train,artifacts/melspecs/70/840570.npy,128,1292
track_0840580,80/840580.mp3,88.4,train,artifacts/melspecs/80/840580.npy,128,1292
track_0840599,99/840599.mp3,137.0,train,artifacts/melspecs/99/840599.npy,128,1292
track_0840600,00/840600.mp3,184.1,train,artifacts/melspecs/00/840600.npy,128,1292
track_0840643,43/840643.mp3,230.9,train,artifacts/melspecs/43/840643.npy,128,1292
track_0844971,71/844971.mp3,227.8,train,artifacts/melspecs/71/844971.npy,128,1292
track_0847200,00/847200.mp3,65.4,train,artifacts/melspecs/00/847200.npy,128,1292
track_0847261,61/847261.mp3,165.9,train,artifacts/melspecs/61/847261.npy,128,1292
track_0847262,62/847262.mp3,291.6,train,artifacts/melspecs/62/847262.npy,128,1292
track_0847264,64/847264.mp3,124.0,train,artifacts/melspecs/64/847264.npy,128,1292
track_0847266,66/847266.mp3,141.3,train,artifacts/melspecs/66/847266.npy,128,1292
track_0850182,82/850182.mp3,336.7,train,artifacts/melspecs/82/850182.npy,128,1292
track_0850188,88/850188.mp3,199.5,train,artifacts/melspecs/88/850188.npy,128,1292
track_0850254,54/850254.mp3,192.0,train,artifacts/melspecs/54/850254.npy,128,1292
track_0856979,79/856979.mp3,285.0,train,artifacts/melspecs/79/856979.npy,128,1292
track_0856982,82/856982.mp3,420.0,train,artifacts/melspecs/82/856982.npy,128,1292
track_0856983,83/856983.mp3,315.0,train,artifacts/melspecs/83/856983.npy,128,1292
track_0856985,85/856985.mp3,360.0,train,artifacts/melspecs/85/856985.npy,128,1292
track_0856986,86/856986.mp3,340.0,train,artifacts/melspecs/86/856986.npy,128,1292
track_0858533,33/858533.mp3,317.7,train,artifacts/melspecs/33/858533.npy,128,1292
track_0858550,50/858550.mp3,193.8,train,artifacts/melspecs/50/858550.npy,128,1292
track_0862197,97/862197.mp3,136.5,train,artifacts/melspecs/97/862197.npy,128,1292
track_0862834,34/862834.mp3,367.5,train,artifacts/melspecs/34/862834.npy,128,1292
track_0865438,38/865438.mp3,65.3,train,artifacts/melspecs/38/865438.npy,128,1292
track_0866705,05/866705.mp3,194.5,train,artifacts/melspecs/05/866705.npy,128,1292
track_0866707,07/866707.mp3,137.6,train,artifacts/melspecs/07/866707.npy,128,1292
track_0866710,10/866710.mp3,143.1,train,artifacts/melspecs/10/866710.npy,128,1292
track_0868276,76/868276.mp3,273.4,train,artifacts/melspecs/76/868276.npy,128,1292
track_0868288,88/868288.mp3,225.0,train,artifacts/melspecs/88/868288.npy,128,1292
track_0868290,90/868290.mp3,253.0,train,artifacts/melspecs/90/868290.npy,128,1292
track_0868293,93/868293.mp3,238.2,train,artifacts/melspecs/93/868293.npy,128,1292
track_0871999,99/871999.mp3,261.1,train,artifacts/melspecs/99/871999.npy,128,1292
track_0872001,01/872001.mp3,307.4,train,artifacts/melspecs/01/872001.npy,128,1292
track_0872003,03/872003.mp3,294.3,train,artifacts/melspecs/03/872003.npy,128,1292
track_0872919,19/872919.mp3,405.4,train,artifacts/melspecs/19/872919.npy,128,1292
track_0872920,20/872920.mp3,258.2,train,artifacts/melspecs/20/872920.npy,128,1292
track_0872921,21/872921.mp3,381.8,train,artifacts/melspecs/21/872921.npy,128,1292
track_0872922,22/872922.mp3,220.7,train,artifacts/melspecs/22/872922.npy,128,1292
track_0873131,31/873131.mp3,181.9,train,artifacts/melspecs/31/873131.npy,128,1292
track_0873136,36/873136.mp3,211.3,train,artifacts/melspecs/36/873136.npy,128,1292
track_0873137,37/873137.mp3,184.6,train,artifacts/melspecs/37/873137.npy,128,1292
track_0873138,38/873138.mp3,297.8,train,artifacts/melspecs/38/873138.npy,128,1292
track_0873154,54/873154.mp3,249.4,train,artifacts/melspecs/54/873154.npy,128,1292
track_0873613,13/873613.mp3,192.6,train,artifacts/melspecs/13/873613.npy,128,1292
track_0873614,14/873614.mp3,281.7,train,artifacts/melspecs/14/873614.npy,128,1292
track_0873616,16/873616.mp3,300.5,train,artifacts/melspecs/16/873616.npy,128,1292
track_0874645,45/874645.mp3,123.3,train,artifacts/melspecs/45/874645.npy,128,1292
track_0874646,46/874646.mp3,774.7,train,artifacts/melspecs/46/874646.npy,128,1292
track_0874647,47/874647.mp3,114.9,train,artifacts/melspecs/47/874647.npy,128,1292
track_0874648,48/874648.mp3,422.8,train,artifacts/melspecs/48/874648.npy,128,1292
track_0874649,49/874649.mp3,264.4,train,artifacts/melspecs/49/874649.npy,128,1292
track_0874650,50/874650.mp3,166.1,train,artifacts/melspecs/50/874650.npy,128,1292
track_0874651,51/874651.mp3,125.8,train,artifacts/melspecs/51/874651.npy,128,1292
track_0874889,89/874889.mp3,256.9,train,artifacts/melspecs/89/874889.npy,128,1292
track_0875386,86/875386.mp3,146.8,train,artifacts/melspecs/86/875386.npy,128,1292
track_0875391,91/875391.mp3,289.3,train,artifacts/melspecs/91/875391.npy,128,1292
track_0880865,65/880865.mp3,368.7,train,artifacts/melspecs/65/880865.npy,128,1292
track_0881055,55/881055.mp3,277.2,train,artifacts/melspecs/55/881055.npy,128,1292
track_0884865,65/884865.mp3,167.0,train,artifacts/melspecs/65/884865.npy,128,1292
track_0884866,66/884866.mp3,120.0,train,artifacts/melspecs/66/884866.npy,128,1292
track_0884867,67/884867.mp3,371.7,train,artifacts/melspecs/67/884867.npy,128,1292
track_0884868,68/884868.mp3,239.0,train,artifacts/melspecs/68/884868.npy,128,1292
track_0887202,02/887202.mp3,193.0,train,artifacts/melspecs/02/887202.npy,128,1292
track_0887203,03/887203.mp3,338.9,train,artifacts/melspecs/03/887203.npy,128,1292
track_0887204,04/887204.mp3,211.3,train,artifacts/melspecs/04/887204.npy,128,1292
track_0887205,05/887205.mp3,99.7,train,artifacts/melspecs/05/887205.npy,128,1292
track_0887206,06/887206.mp3,198.9,train,artifacts/melspecs/06/887206.npy,128,1292
track_0887207,07/887207.mp3,198.9,train,artifacts/melspecs/07/887207.npy,128,1292
track_0887208,08/887208.mp3,202.9,train,artifacts/melspecs/08/887208.npy,128,1292
track_0887209,09/887209.mp3,325.1,train,artifacts/melspecs/09/887209.npy,128,1292
track_0887210,10/887210.mp3,241.0,train,artifacts/melspecs/10/887210.npy,128,1292
track_0887211,11/887211.mp3,197.4,train,artifacts/melspecs/11/887211.npy,128,1292
track_0889606,06/889606.mp3,305.3,train,artifacts/melspecs/06/889606.npy,128,1292
track_0889610,10/889610.mp3,446.1,train,artifacts/melspecs/10/889610.npy,128,1292
track_0890103,03/890103.mp3,151.0,train,artifacts/melspecs/03/890103.npy,128,1292
track_0891912,12/891912.mp3,264.0,train,artifacts/melspecs/12/891912.npy,128,1292
track_0891991,91/891991.mp3,227.0,train,artifacts/melspecs/91/891991.npy,128,1292
track_0891996,96/891996.mp3,313.2,train,artifacts/melspecs/96/891996.npy,128,1292
track_0891999,99/891999.mp3,309.4,train,artifacts/melspecs/99/891999.npy,128,1292
track_0892001,01/892001.mp3,261.4,train,artifacts/melspecs/01/892001.npy,128,1292
track_0896604,04/896604.mp3,247.7,train,artifacts/melspecs/04/896604.npy,128,1292
track_0896606,06/896606.mp3,238.4,train,artifacts/melspecs/06/896606.npy,128,1292
track_0896611,11/896611.mp3,247.4,train,artifacts/melspecs/11/896611.npy,128,1292
track_0897105,05/897105.mp3,425.0,train,artifacts/melspecs/05/897105.npy,128,1292
track_0897314,14/897314.mp3,96.6,train,artifacts/melspecs/14/897314.npy,128,1292
track_0897318,18/897318.mp3,247.5,train,artifacts/melspecs/18/897318.npy,128,1292
track_0897321,21/897321.mp3,163.5,train,artifacts/melspecs/21/897321.npy,128,1292
track_0900343,43/900343.mp3,375.1,train,artifacts/melspecs/43/900343.npy,128,1292
track_0900726,26/900726.mp3,330.0,train,artifacts/melspecs/26/900726.npy,128,1292
track_0900727,27/900727.mp3,192.0,train,artifacts/melspecs/27/900727.npy,128,1292
track_0900728,28/900728.mp3,70.4,train,artifacts/melspecs/28/900728.npy,128,1292
track_0900730,30/900730.mp3,192.1,train,artifacts/melspecs/30/900730.npy,128,1292
track_0900731,31/900731.mp3,340.1,train,artifacts/melspecs/31/900731.npy,128,1292
track_0900732,32/900732.mp3,248.1,train,artifacts/melspecs/32/900732.npy,128,1292
track_0900733,33/900733.mp3,461.4,train,artifacts/melspecs/33/900733.npy,128,1292
track_0900734,34/900734.mp3,404.7,train,artifacts/melspecs/34/900734.npy,128,1292
track_0900735,35/900735.mp3,176.4,train,artifacts/melspecs/35/900735.npy,128,1292
track_0900736,36/900736.mp3,344.9,train,artifacts/melspecs/36/900736.npy,128,1292
track_0902023,23/902023.mp3,243.0,train,artifacts/melspecs/23/902023.npy,128,1292
track_0902079,79/902079.mp3,178.3,train,artifacts/melspecs/79/902079.npy,128,1292
track_0902377,77/902377.mp3,217.9,train,artifacts/melspecs/77/902377.npy,128,1292
track_0903585,85/903585.mp3,34.9,train,artifacts/melspecs/85/903585.npy,128,1292
track_0903586,86/903586.mp3,42.2,train,artifacts/melspecs/86/903586.npy,128,1292
track_0903587,87/903587.mp3,175.0,train,artifacts/melspecs/87/903587.npy,128,1292
track_0903588,88/903588.mp3,97.3,train,artifacts/melspecs/88/903588.npy,128,1292
track_0903589,89/903589.mp3,90.7,train,artifacts/melspecs/89/903589.npy,128,1292
track_0903590,90/903590.mp3,183.7,train,artifacts/melspecs/90/903590.npy,128,1292
track_0903591,91/903591.mp3,159.0,train,artifacts/melspecs/91/903591.npy,128,1292
track_0903593,93/903593.mp3,288.0,train,artifacts/melspecs/93/903593.npy,128,1292
track_0903594,94/903594.mp3,171.4,train,artifacts/melspecs/94/903594.npy,128,1292
track_0903595,95/903595.mp3,142.2,train,artifacts/melspecs/95/903595.npy,128,1292
track_0903596,96/903596.mp3,120.0,train,artifacts/melspecs/96/903596.npy,128,1292
track_0903597,97/903597.mp3,160.4,train,artifacts/melspecs/97/903597.npy,128,1292
track_0903598,98/903598.mp3,96.3,train,artifacts/melspecs/98/903598.npy,128,1292
track_0903599,99/903599.mp3,123.6,train,artifacts/melspecs/99/903599.npy,128,1292
track_0903600,00/903600.mp3,155.6,train,artifacts/melspecs/00/903600.npy,128,1292
track_0903601,01/903601.mp3,157.9,train,artifacts/melspecs/01/903601.npy,128,1292
track_0903602,02/903602.mp3,131.7,train,artifacts/melspecs/02/903602.npy,128,1292
track_0903603,03/903603.mp3,235.4,train,artifacts/melspecs/03/903603.npy,128,1292
track_0903604,04/903604.mp3,141.7,train,artifacts/melspecs/04/903604.npy,128,1292
track_0903605,05/903605.mp3,134.5,train,artifacts/melspecs/05/903605.npy,128,1292
track_0905171,71/905171.mp3,154.5,train,artifacts/melspecs/71/905171.npy,128,1292
track_0905175,75/905175.mp3,225.1,train,artifacts/melspecs/75/905175.npy,128,1292
track_0905222,22/905222.mp3,406.9,train,artifacts/melspecs/22/905222.npy,128,1292
track_0905223,23/905223.mp3,220.7,train,artifacts/melspecs/23/905223.npy,128,1292
track_0907106,06/907106.mp3,360.0,train,artifacts/melspecs/06/907106.npy,128,1292
track_0907107,07/907107.mp3,355.2,train,artifacts/melspecs/07/907107.npy,128,1292
track_0907108,08/907108.mp3,188.9,train,artifacts/melspecs/08/907108.npy,128,1292
track_0912119,19/912119.mp3,305.0,train,artifacts/melspecs/19/912119.npy,128,1292
track_0912259,59/912259.mp3,117.4,train,artifacts/melspecs/59/912259.npy,128,1292
track_0912573,73/912573.mp3,100.9,train,artifacts/melspecs/73/912573.npy,128,1292
track_0912701,01/912701.mp3,293.3,train,artifacts/melspecs/01/912701.npy,128,1292
track_0912858,58/912858.mp3,244.4,train,artifacts/melspecs/58/912858.npy,128,1292
track_0913366,66/913366.mp3,292.0,train,artifacts/melspecs/66/913366.npy,128,1292
track_0914550,50/914550.mp3,227.9,train,artifacts/melspecs/50/914550.npy,128,1292
track_0915384,84/915384.mp3,306.9,train,artifacts/melspecs/84/915384.npy,128,1292
track_0916394,94/916394.mp3,134.0,train,artifacts/melspecs/94/916394.npy,128,1292
track_0934960,60/934960.mp3,226.0,train,artifacts/melspecs/60/934960.npy,128,1292
track_0938961,61/938961.mp3,300.0,train,artifacts/melspecs/61/938961.npy,128,1292
track_0941945,45/941945.mp3,166.9,train,artifacts/melspecs/45/941945.npy,128,1292
track_0943199,99/943199.mp3,260.5,train,artifacts/melspecs/99/943199.npy,128,1292
track_0944914,14/944914.mp3,82.8,train,artifacts/melspecs/14/944914.npy,128,1292
track_0944929,29/944929.mp3,145.8,train,artifacts/melspecs/29/944929.npy,128,1292
track_0945026,26/945026.mp3,93.6,train,artifacts/melspecs/26/945026.npy,128,1292
track_0945027,27/945027.mp3,48.8,train,artifacts/melspecs/27/945027.npy,128,1292
track_0945029,29/945029.mp3,96.5,train,artifacts/melspecs/29/945029.npy,128,1292
track_0945033,33/945033.mp3,179.4,train,artifacts/melspecs/33/945033.npy,128,1292
track_0947792,92/947792.mp3,193.5,train,artifacts/melspecs/92/947792.npy,128,1292
track_0947793,93/947793.mp3,135.8,train,artifacts/melspecs/93/947793.npy,128,1292
track_0947797,97/947797.mp3,133.0,train,artifacts/melspecs/97/947797.npy,128,1292
track_0949014,14/949014.mp3,108.0,train,artifacts/melspecs/14/949014.npy,128,1292
track_0949015,15/949015.mp3,281.6,train,artifacts/melspecs/15/949015.npy,128,1292
track_0949016,16/949016.mp3,199.1,train,artifacts/melspecs/16/949016.npy,128,1292
track_0949040,40/949040.mp3,318.5,train,artifacts/melspecs/40/949040.npy,128,1292
track_0950093,93/950093.mp3,248.7,train,artifacts/melspecs/93/950093.npy,128,1292
track_0950094,94/950094.mp3,372.0,train,artifacts/melspecs/94/950094.npy,128,1292
track_0950096,96/950096.mp3,323.5,train,artifacts/melspecs/96/950096.npy,128,1292
track_0950097,97/950097.mp3,283.7,train,artifacts/melspecs/97/950097.npy,128,1292
track_0950102,02/950102.mp3,256.4,train,artifacts/melspecs/02/950102.npy,128,1292
track_0950103,03/950103.mp3,278.0,train,artifacts/melspecs/03/950103.npy,128,1292
track_0950104,04/950104.mp3,308.9,train,artifacts/melspecs/04/950104.npy,128,1292
track_0950106,06/950106.mp3,321.0,train,artifacts/melspecs/06/950106.npy,128,1292
track_0950107,07/950107.mp3,261.9,train,artifacts/melspecs/07/950107.npy,128,1292
track_0950929,29/950929.mp3,151.0,train,artifacts/melspecs/29/950929.npy,128,1292
track_0950930,30/950930.mp3,215.9,train,artifacts/melspecs/30/950930.npy,128,1292
track_0950931,31/950931.mp3,146.3,train,artifacts/melspecs/31/950931.npy,128,1292
track_0950932,32/950932.mp3,188.7,train,artifacts/melspecs/32/950932.npy,128,1292
track_0950933,33/950933.mp3,380.1,train,artifacts/melspecs/33/950933.npy,128,1292
track_0952918,18/952918.mp3,270.4,train,artifacts/melspecs/18/952918.npy,128,1292
track_0953631,31/953631.mp3,50.0,train,artifacts/melspecs/31/953631.npy,128,1292
track_0953632,32/953632.mp3,75.5,train,artifacts/melspecs/32/953632.npy,128,1292
track_0953633,33/953633.mp3,129.7,train,artifacts/melspecs/33/953633.npy,128,1292
track_0953634,34/953634.mp3,128.8,train,artifacts/melspecs/34/953634.npy,128,1292
track_0953635,35/953635.mp3,134.0,train,artifacts/melspecs/35/953635.npy,128,1292
track_0953636,36/953636.mp3,60.0,train,artifacts/melspecs/36/953636.npy,128,1292
track_0953637,37/953637.mp3,114.7,train,artifacts/melspecs/37/953637.npy,128,1292
track_0953706,06/953706.mp3,1207.2,train,artifacts/melspecs/06/953706.npy,128,1292
track_0955654,54/955654.mp3,373.6,train,artifacts/melspecs/54/955654.npy,128,1292
track_0955656,56/955656.mp3,183.2,train,artifacts/melspecs/56/955656.npy,128,1292
track_0955799,99/955799.mp3,172.1,train,artifacts/melspecs/99/955799.npy,128,1292
track_0957413,13/957413.mp3,208.1,train,artifacts/melspecs/13/957413.npy,128,1292
track_0957754,54/957754.mp3,209.0,train,artifacts/melspecs/54/957754.npy,128,1292
track_0961605,05/961605.mp3,144.7,train,artifacts/melspecs/05/961605.npy,128,1292
track_0962055,55/962055.mp3,188.3,train,artifacts/melspecs/55/962055.npy,128,1292
track_0962064,64/962064.mp3,224.3,train,artifacts/melspecs/64/962064.npy,128,1292
track_0964535,35/964535.mp3,195.6,train,artifacts/melspecs/35/964535.npy,128,1292
track_0964536,36/964536.mp3,263.1,train,artifacts/melspecs/36/964536.npy,128,1292
track_0964537,37/964537.mp3,172.3,train,artifacts/melspecs/37/964537.npy,128,1292
track_0964538,38/964538.mp3,179.6,train,artifacts/melspecs/38/964538.npy,128,1292
track_0964541,41/964541.mp3,195.8,train,artifacts/melspecs/41/964541.npy,128,1292
track_0964542,42/964542.mp3,225.3,train,artifacts/melspecs/42/964542.npy,128,1292
track_0965976,76/965976.mp3,277.2,train,artifacts/melspecs/76/965976.npy,128,1292
track_0967566,66/967566.mp3,78.6,train,artifacts/melspecs/66/967566.npy,128,1292
track_0969343,43/969343.mp3,115.2,train,artifacts/melspecs/43/969343.npy,128,1292
track_0969345,45/969345.mp3,150.0,train,artifacts/melspecs/45/969345.npy,128,1292
track_0969346,46/969346.mp3,135.5,train,artifacts/melspecs/46/969346.npy,128,1292
track_0969347,47/969347.mp3,143.0,train,artifacts/melspecs/47/969347.npy,128,1292
track_0969348,48/969348.mp3,133.1,train,artifacts/melspecs/48/969348.npy,128,1292
track_0969349,49/969349.mp3,115.8,train,artifacts/melspecs/49/969349.npy,128,1292
track_0971653,53/971653.mp3,457.9,train,artifacts/melspecs/53/971653.npy,128,1292
track_0973239,39/973239.mp3,145.6,train,artifacts/melspecs/39/973239.npy,128,1292
track_0973243,43/973243.mp3,197.0,train,artifacts/melspecs/43/973243.npy,128,1292
track_0973244,44/973244.mp3,106.8,train,artifacts/melspecs/44/973244.npy,128,1292
track_0973248,48/973248.mp3,227.4,train,artifacts/melspecs/48/973248.npy,128,1292
track_0973251,51/973251.mp3,197.5,train,artifacts/melspecs/51/973251.npy,128,1292
track_0973252,52/973252.mp3,300.7,train,artifacts/melspecs/52/973252.npy,128,1292
track_0973253,53/973253.mp3,170.1,train,artifacts/melspecs/53/973253.npy,128,1292
track_0973254,54/973254.mp3,168.0,train,artifacts/melspecs/54/973254.npy,128,1292
track_0973255,55/973255.mp3,203.4,train,artifacts/melspecs/55/973255.npy,128,1292
track_0975761,61/975761.mp3,146.5,train,artifacts/melspecs/61/975761.npy,128,1292
track_0978028,28/978028.mp3,408.0,train,artifacts/melspecs/28/978028.npy,128,1292
track_0978030,30/978030.mp3,327.7,train,artifacts/melspecs/30/978030.npy,128,1292
track_0978031,31/978031.mp3,339.6,train,artifacts/melspecs/31/978031.npy,128,1292
track_0978032,32/978032.mp3,338.1,train,artifacts/melspecs/32/978032.npy,128,1292
track_0979204,04/979204.mp3,210.1,train,artifacts/melspecs/04/979204.npy,128,1292
track_0980566,66/980566.mp3,216.0,train,artifacts/melspecs/66/980566.npy,128,1292
track_0981909,09/981909.mp3,303.3,train,artifacts/melspecs/09/981909.npy,128,1292
track_0984674,74/984674.mp3,289.7,train,artifacts/melspecs/74/984674.npy,128,1292
track_0984751,51/984751.mp3,212.0,train,artifacts/melspecs/51/984751.npy,128,1292
track_0984755,55/984755.mp3,248.3,train,artifacts/melspecs/55/984755.npy,128,1292
track_0986495,95/986495.mp3,304.3,train,artifacts/melspecs/95/986495.npy,128,1292
track_0986994,94/986994.mp3,94.0,train,artifacts/melspecs/94/986994.npy,128,1292
track_0989846,46/989846.mp3,116.4,train,artifacts/melspecs/46/989846.npy,128,1292
track_0989849,49/989849.mp3,48.6,train,artifacts/melspecs/49/989849.npy,128,1292
track_0989850,50/989850.mp3,43.2,train,artifacts/melspecs/50/989850.npy,128,1292
track_0989871,71/989871.mp3,191.3,train,artifacts/melspecs/71/989871.npy,128,1292
track_0989872,72/989872.mp3,206.2,train,artifacts/melspecs/72/989872.npy,128,1292
track_0989873,73/989873.mp3,203.9,train,artifacts/melspecs/73/989873.npy,128,1292
track_0989874,74/989874.mp3,210.1,train,artifacts/melspecs/74/989874.npy,128,1292
track_0989875,75/989875.mp3,167.9,train,artifacts/melspecs/75/989875.npy,128,1292
track_0989876,76/989876.mp3,170.8,train,artifacts/melspecs/76/989876.npy,128,1292
track_0989877,77/989877.mp3,187.1,train,artifacts/melspecs/77/989877.npy,128,1292
track_0989878,78/989878.mp3,311.3,train,artifacts/melspecs/78/989878.npy,128,1292
track_0989879,79/989879.mp3,184.0,train,artifacts/melspecs/79/989879.npy,128,1292
track_0989880,80/989880.mp3,279.1,train,artifacts/melspecs/80/989880.npy,128,1292
track_0989881,81/989881.mp3,243.7,train,artifacts/melspecs/81/989881.npy,128,1292
track_0992151,51/992151.mp3,312.3,train,artifacts/melspecs/51/992151.npy,128,1292
track_0993757,57/993757.mp3,30.6,train,artifacts/melspecs/57/993757.npy,128,1292
track_0993762,62/993762.mp3,60.0,train,artifacts/melspecs/62/993762.npy,128,1292
track_0993763,63/993763.mp3,82.5,train,artifacts/melspecs/63/993763.npy,128,1292
track_0995906,06/995906.mp3,215.4,train,artifacts/melspecs/06/995906.npy,128,1292
track_0995907,07/995907.mp3,345.4,train,artifacts/melspecs/07/995907.npy,128,1292
track_0995908,08/995908.mp3,345.1,train,artifacts/melspecs/08/995908.npy,128,1292
track_0995909,09/995909.mp3,401.3,train,artifacts/melspecs/09/995909.npy,128,1292
track_0995910,10/995910.mp3,281.0,train,artifacts/melspecs/10/995910.npy,128,1292
track_0995911,11/995911.mp3,406.2,train,artifacts/melspecs/11/995911.npy,128,1292
track_0995919,19/995919.mp3,209.9,train,artifacts/melspecs/19/995919.npy,128,1292
track_0997241,41/997241.mp3,229.6,train,artifacts/melspecs/41/997241.npy,128,1292
track_0997249,49/997249.mp3,296.7,train,artifacts/melspecs/49/997249.npy,128,1292
track_0997270,70/997270.mp3,96.3,train,artifacts/melspecs/70/997270.npy,128,1292
track_0997274,74/997274.mp3,60.2,train,artifacts/melspecs/74/997274.npy,128,1292
track_1000082,82/1000082.mp3,126.5,train,artifacts/melspecs/82/1000082.npy,128,1292
track_1000083,83/1000083.mp3,124.8,train,artifacts/melspecs/83/1000083.npy,128,1292
track_1000084,84/1000084.mp3,117.4,train,artifacts/melspecs/84/1000084.npy,128,1292
track_1000086,86/1000086.mp3,175.6,train,artifacts/melspecs/86/1000086.npy,128,1292
track_1000088,88/1000088.mp3,101.6,train,artifacts/melspecs/88/1000088.npy,128,1292
track_1000113,13/1000113.mp3,440.2,train,artifacts/melspecs/13/1000113.npy,128,1292
track_1001312,12/1001312.mp3,281.3,train,artifacts/melspecs/12/1001312.npy,128,1292
track_1003620,20/1003620.mp3,41.2,train,artifacts/melspecs/20/1003620.npy,128,1292
track_1003625,25/1003625.mp3,34.2,train,artifacts/melspecs/25/1003625.npy,128,1292
track_1003627,27/1003627.mp3,31.2,train,artifacts/melspecs/27/1003627.npy,128,1292
track_1003631,31/1003631.mp3,30.6,train,artifacts/melspecs/31/1003631.npy,128,1292
track_1003632,32/1003632.mp3,32.6,train,artifacts/melspecs/32/1003632.npy,128,1292
track_1004119,19/1004119.mp3,73.9,train,artifacts/melspecs/19/1004119.npy,128,1292
track_1004121,21/1004121.mp3,47.2,train,artifacts/melspecs/21/1004121.npy,128,1292
track_1004124,24/1004124.mp3,81.3,train,artifacts/melspecs/24/1004124.npy,128,1292
track_1004128,28/1004128.mp3,171.1,train,artifacts/melspecs/28/1004128.npy,128,1292
track_1004129,29/1004129.mp3,39.6,train,artifacts/melspecs/29/1004129.npy,128,1292
track_1007828,28/1007828.mp3,92.0,train,artifacts/melspecs/28/1007828.npy,128,1292
track_1007829,29/1007829.mp3,147.4,train,artifacts/melspecs/29/1007829.npy,128,1292
track_1007831,31/1007831.mp3,34.9,train,artifacts/melspecs/31/1007831.npy,128,1292
track_1007832,32/1007832.mp3,32.7,train,artifacts/melspecs/32/1007832.npy,128,1292
track_1007833,33/1007833.mp3,30.7,train,artifacts/melspecs/33/1007833.npy,128,1292
track_1007836,36/1007836.mp3,98.3,train,artifacts/melspecs/36/1007836.npy,128,1292
track_1007839,39/1007839.mp3,42.9,train,artifacts/melspecs/39/1007839.npy,128,1292
track_1007955,55/1007955.mp3,378.0,train,artifacts/melspecs/55/1007955.npy,128,1292
track_1007956,56/1007956.mp3,298.3,train,artifacts/melspecs/56/1007956.npy,128,1292
track_1009601,01/1009601.mp3,33.5,train,artifacts/melspecs/01/1009601.npy,128,1292
track_1009604,04/1009604.mp3,173.9,train,artifacts/melspecs/04/1009604.npy,128,1292
track_1010817,17/1010817.mp3,210.8,train,artifacts/melspecs/17/1010817.npy,128,1292
track_1011994,94/1011994.mp3,195.8,train,artifacts/melspecs/94/1011994.npy,128,1292
track_1011995,95/1011995.mp3,166.3,train,artifacts/melspecs/95/1011995.npy,128,1292
track_1011996,96/1011996.mp3,180.0,train,artifacts/melspecs/96/1011996.npy,128,1292
track_1011997,97/1011997.mp3,201.8,train,artifacts/melspecs/97/1011997.npy,128,1292
track_1011998,98/1011998.mp3,202.0,train,artifacts/melspecs/98/1011998.npy,128,1292
track_1011999,99/1011999.mp3,200.5,train,artifacts/melspecs/99/1011999.npy,128,1292
track_1012000,00/1012000.mp3,147.0,train,artifacts/melspecs/00/1012000.npy,128,1292
track_1012001,01/1012001.mp3,209.6,train,artifacts/melspecs/01/1012001.npy,128,1292
track_1012002,02/1012002.mp3,121.4,train,artifacts/melspecs/02/1012002.npy,128,1292
track_1012003,03/1012003.mp3,206.0,train,artifacts/melspecs/03/1012003.npy,128,1292
track_1012004,04/1012004.mp3,101.2,train,artifacts/melspecs/04/1012004.npy,128,1292
track_1012005,05/1012005.mp3,131.9,train,artifacts/melspecs/05/1012005.npy,128,1292
track_1012007,07/1012007.mp3,150.0,train,artifacts/melspecs/07/1012007.npy,128,1292
track_1014895,95/1014895.mp3,115.0,train,artifacts/melspecs/95/1014895.npy,128,1292
track_1014896,96/1014896.mp3,147.0,train,artifacts/melspecs/96/1014896.npy,128,1292
track_1014897,97/1014897.mp3,240.0,train,artifacts/melspecs/97/1014897.npy,128,1292
track_1014898,98/1014898.mp3,198.0,train,artifacts/melspecs/98/1014898.npy,128,1292
track_1016182,82/1016182.mp3,294.0,train,artifacts/melspecs/82/1016182.npy,128,1292
track_1016187,87/1016187.mp3,261.9,train,artifacts/melspecs/87/1016187.npy,128,1292
track_1017998,98/1017998.mp3,391.2,train,artifacts/melspecs/98/1017998.npy,128,1292
track_1021640,40/1021640.mp3,94.0,train,artifacts/melspecs/40/1021640.npy,128,1292
track_1021641,41/1021641.mp3,190.6,train,artifacts/melspecs/41/1021641.npy,128,1292
track_1021753,53/1021753.mp3,137.0,train,artifacts/melspecs/53/1021753.npy,128,1292
track_1021755,55/1021755.mp3,167.3,train,artifacts/melspecs/55/1021755.npy,128,1292
track_1022531,31/1022531.mp3,144.0,train,artifacts/melspecs/31/1022531.npy,128,1292
track_1026957,57/1026957.mp3,498.1,train,artifacts/melspecs/57/1026957.npy,128,1292
track_1026962,62/1026962.mp3,490.2,train,artifacts/melspecs/62/1026962.npy,128,1292
track_1027422,22/1027422.mp3,399.0,train,artifacts/melspecs/22/1027422.npy,128,1292
track_1027428,28/1027428.mp3,70.6,train,artifacts/melspecs/28/1027428.npy,128,1292
track_1027486,86/1027486.mp3,437.5,train,artifacts/melspecs/86/1027486.npy,128,1292
track_1027507,07/1027507.mp3,448.1,train,artifacts/melspecs/07/1027507.npy,128,1292
track_1027508,08/1027508.mp3,450.6,train,artifacts/melspecs/08/1027508.npy,128,1292
track_1027643,43/1027643.mp3,497.0,train,artifacts/melspecs/43/1027643.npy,128,1292
track_1027667,67/1027667.mp3,508.2,train,artifacts/melspecs/67/1027667.npy,128,1292
track_1027693,93/1027693.mp3,431.8,train,artifacts/melspecs/93/1027693.npy,128,1292
track_1027698,98/1027698.mp3,197.3,train,artifacts/melspecs/98/1027698.npy,128,1292
track_1027705,05/1027705.mp3,395.1,train,artifacts/melspecs/05/1027705.npy,128,1292
track_1027714,14/1027714.mp3,438.0,train,artifacts/melspecs/14/1027714.npy,128,1292
track_1028503,03/1028503.mp3,741.2,train,artifacts/melspecs/03/1028503.npy,128,1292
track_1028504,04/1028504.mp3,477.1,train,artifacts/melspecs/04/1028504.npy,128,1292
track_1028505,05/1028505.mp3,567.0,train,artifacts/melspecs/05/1028505.npy,128,1292
track_1028506,06/1028506.mp3,510.0,train,artifacts/melspecs/06/1028506.npy,128,1292
track_1028507,07/1028507.mp3,605.0,train,artifacts/melspecs/07/1028507.npy,128,1292
track_1028508,08/1028508.mp3,602.8,train,artifacts/melspecs/08/1028508.npy,128,1292
track_1028841,41/1028841.mp3,251.2,train,artifacts/melspecs/41/1028841.npy,128,1292
track_1028938,38/1028938.mp3,112.0,train,artifacts/melspecs/38/1028938.npy,128,1292
track_1029179,79/1029179.mp3,275.0,train,artifacts/melspecs/79/1029179.npy,128,1292
track_1030381,81/1030381.mp3,147.1,train,artifacts/melspecs/81/1030381.npy,128,1292
track_1030386,86/1030386.mp3,168.0,train,artifacts/melspecs/86/1030386.npy,128,1292
track_1031288,88/1031288.mp3,226.5,train,artifacts/melspecs/88/1031288.npy,128,1292
track_1031433,33/1031433.mp3,120.1,train,artifacts/melspecs/33/1031433.npy,128,1292
track_1032698,98/1032698.mp3,304.3,train,artifacts/melspecs/98/1032698.npy,128,1292
track_1032914,14/1032914.mp3,239.4,train,artifacts/melspecs/14/1032914.npy,128,1292
track_1035756,56/1035756.mp3,312.0,train,artifacts/melspecs/56/1035756.npy,128,1292
track_1035758,58/1035758.mp3,245.4,train,artifacts/melspecs/58/1035758.npy,128,1292
track_1035759,59/1035759.mp3,545.2,train,artifacts/melspecs/59/1035759.npy,128,1292
track_1035761,61/1035761.mp3,267.0,train,artifacts/melspecs/61/1035761.npy,128,1292
track_1035762,62/1035762.mp3,200.8,train,artifacts/melspecs/62/1035762.npy,128,1292
track_1035763,63/1035763.mp3,299.0,train,artifacts/melspecs/63/1035763.npy,128,1292
track_1035764,64/1035764.mp3,285.4,train,artifacts/melspecs/64/1035764.npy,128,1292
track_1035765,65/1035765.mp3,182.0,train,artifacts/melspecs/65/1035765.npy,128,1292
track_1036085,85/1036085.mp3,173.2,train,artifacts/melspecs/85/1036085.npy,128,1292
track_1036555,55/1036555.mp3,192.2,train,artifacts/melspecs/55/1036555.npy,128,1292
track_1037099,99/1037099.mp3,243.5,train,artifacts/melspecs/99/1037099.npy,128,1292
track_1037711,11/1037711.mp3,264.7,train,artifacts/melspecs/11/1037711.npy,128,1292
track_1039514,14/1039514.mp3,215.7,train,artifacts/melspecs/14/1039514.npy,128,1292
track_1039971,71/1039971.mp3,148.5,train,artifacts/melspecs/71/1039971.npy,128,1292
track_1040562,62/1040562.mp3,273.2,train,artifacts/melspecs/62/1040562.npy,128,1292
track_1041104,04/1041104.mp3,158.7,train,artifacts/melspecs/04/1041104.npy,128,1292
track_1041289,89/1041289.mp3,285.0,train,artifacts/melspecs/89/1041289.npy,128,1292
track_1041956,56/1041956.mp3,352.7,train,artifacts/melspecs/56/1041956.npy,128,1292
track_1041957,57/1041957.mp3,227.1,train,artifacts/melspecs/57/1041957.npy,128,1292
track_1041958,58/1041958.mp3,127.3,train,artifacts/melspecs/58/1041958.npy,128,1292
track_1041959,59/1041959.mp3,245.9,train,artifacts/melspecs/59/1041959.npy,128,1292
track_1041960,60/1041960.mp3,291.6,train,artifacts/melspecs/60/1041960.npy,128,1292
track_1041998,98/1041998.mp3,116.1,train,artifacts/melspecs/98/1041998.npy,128,1292
track_1041999,99/1041999.mp3,38.1,train,artifacts/melspecs/99/1041999.npy,128,1292
track_1042000,00/1042000.mp3,70.0,train,artifacts/melspecs/00/1042000.npy,128,1292
track_1042001,01/1042001.mp3,54.1,train,artifacts/melspecs/01/1042001.npy,128,1292
track_1042002,02/1042002.mp3,64.7,train,artifacts/melspecs/02/1042002.npy,128,1292
track_1042003,03/1042003.mp3,118.0,train,artifacts/melspecs/03/1042003.npy,128,1292
track_1042004,04/1042004.mp3,73.1,train,artifacts/melspecs/04/1042004.npy,128,1292
track_1042006,06/1042006.mp3,80.5,train,artifacts/melspecs/06/1042006.npy,128,1292
track_1042007,07/1042007.mp3,52.1,train,artifacts/melspecs/07/1042007.npy,128,1292
track_1042008,08/1042008.mp3,96.8,train,artifacts/melspecs/08/1042008.npy,128,1292
track_1042009,09/1042009.mp3,48.1,train,artifacts/melspecs/09/1042009.npy,128,1292
track_1042010,10/1042010.mp3,68.0,train,artifacts/melspecs/10/1042010.npy,128,1292
track_1042011,11/1042011.mp3,52.0,train,artifacts/melspecs/11/1042011.npy,128,1292
track_1042012,12/1042012.mp3,50.1,train,artifacts/melspecs/12/1042012.npy,128,1292
track_1042013,13/1042013.mp3,110.1,train,artifacts/melspecs/13/1042013.npy,128,1292
track_1042014,14/1042014.mp3,110.1,train,artifacts/melspecs/14/1042014.npy,128,1292
track_1042016,16/1042016.mp3,36.0,train,artifacts/melspecs/16/1042016.npy,128,1292
track_1042017,17/1042017.mp3,84.1,train,artifacts/melspecs/17/1042017.npy,128,1292
track_1042079,79/1042079.mp3,324.2,train,artifacts/melspecs/79/1042079.npy,128,1292
track_1042083,83/1042083.mp3,208.7,train,artifacts/melspecs/83/1042083.npy,128,1292
track_1042340,40/1042340.mp3,110.0,train,artifacts/melspecs/40/1042340.npy,128,1292
track_1042341,41/1042341.mp3,147.5,train,artifacts/melspecs/41/1042341.npy,128,1292
track_1044944,44/1044944.mp3,235.7,train,artifacts/melspecs/44/1044944.npy,128,1292
track_1044945,45/1044945.mp3,345.8,train,artifacts/melspecs/45/1044945.npy,128,1292
track_1044946,46/1044946.mp3,252.7,train,artifacts/melspecs/46/1044946.npy,128,1292
track_1044947,47/1044947.mp3,267.3,train,artifacts/melspecs/47/1044947.npy,128,1292
track_1044948,48/1044948.mp3,224.1,train,artifacts/melspecs/48/1044948.npy,128,1292
track_1044950,50/1044950.mp3,333.2,train,artifacts/melspecs/50/1044950.npy,128,1292
track_1044951,51/1044951.mp3,270.5,train,artifacts/melspecs/51/1044951.npy,128,1292
track_1044952,52/1044952.mp3,320.2,train,artifacts/melspecs/52/1044952.npy,128,1292
track_1044953,53/1044953.mp3,283.2,train,artifacts/melspecs/53/1044953.npy,128,1292
track_1045835,35/1045835.mp3,215.9,train,artifacts/melspecs/35/1045835.npy,128,1292
track_1045971,71/1045971.mp3,125.8,train,artifacts/melspecs/71/1045971.npy,128,1292
track_1046462,62/1046462.mp3,189.8,train,artifacts/melspecs/62/1046462.npy,128,1292
track_1046463,63/1046463.mp3,245.0,train,artifacts/melspecs/63/1046463.npy,128,1292
track_1046464,64/1046464.mp3,120.0,train,artifacts/melspecs/64/1046464.npy,128,1292
track_1046465,65/1046465.mp3,103.5,train,artifacts/melspecs/65/1046465.npy,128,1292
track_1046466,66/1046466.mp3,112.5,train,artifacts/melspecs/66/1046466.npy,128,1292
track_1046467,67/1046467.mp3,186.0,train,artifacts/melspecs/67/1046467.npy,128,1292
track_1046468,68/1046468.mp3,150.0,train,artifacts/melspecs/68/1046468.npy,128,1292
track_1046471,71/1046471.mp3,121.0,train,artifacts/melspecs/71/1046471.npy,128,1292
track_1047123,23/1047123.mp3,281.3,train,artifacts/melspecs/23/1047123.npy,128,1292
track_1047236,36/1047236.mp3,174.1,train,artifacts/melspecs/36/1047236.npy,128,1292
track_1047453,53/1047453.mp3,511.2,train,artifacts/melspecs/53/1047453.npy,128,1292
track_1048090,90/1048090.mp3,333.9,train,artifacts/melspecs/90/1048090.npy,128,1292
track_1048184,84/1048184.mp3,560.0,train,artifacts/melspecs/84/1048184.npy,128,1292
track_1048292,92/1048292.mp3,66.0,train,artifacts/melspecs/92/1048292.npy,128,1292
track_1048293,93/1048293.mp3,142.0,train,artifacts/melspecs/93/1048293.npy,128,1292
track_1048294,94/1048294.mp3,49.0,train,artifacts/melspecs/94/1048294.npy,128,1292
track_1048295,95/1048295.mp3,113.4,train,artifacts/melspecs/95/1048295.npy,128,1292
track_1048296,96/1048296.mp3,78.6,train,artifacts/melspecs/96/1048296.npy,128,1292
track_1048297,97/1048297.mp3,201.1,train,artifacts/melspecs/97/1048297.npy,128,1292
track_1048298,98/1048298.mp3,120.9,train,artifacts/melspecs/98/1048298.npy,128,1292
track_1048299,99/1048299.mp3,87.0,train,artifacts/melspecs/99/1048299.npy,128,1292
track_1048300,00/1048300.mp3,108.0,train,artifacts/melspecs/00/1048300.npy,128,1292
track_1048301,01/1048301.mp3,105.0,train,artifacts/melspecs/01/1048301.npy,128,1292
track_1049827,27/1049827.mp3,269.6,train,artifacts/melspecs/27/1049827.npy,128,1292
track_1049828,28/1049828.mp3,307.3,train,artifacts/melspecs/28/1049828.npy,128,1292
track_1049829,29/1049829.mp3,215.4,train,artifacts/melspecs/29/1049829.npy,128,1292
track_1049830,30/1049830.mp3,323.4,train,artifacts/melspecs/30/1049830.npy,128,1292
track_1049831,31/1049831.mp3,198.1,train,artifacts/melspecs/31/1049831.npy,128,1292
track_1049832,32/1049832.mp3,276.1,train,artifacts/melspecs/32/1049832.npy,128,1292
track_1049833,33/1049833.mp3,216.9,train,artifacts/melspecs/33/1049833.npy,128,1292
track_1049834,34/1049834.mp3,219.8,train,artifacts/melspecs/34/1049834.npy,128,1292
track_1050796,96/1050796.mp3,319.0,train,artifacts/melspecs/96/1050796.npy,128,1292
track_1050928,28/1050928.mp3,162.3,train,artifacts/melspecs/28/1050928.npy,128,1292
track_1051039,39/1051039.mp3,92.9,train,artifacts/melspecs/39/1051039.npy,128,1292
track_1052131,31/1052131.mp3,35.0,train,artifacts/melspecs/31/1052131.npy,128,1292
track_1052132,32/1052132.mp3,139.6,train,artifacts/melspecs/32/1052132.npy,128,1292
track_1052133,33/1052133.mp3,100.0,train,artifacts/melspecs/33/1052133.npy,128,1292
track_1052134,34/1052134.mp3,84.2,train,artifacts/melspecs/34/1052134.npy,128,1292
track_1052135,35/1052135.mp3,30.3,train,artifacts/melspecs/35/1052135.npy,128,1292
track_1052136,36/1052136.mp3,49.5,train,artifacts/melspecs/36/1052136.npy,128,1292
track_1052138,38/1052138.mp3,51.9,train,artifacts/melspecs/38/1052138.npy,128,1292
track_1052139,39/1052139.mp3,47.5,train,artifacts/melspecs/39/1052139.npy,128,1292
track_1052140,40/1052140.mp3,41.0,train,artifacts/melspecs/40/1052140.npy,128,1292
track_1052144,44/1052144.mp3,41.4,train,artifacts/melspecs/44/1052144.npy,128,1292
track_1052307,07/1052307.mp3,64.0,train,artifacts/melspecs/07/1052307.npy,128,1292
track_1052308,08/1052308.mp3,80.0,train,artifacts/melspecs/08/1052308.npy,128,1292
track_1052309,09/1052309.mp3,104.0,train,artifacts/melspecs/09/1052309.npy,128,1292
track_1052310,10/1052310.mp3,123.1,train,artifacts/melspecs/10/1052310.npy,128,1292
track_1052311,11/1052311.mp3,65.8,train,artifacts/melspecs/11/1052311.npy,128,1292
track_1052312,12/1052312.mp3,62.0,train,artifacts/melspecs/12/1052312.npy,128,1292
track_1052313,13/1052313.mp3,100.0,train,artifacts/melspecs/13/1052313.npy,128,1292
track_1052315,15/1052315.mp3,72.0,train,artifacts/melspecs/15/1052315.npy,128,1292
track_1052316,16/1052316.mp3,112.7,train,artifacts/melspecs/16/1052316.npy,128,1292
track_1052317,17/1052317.mp3,72.0,train,artifacts/melspecs/17/1052317.npy,128,1292
track_1052318,18/1052318.mp3,68.0,train,artifacts/melspecs/18/1052318.npy,128,1292
track_1052319,19/1052319.mp3,176.0,train,artifacts/melspecs/19/1052319.npy,128,1292
track_1052320,20/1052320.mp3,65.1,train,artifacts/melspecs/20/1052320.npy,128,1292
track_1052321,21/1052321.mp3,101.4,train,artifacts/melspecs/21/1052321.npy,128,1292
track_1052322,22/1052322.mp3,94.2,train,artifacts/melspecs/22/1052322.npy,128,1292
track_1052323,23/1052323.mp3,108.0,train,artifacts/melspecs/23/1052323.npy,128,1292
track_1052368,68/1052368.mp3,124.8,train,artifacts/melspecs/68/1052368.npy,128,1292
track_1052655,55/1052655.mp3,276.2,train,artifacts/melspecs/55/1052655.npy,128,1292
track_1055595,95/1055595.mp3,285.6,train,artifacts/melspecs/95/1055595.npy,128,1292
track_1056247,47/1056247.mp3,310.2,train,artifacts/melspecs/47/1056247.npy,128,1292
track_1057311,11/1057311.mp3,192.1,train,artifacts/melspecs/11/1057311.npy,128,1292
track_1057312,12/1057312.mp3,224.1,train,artifacts/melspecs/12/1057312.npy,128,1292
track_1057411,11/1057411.mp3,216.9,train,artifacts/melspecs/11/1057411.npy,128,1292
track_1057412,12/1057412.mp3,216.9,train,artifacts/melspecs/12/1057412.npy,128,1292
track_1057729,29/1057729.mp3,105.2,train,artifacts/melspecs/29/1057729.npy,128,1292
track_1058213,13/1058213.mp3,577.0,train,artifacts/melspecs/13/1058213.npy,128,1292
track_1058214,14/1058214.mp3,516.6,train,artifacts/melspecs/14/1058214.npy,128,1292
track_1058215,15/1058215.mp3,561.1,train,artifacts/melspecs/15/1058215.npy,128,1292
track_1058216,16/1058216.mp3,527.5,train,artifacts/melspecs/16/1058216.npy,128,1292
track_1058217,17/1058217.mp3,1051.5,train,artifacts/melspecs/17/1058217.npy,128,1292
track_1058218,18/1058218.mp3,783.0,train,artifacts/melspecs/18/1058218.npy,128,1292
track_1058219,19/1058219.mp3,520.3,train,artifacts/melspecs/19/1058219.npy,128,1292
track_1058220,20/1058220.mp3,459.0,train,artifacts/melspecs/20/1058220.npy,128,1292
track_1058716,16/1058716.mp3,874.7,train,artifacts/melspecs/16/1058716.npy,128,1292
track_1058828,28/1058828.mp3,201.3,train,artifacts/melspecs/28/1058828.npy,128,1292
track_1060915,15/1060915.mp3,299.5,train,artifacts/melspecs/15/1060915.npy,128,1292
track_1061367,67/1061367.mp3,284.0,train,artifacts/melspecs/67/1061367.npy,128,1292
track_1063174,74/1063174.mp3,199.3,train,artifacts/melspecs/74/1063174.npy,128,1292
track_1063175,75/1063175.mp3,173.5,train,artifacts/melspecs/75/1063175.npy,128,1292
track_1063176,76/1063176.mp3,231.2,train,artifacts/melspecs/76/1063176.npy,128,1292
track_1063177,77/1063177.mp3,318.0,train,artifacts/melspecs/77/1063177.npy,128,1292
track_1063178,78/1063178.mp3,156.1,train,artifacts/melspecs/78/1063178.npy,128,1292
track_1063179,79/1063179.mp3,229.2,train,artifacts/melspecs/79/1063179.npy,128,1292
track_1063180,80/1063180.mp3,173.2,train,artifacts/melspecs/80/1063180.npy,128,1292
track_1063181,81/1063181.mp3,257.3,train,artifacts/melspecs/81/1063181.npy,128,1292
track_1063182,82/1063182.mp3,147.4,train,artifacts/melspecs/82/1063182.npy,128,1292
track_1063183,83/1063183.mp3,187.5,train,artifacts/melspecs/83/1063183.npy,128,1292
track_1063184,84/1063184.mp3,154.1,train,artifacts/melspecs/84/1063184.npy,128,1292
track_1063185,85/1063185.mp3,322.7,train,artifacts/melspecs/85/1063185.npy,128,1292
track_1063186,86/1063186.mp3,192.9,train,artifacts/melspecs/86/1063186.npy,128,1292
track_1063187,87/1063187.mp3,144.7,train,artifacts/melspecs/87/1063187.npy,128,1292
track_1065453,53/1065453.mp3,283.7,train,artifacts/melspecs/53/1065453.npy,128,1292
track_1065620,20/1065620.mp3,216.6,train,artifacts/melspecs/20/1065620.npy,128,1292
track_1065625,25/1065625.mp3,136.2,train,artifacts/melspecs/25/1065625.npy,128,1292
track_1065626,26/1065626.mp3,170.2,train,artifacts/melspecs/26/1065626.npy,128,1292
track_1065645,45/1065645.mp3,190.0,train,artifacts/melspecs/45/1065645.npy,128,1292
track_1066302,02/1066302.mp3,359.0,train,artifacts/melspecs/02/1066302.npy,128,1292
track_1066500,00/1066500.mp3,160.2,train,artifacts/melspecs/00/1066500.npy,128,1292
track_1066503,03/1066503.mp3,164.1,train,artifacts/melspecs/03/1066503.npy,128,1292
track_1066505,05/1066505.mp3,192.0,train,artifacts/melspecs/05/1066505.npy,128,1292
track_1066506,06/1066506.mp3,151.7,train,artifacts/melspecs/06/1066506.npy,128,1292
track_1066514,14/1066514.mp3,99.0,train,artifacts/melspecs/14/1066514.npy,128,1292
track_1066515,15/1066515.mp3,149.8,train,artifacts/melspecs/15/1066515.npy,128,1292
track_1066516,16/1066516.mp3,150.2,train,artifacts/melspecs/16/1066516.npy,128,1292
track_1066517,17/1066517.mp3,216.7,train,artifacts/melspecs/17/1066517.npy,128,1292
track_1066518,18/1066518.mp3,116.0,train,artifacts/melspecs/18/1066518.npy,128,1292
track_1066519,19/1066519.mp3,138.1,train,artifacts/melspecs/19/1066519.npy,128,1292
track_1066520,20/1066520.mp3,143.9,train,artifacts/melspecs/20/1066520.npy,128,1292
track_1066521,21/1066521.mp3,149.0,train,artifacts/melspecs/21/1066521.npy,128,1292
track_1066522,22/1066522.mp3,188.6,train,artifacts/melspecs/22/1066522.npy,128,1292
track_1066525,25/1066525.mp3,221.0,train,artifacts/melspecs/25/1066525.npy,128,1292
track_1066526,26/1066526.mp3,79.9,train,artifacts/melspecs/26/1066526.npy,128,1292
track_1066544,44/1066544.mp3,201.5,train,artifacts/melspecs/44/1066544.npy,128,1292
track_1066551,51/1066551.mp3,181.8,train,artifacts/melspecs/51/1066551.npy,128,1292
track_1066557,57/1066557.mp3,148.3,train,artifacts/melspecs/57/1066557.npy,128,1292
track_1066558,58/1066558.mp3,127.2,train,artifacts/melspecs/58/1066558.npy,128,1292
track_1066563,63/1066563.mp3,84.0,train,artifacts/melspecs/63/1066563.npy,128,1292
track_1066570,70/1066570.mp3,155.2,train,artifacts/melspecs/70/1066570.npy,128,1292
track_1066571,71/1066571.mp3,98.6,train,artifacts/melspecs/71/1066571.npy,128,1292
track_1066572,72/1066572.mp3,140.1,train,artifacts/melspecs/72/1066572.npy,128,1292
track_1066573,73/1066573.mp3,162.7,train,artifacts/melspecs/73/1066573.npy,128,1292
track_1067261,61/1067261.mp3,184.3,train,artifacts/melspecs/61/1067261.npy,128,1292
track_1067263,63/1067263.mp3,192.5,train,artifacts/melspecs/63/1067263.npy,128,1292
track_1067264,64/1067264.mp3,126.3,train,artifacts/melspecs/64/1067264.npy,128,1292
track_1067265,65/1067265.mp3,185.6,train,artifacts/melspecs/65/1067265.npy,128,1292
track_1067266,66/1067266.mp3,94.0,train,artifacts/melspecs/66/1067266.npy,128,1292
track_1067267,67/1067267.mp3,60.4,train,artifacts/melspecs/67/1067267.npy,128,1292
track_1067268,68/1067268.mp3,121.3,train,artifacts/melspecs/68/1067268.npy,128,1292
track_1067269,69/1067269.mp3,129.3,train,artifacts/melspecs/69/1067269.npy,128,1292
track_1067270,70/1067270.mp3,75.3,train,artifacts/melspecs/70/1067270.npy,128,1292
track_1067272,72/1067272.mp3,136.8,train,artifacts/melspecs/72/1067272.npy,128,1292
track_1067273,73/1067273.mp3,120.4,train,artifacts/melspecs/73/1067273.npy,128,1292
track_1067274,74/1067274.mp3,144.5,train,artifacts/melspecs/74/1067274.npy,128,1292
track_1067290,90/1067290.mp3,222.4,train,artifacts/melspecs/90/1067290.npy,128,1292
track_1067291,91/1067291.mp3,250.8,train,artifacts/melspecs/91/1067291.npy,128,1292
track_1067297,97/1067297.mp3,292.3,train,artifacts/melspecs/97/1067297.npy,128,1292
track_1067298,98/1067298.mp3,232.1,train,artifacts/melspecs/98/1067298.npy,128,1292
track_1068356,56/1068356.mp3,491.6,train,artifacts/melspecs/56/1068356.npy,128,1292
track_1068379,79/1068379.mp3,170.4,train,artifacts/melspecs/79/1068379.npy,128,1292
track_1068380,80/1068380.mp3,240.5,train,artifacts/melspecs/80/1068380.npy,128,1292
track_1068381,81/1068381.mp3,240.4,train,artifacts/melspecs/81/1068381.npy,128,1292
track_1068382,82/1068382.mp3,218.9,train,artifacts/melspecs/82/1068382.npy,128,1292
track_1068418,18/1068418.mp3,161.1,train,artifacts/melspecs/18/1068418.npy,128,1292
track_1068422,22/1068422.mp3,238.2,train,artifacts/melspecs/22/1068422.npy,128,1292
track_1069025,25/1069025.mp3,113.7,train,artifacts/melspecs/25/1069025.npy,128,1292
track_1069143,43/1069143.mp3,176.0,train,artifacts/melspecs/43/1069143.npy,128,1292
track_1069144,44/1069144.mp3,234.1,train,artifacts/melspecs/44/1069144.npy,128,1292
track_1069596,96/1069596.mp3,46.8,train,artifacts/melspecs/96/1069596.npy,128,1292
track_1070113,13/1070113.mp3,90.0,train,artifacts/melspecs/13/1070113.npy,128,1292
track_1070115,15/1070115.mp3,54.5,train,artifacts/melspecs/15/1070115.npy,128,1292
track_1070116,16/1070116.mp3,74.5,train,artifacts/melspecs/16/1070116.npy,128,1292
track_1070214,14/1070214.mp3,306.0,train,artifacts/melspecs/14/1070214.npy,128,1292
track_1070602,02/1070602.mp3,92.0,train,artifacts/melspecs/02/1070602.npy,128,1292
track_1070604,04/1070604.mp3,193.8,train,artifacts/melspecs/04/1070604.npy,128,1292
track_1070605,05/1070605.mp3,287.5,train,artifacts/melspecs/05/1070605.npy,128,1292
track_1070703,03/1070703.mp3,85.0,train,artifacts/melspecs/03/1070703.npy,128,1292
track_1070704,04/1070704.mp3,123.2,train,artifacts/melspecs/04/1070704.npy,128,1292
track_1072121,21/1072121.mp3,150.6,train,artifacts/melspecs/21/1072121.npy,128,1292
track_1072126,26/1072126.mp3,113.3,train,artifacts/melspecs/26/1072126.npy,128,1292
track_1072128,28/1072128.mp3,101.9,train,artifacts/melspecs/28/1072128.npy,128,1292
track_1072129,29/1072129.mp3,30.6,train,artifacts/melspecs/29/1072129.npy,128,1292
track_1072131,31/1072131.mp3,42.7,train,artifacts/melspecs/31/1072131.npy,128,1292
track_1072133,33/1072133.mp3,30.0,train,artifacts/melspecs/33/1072133.npy,128,1292
track_1072136,36/1072136.mp3,52.2,train,artifacts/melspecs/36/1072136.npy,128,1292
track_1072137,37/1072137.mp3,30.0,train,artifacts/melspecs/37/1072137.npy,128,1292
track_1072426,26/1072426.mp3,1566.8,train,artifacts/melspecs/26/1072426.npy,128,1292
track_1072427,27/1072427.mp3,1514.7,train,artifacts/melspecs/27/1072427.npy,128,1292
track_1072428,28/1072428.mp3,269.0,train,artifacts/melspecs/28/1072428.npy,128,1292
track_1072429,29/1072429.mp3,270.3,train,artifacts/melspecs/29/1072429.npy,128,1292
track_1072430,30/1072430.mp3,437.4,train,artifacts/melspecs/30/1072430.npy,128,1292
track_1072431,31/1072431.mp3,217.7,train,artifacts/melspecs/31/1072431.npy,128,1292
track_1072432,32/1072432.mp3,277.8,train,artifacts/melspecs/32/1072432.npy,128,1292
track_1072433,33/1072433.mp3,437.4,train,artifacts/melspecs/33/1072433.npy,128,1292
track_1072434,34/1072434.mp3,407.6,train,artifacts/melspecs/34/1072434.npy,128,1292
track_1072435,35/1072435.mp3,442.5,train,artifacts/melspecs/35/1072435.npy,128,1292
track_1072436,36/1072436.mp3,810.0,train,artifacts/melspecs/36/1072436.npy,128,1292
track_1072437,37/1072437.mp3,401.1,train,artifacts/melspecs/37/1072437.npy,128,1292
track_1072438,38/1072438.mp3,716.9,train,artifacts/melspecs/38/1072438.npy,128,1292
track_1073733,33/1073733.mp3,181.6,train,artifacts/melspecs/33/1073733.npy,128,1292
track_1074314,14/1074314.mp3,90.7,train,artifacts/melspecs/14/1074314.npy,128,1292
track_1075402,02/1075402.mp3,222.4,train,artifacts/melspecs/02/1075402.npy,128,1292
track_1075447,47/1075447.mp3,266.5,train,artifacts/melspecs/47/1075447.npy,128,1292
track_1075456,56/1075456.mp3,375.1,train,artifacts/melspecs/56/1075456.npy,128,1292
track_1075688,88/1075688.mp3,297.7,train,artifacts/melspecs/88/1075688.npy,128,1292
track_1075906,06/1075906.mp3,265.0,train,artifacts/melspecs/06/1075906.npy,128,1292
track_1075991,91/1075991.mp3,330.4,train,artifacts/melspecs/91/1075991.npy,128,1292
track_1076887,87/1076887.mp3,210.1,train,artifacts/melspecs/87/1076887.npy,128,1292
track_1077940,40/1077940.mp3,242.3,train,artifacts/melspecs/40/1077940.npy,128,1292
track_1077941,41/1077941.mp3,91.2,train,artifacts/melspecs/41/1077941.npy,128,1292
track_1077945,45/1077945.mp3,172.4,train,artifacts/melspecs/45/1077945.npy,128,1292
track_1077953,53/1077953.mp3,174.0,train,artifacts/melspecs/53/1077953.npy,128,1292
track_1077954,54/1077954.mp3,163.9,train,artifacts/melspecs/54/1077954.npy,128,1292
track_1077956,56/1077956.mp3,233.8,train,artifacts/melspecs/56/1077956.npy,128,1292
track_1078705,05/1078705.mp3,326.4,train,artifacts/melspecs/05/1078705.npy,128,1292
track_1078706,06/1078706.mp3,230.0,train,artifacts/melspecs/06/1078706.npy,128,1292
track_1078707,07/1078707.mp3,102.5,train,artifacts/melspecs/07/1078707.npy,128,1292
track_1078708,08/1078708.mp3,128.0,train,artifacts/melspecs/08/1078708.npy,128,1292
track_1078709,09/1078709.mp3,210.1,train,artifacts/melspecs/09/1078709.npy,128,1292
track_1078710,10/1078710.mp3,111.6,train,artifacts/melspecs/10/1078710.npy,128,1292
track_1078711,11/1078711.mp3,303.3,train,artifacts/melspecs/11/1078711.npy,128,1292
track_1078712,12/1078712.mp3,186.8,train,artifacts/melspecs/12/1078712.npy,128,1292
track_1079150,50/1079150.mp3,43.7,train,artifacts/melspecs/50/1079150.npy,128,1292
track_1079157,57/1079157.mp3,35.0,train,artifacts/melspecs/57/1079157.npy,128,1292
track_1079158,58/1079158.mp3,92.5,train,artifacts/melspecs/58/1079158.npy,128,1292
track_1079166,66/1079166.mp3,40.5,train,artifacts/melspecs/66/1079166.npy,128,1292
track_1079171,71/1079171.mp3,74.5,train,artifacts/melspecs/71/1079171.npy,128,1292
track_1079195,95/1079195.mp3,30.5,train,artifacts/melspecs/95/1079195.npy,128,1292
track_1079196,96/1079196.mp3,30.5,train,artifacts/melspecs/96/1079196.npy,128,1292
track_1079198,98/1079198.mp3,100.0,train,artifacts/melspecs/98/1079198.npy,128,1292
track_1079249,49/1079249.mp3,351.5,train,artifacts/melspecs/49/1079249.npy,128,1292
track_1079252,52/1079252.mp3,211.8,train,artifacts/melspecs/52/1079252.npy,128,1292
track_1079253,53/1079253.mp3,210.9,train,artifacts/melspecs/53/1079253.npy,128,1292
track_1079254,54/1079254.mp3,253.3,train,artifacts/melspecs/54/1079254.npy,128,1292
track_1079255,55/1079255.mp3,185.8,train,artifacts/melspecs/55/1079255.npy,128,1292
track_1079256,56/1079256.mp3,208.0,train,artifacts/melspecs/56/1079256.npy,128,1292
track_1079257,57/1079257.mp3,294.0,train,artifacts/melspecs/57/1079257.npy,128,1292
track_1079382,82/1079382.mp3,233.7,train,artifacts/melspecs/82/1079382.npy,128,1292
track_1079384,84/1079384.mp3,174.1,train,artifacts/melspecs/84/1079384.npy,128,1292
track_1079385,85/1079385.mp3,244.8,train,artifacts/melspecs/85/1079385.npy,128,1292
track_1079386,86/1079386.mp3,174.1,train,artifacts/melspecs/86/1079386.npy,128,1292
track_1079389,89/1079389.mp3,142.8,train,artifacts/melspecs/89/1079389.npy,128,1292
track_1079391,91/1079391.mp3,228.3,train,artifacts/melspecs/91/1079391.npy,128,1292
track_1079394,94/1079394.mp3,160.8,train,artifacts/melspecs/94/1079394.npy,128,1292
track_1079398,98/1079398.mp3,258.3,train,artifacts/melspecs/98/1079398.npy,128,1292
track_1079400,00/1079400.mp3,192.0,train,artifacts/melspecs/00/1079400.npy,128,1292
track_1079401,01/1079401.mp3,140.0,train,artifacts/melspecs/01/1079401.npy,128,1292
track_1079855,55/1079855.mp3,338.7,train,artifacts/melspecs/55/1079855.npy,128,1292
track_1080152,52/1080152.mp3,158.9,train,artifacts/melspecs/52/1080152.npy,128,1292
track_1080156,56/1080156.mp3,198.9,train,artifacts/melspecs/56/1080156.npy,128,1292
track_1080157,57/1080157.mp3,158.4,train,artifacts/melspecs/57/1080157.npy,128,1292
track_1080158,58/1080158.mp3,157.2,train,artifacts/melspecs/58/1080158.npy,128,1292
track_1080165,65/1080165.mp3,331.6,train,artifacts/melspecs/65/1080165.npy,128,1292
track_1080374,74/1080374.mp3,248.3,train,artifacts/melspecs/74/1080374.npy,128,1292
track_1080377,77/1080377.mp3,193.4,train,artifacts/melspecs/77/1080377.npy,128,1292
track_1080559,59/1080559.mp3,222.6,train,artifacts/melspecs/59/1080559.npy,128,1292
track_1080563,63/1080563.mp3,262.1,train,artifacts/melspecs/63/1080563.npy,128,1292
track_1080597,97/1080597.mp3,212.1,train,artifacts/melspecs/97/1080597.npy,128,1292
track_1080900,00/1080900.mp3,270.0,train,artifacts/melspecs/00/1080900.npy,128,1292
track_1081037,37/1081037.mp3,129.2,train,artifacts/melspecs/37/1081037.npy,128,1292
track_1081247,47/1081247.mp3,504.7,train,artifacts/melspecs/47/1081247.npy,128,1292
track_1081682,82/1081682.mp3,220.0,train,artifacts/melspecs/82/1081682.npy,128,1292
track_1081683,83/1081683.mp3,244.1,train,artifacts/melspecs/83/1081683.npy,128,1292
track_1081684,84/1081684.mp3,226.1,train,artifacts/melspecs/84/1081684.npy,128,1292
track_1081685,85/1081685.mp3,273.3,train,artifacts/melspecs/85/1081685.npy,128,1292
track_1081686,86/1081686.mp3,234.7,train,artifacts/melspecs/86/1081686.npy,128,1292
track_1081687,87/1081687.mp3,216.0,train,artifacts/melspecs/87/1081687.npy,128,1292
track_1081688,88/1081688.mp3,198.0,train,artifacts/melspecs/88/1081688.npy,128,1292
track_1081690,90/1081690.mp3,222.8,train,artifacts/melspecs/90/1081690.npy,128,1292
track_1081691,91/1081691.mp3,320.1,train,artifacts/melspecs/91/1081691.npy,128,1292
track_1081703,03/1081703.mp3,250.9,train,artifacts/melspecs/03/1081703.npy,128,1292
track_1081704,04/1081704.mp3,339.7,train,artifacts/melspecs/04/1081704.npy,128,1292
track_1081705,05/1081705.mp3,252.0,train,artifacts/melspecs/05/1081705.npy,128,1292
track_1081706,06/1081706.mp3,212.3,train,artifacts/melspecs/06/1081706.npy,128,1292
track_1081707,07/1081707.mp3,216.0,train,artifacts/melspecs/07/1081707.npy,128,1292
track_1081708,08/1081708.mp3,260.1,train,artifacts/melspecs/08/1081708.npy,128,1292
track_1081709,09/1081709.mp3,263.9,train,artifacts/melspecs/09/1081709.npy,128,1292
track_1081710,10/1081710.mp3,268.2,train,artifacts/melspecs/10/1081710.npy,128,1292
track_1081711,11/1081711.mp3,258.5,train,artifacts/melspecs/11/1081711.npy,128,1292
track_1081712,12/1081712.mp3,251.1,train,artifacts/melspecs/12/1081712.npy,128,1292
track_1081713,13/1081713.mp3,259.2,train,artifacts/melspecs/13/1081713.npy,128,1292
track_1081715,15/1081715.mp3,247.4,train,artifacts/melspecs/15/1081715.npy,128,1292
track_1081716,16/1081716.mp3,247.4,train,artifacts/melspecs/16/1081716.npy,128,1292
track_1082797,97/1082797.mp3,213.2,train,artifacts/melspecs/97/1082797.npy,128,1292
track_1083213,13/1083213.mp3,192.4,train,artifacts/melspecs/13/1083213.npy,128,1292
track_1083214,14/1083214.mp3,302.6,train,artifacts/melspecs/14/1083214.npy,128,1292
track_1083215,15/1083215.mp3,169.1,train,artifacts/melspecs/15/1083215.npy,128,1292
track_1083216,16/1083216.mp3,262.0,train,artifacts/melspecs/16/1083216.npy,128,1292
track_1083217,17/1083217.mp3,235.4,train,artifacts/melspecs/17/1083217.npy,128,1292
track_1083218,18/1083218.mp3,302.6,train,artifacts/melspecs/18/1083218.npy,128,1292
track_1083219,19/1083219.mp3,201.7,train,artifacts/melspecs/19/1083219.npy,128,1292
track_1083220,20/1083220.mp3,221.8,train,artifacts/melspecs/20/1083220.npy,128,1292
track_1083221,21/1083221.mp3,221.6,train,artifacts/melspecs/21/1083221.npy,128,1292
track_1083222,22/1083222.mp3,229.9,train,artifacts/melspecs/22/1083222.npy,128,1292
track_1083223,23/1083223.mp3,242.7,train,artifacts/melspecs/23/1083223.npy,128,1292
track_1083299,99/1083299.mp3,187.5,train,artifacts/melspecs/99/1083299.npy,128,1292
track_1083302,02/1083302.mp3,165.5,train,artifacts/melspecs/02/1083302.npy,128,1292
track_1083303,03/1083303.mp3,155.0,train,artifacts/melspecs/03/1083303.npy,128,1292
track_1083305,05/1083305.mp3,73.4,train,artifacts/melspecs/05/1083305.npy,128,1292
track_1084364,64/1084364.mp3,219.3,train,artifacts/melspecs/64/1084364.npy,128,1292
track_1084365,65/1084365.mp3,264.3,train,artifacts/melspecs/65/1084365.npy,128,1292
track_1084380,80/1084380.mp3,194.7,train,artifacts/melspecs/80/1084380.npy,128,1292
track_1084381,81/1084381.mp3,268.5,train,artifacts/melspecs/81/1084381.npy,128,1292
track_1084910,10/1084910.mp3,41.0,train,artifacts/melspecs/10/1084910.npy,128,1292
track_1084911,11/1084911.mp3,33.2,train,artifacts/melspecs/11/1084911.npy,128,1292
track_1084912,12/1084912.mp3,90.5,train,artifacts/melspecs/12/1084912.npy,128,1292
track_1084914,14/1084914.mp3,114.5,train,artifacts/melspecs/14/1084914.npy,128,1292
track_1085387,87/1085387.mp3,252.0,train,artifacts/melspecs/87/1085387.npy,128,1292
track_1085732,32/1085732.mp3,89.8,train,artifacts/melspecs/32/1085732.npy,128,1292
track_1085733,33/1085733.mp3,91.7,train,artifacts/melspecs/33/1085733.npy,128,1292
track_1085734,34/1085734.mp3,192.8,train,artifacts/melspecs/34/1085734.npy,128,1292
track_1085922,22/1085922.mp3,110.1,train,artifacts/melspecs/22/1085922.npy,128,1292
track_1086192,92/1086192.mp3,293.0,train,artifacts/melspecs/92/1086192.npy,128,1292
track_1086196,96/1086196.mp3,276.7,train,artifacts/melspecs/96/1086196.npy,128,1292
track_1086199,99/1086199.mp3,200.0,train,artifacts/melspecs/99/1086199.npy,128,1292
track_1087092,92/1087092.mp3,137.0,train,artifacts/melspecs/92/1087092.npy,128,1292
track_1087093,93/1087093.mp3,146.0,train,artifacts/melspecs/93/1087093.npy,128,1292
track_1087094,94/1087094.mp3,144.5,train,artifacts/melspecs/94/1087094.npy,128,1292
track_1087095,95/1087095.mp3,138.9,train,artifacts/melspecs/95/1087095.npy,128,1292
track_1087096,96/1087096.mp3,126.6,train,artifacts/melspecs/96/1087096.npy,128,1292
track_1087097,97/1087097.mp3,133.0,train,artifacts/melspecs/97/1087097.npy,128,1292
track_1087098,98/1087098.mp3,136.8,train,artifacts/melspecs/98/1087098.npy,128,1292
track_1087099,99/1087099.mp3,94.0,train,artifacts/melspecs/99/1087099.npy,128,1292
track_1087100,00/1087100.mp3,126.6,train,artifacts/melspecs/00/1087100.npy,128,1292
track_1087101,01/1087101.mp3,151.8,train,artifacts/melspecs/01/1087101.npy,128,1292
track_1087102,02/1087102.mp3,126.6,train,artifacts/melspecs/02/1087102.npy,128,1292
track_1087103,03/1087103.mp3,93.9,train,artifacts/melspecs/03/1087103.npy,128,1292
track_1087104,04/1087104.mp3,132.6,train,artifacts/melspecs/04/1087104.npy,128,1292
track_1087105,05/1087105.mp3,127.3,train,artifacts/melspecs/05/1087105.npy,128,1292
track_1087106,06/1087106.mp3,100.7,train,artifacts/melspecs/06/1087106.npy,128,1292
track_1087107,07/1087107.mp3,129.4,train,artifacts/melspecs/07/1087107.npy,128,1292
track_1087108,08/1087108.mp3,163.5,train,artifacts/melspecs/08/1087108.npy,128,1292
track_1087109,09/1087109.mp3,145.0,train,artifacts/melspecs/09/1087109.npy,128,1292
track_1087110,10/1087110.mp3,116.2,train,artifacts/melspecs/10/1087110.npy,128,1292
track_1087111,11/1087111.mp3,111.5,train,artifacts/melspecs/11/1087111.npy,128,1292
track_1087112,12/1087112.mp3,127.5,train,artifacts/melspecs/12/1087112.npy,128,1292
track_1087552,52/1087552.mp3,172.0,train,artifacts/melspecs/52/1087552.npy,128,1292
track_1087553,53/1087553.mp3,172.9,train,artifacts/melspecs/53/1087553.npy,128,1292
track_1087554,54/1087554.mp3,141.4,train,artifacts/melspecs/54/1087554.npy,128,1292
track_1087565,65/1087565.mp3,138.0,train,artifacts/melspecs/65/1087565.npy,128,1292
track_1087567,67/1087567.mp3,153.2,train,artifacts/melspecs/67/1087567.npy,128,1292
track_1087568,68/1087568.mp3,128.8,train,artifacts/melspecs/68/1087568.npy,128,1292
track_1087886,86/1087886.mp3,365.6,train,artifacts/melspecs/86/1087886.npy,128,1292
track_1087887,87/1087887.mp3,310.9,train,artifacts/melspecs/87/1087887.npy,128,1292
track_1087888,88/1087888.mp3,385.3,train,artifacts/melspecs/88/1087888.npy,128,1292
track_1087889,89/1087889.mp3,320.6,train,artifacts/melspecs/89/1087889.npy,128,1292
track_1088380,80/1088380.mp3,340.0,train,artifacts/melspecs/80/1088380.npy,128,1292
track_1088578,78/1088578.mp3,94.7,train,artifacts/melspecs/78/1088578.npy,128,1292
track_1088579,79/1088579.mp3,44.8,train,artifacts/melspecs/79/1088579.npy,128,1292
track_1088580,80/1088580.mp3,30.0,train,artifacts/melspecs/80/1088580.npy,128,1292
track_1088582,82/1088582.mp3,35.0,train,artifacts/melspecs/82/1088582.npy,128,1292
track_1088586,86/1088586.mp3,83.2,train,artifacts/melspecs/86/1088586.npy,128,1292
track_1088587,87/1088587.mp3,95.0,train,artifacts/melspecs/87/1088587.npy,128,1292
track_1088590,90/1088590.mp3,102.0,train,artifacts/melspecs/90/1088590.npy,128,1292
track_1088593,93/1088593.mp3,152.7,train,artifacts/melspecs/93/1088593.npy,128,1292
track_1088596,96/1088596.mp3,30.0,train,artifacts/melspecs/96/1088596.npy,128,1292
track_1088597,97/1088597.mp3,124.3,train,artifacts/melspecs/97/1088597.npy,128,1292
track_1088603,03/1088603.mp3,30.6,train,artifacts/melspecs/03/1088603.npy,128,1292
track_1089133,33/1089133.mp3,92.2,train,artifacts/melspecs/33/1089133.npy,128,1292
track_1089134,34/1089134.mp3,132.9,train,artifacts/melspecs/34/1089134.npy,128,1292
track_1089135,35/1089135.mp3,85.4,train,artifacts/melspecs/35/1089135.npy,128,1292
track_1089136,36/1089136.mp3,44.4,train,artifacts/melspecs/36/1089136.npy,128,1292
track_1089137,37/1089137.mp3,164.6,train,artifacts/melspecs/37/1089137.npy,128,1292
track_1089138,38/1089138.mp3,88.7,train,artifacts/melspecs/38/1089138.npy,128,1292
track_1089139,39/1089139.mp3,88.7,train,artifacts/melspecs/39/1089139.npy,128,1292
track_1089140,40/1089140.mp3,75.6,train,artifacts/melspecs/40/1089140.npy,128,1292
track_1089141,41/1089141.mp3,30.7,train,artifacts/melspecs/41/1089141.npy,128,1292
track_1089142,42/1089142.mp3,73.9,train,artifacts/melspecs/42/1089142.npy,128,1292
track_1089143,43/1089143.mp3,48.0,train,artifacts/melspecs/43/1089143.npy,128,1292
track_1089144,44/1089144.mp3,76.8,train,artifacts/melspecs/44/1089144.npy,128,1292
track_1090652,52/1090652.mp3,258.5,train,artifacts/melspecs/52/1090652.npy,128,1292
track_1090657,57/1090657.mp3,182.1,train,artifacts/melspecs/57/1090657.npy,128,1292
track_1090658,58/1090658.mp3,132.9,train,artifacts/melspecs/58/1090658.npy,128,1292
track_1091134,34/1091134.mp3,184.6,train,artifacts/melspecs/34/1091134.npy,128,1292
track_1091337,37/1091337.mp3,280.7,train,artifacts/melspecs/37/1091337.npy,128,1292
track_1091441,41/1091441.mp3,296.6,train,artifacts/melspecs/41/1091441.npy,128,1292
track_1092251,51/1092251.mp3,170.8,train,artifacts/melspecs/51/1092251.npy,128,1292
track_1092901,01/1092901.mp3,175.5,train,artifacts/melspecs/01/1092901.npy,128,1292
track_1093426,26/1093426.mp3,228.2,train,artifacts/melspecs/26/1093426.npy,128,1292
track_1093427,27/1093427.mp3,263.3,train,artifacts/melspecs/27/1093427.npy,128,1292
track_1093428,28/1093428.mp3,288.0,train,artifacts/melspecs/28/1093428.npy,128,1292
track_1093429,29/1093429.mp3,214.2,train,artifacts/melspecs/29/1093429.npy,128,1292
track_1093430,30/1093430.mp3,200.5,train,artifacts/melspecs/30/1093430.npy,128,1292
track_1093431,31/1093431.mp3,243.5,train,artifacts/melspecs/31/1093431.npy,128,1292
track_1093432,32/1093432.mp3,241.9,train,artifacts/melspecs/32/1093432.npy,128,1292
track_1093433,33/1093433.mp3,258.0,train,artifacts/melspecs/33/1093433.npy,128,1292
track_1093434,34/1093434.mp3,240.0,train,artifacts/melspecs/34/1093434.npy,128,1292
track_1093435,35/1093435.mp3,228.0,train,artifacts/melspecs/35/1093435.npy,128,1292
track_1093436,36/1093436.mp3,246.0,train,artifacts/melspecs/36/1093436.npy,128,1292
track_1093606,06/1093606.mp3,218.2,train,artifacts/melspecs/06/1093606.npy,128,1292
track_1093607,07/1093607.mp3,270.7,train,artifacts/melspecs/07/1093607.npy,128,1292
track_1093608,08/1093608.mp3,268.6,train,artifacts/melspecs/08/1093608.npy,128,1292
track_1093609,09/1093609.mp3,222.0,train,artifacts/melspecs/09/1093609.npy,128,1292
track_1093610,10/1093610.mp3,241.9,train,artifacts/melspecs/10/1093610.npy,128,1292
track_1093613,13/1093613.mp3,269.1,train,artifacts/melspecs/13/1093613.npy,128,1292
track_1093614,14/1093614.mp3,185.2,train,artifacts/melspecs/14/1093614.npy,128,1292
track_1093615,15/1093615.mp3,255.0,train,artifacts/melspecs/15/1093615.npy,128,1292
track_1093616,16/1093616.mp3,230.7,train,artifacts/melspecs/16/1093616.npy,128,1292
track_1093617,17/1093617.mp3,264.6,train,artifacts/melspecs/17/1093617.npy,128,1292
track_1093848,48/1093848.mp3,300.2,train,artifacts/melspecs/48/1093848.npy,128,1292
track_1093849,49/1093849.mp3,289.2,train,artifacts/melspecs/49/1093849.npy,128,1292
track_1094474,74/1094474.mp3,270.7,train,artifacts/melspecs/74/1094474.npy,128,1292
track_1094475,75/1094475.mp3,216.4,train,artifacts/melspecs/75/1094475.npy,128,1292
track_1094476,76/1094476.mp3,268.6,train,artifacts/melspecs/76/1094476.npy,128,1292
track_1094477,77/1094477.mp3,222.0,train,artifacts/melspecs/77/1094477.npy,128,1292
track_1094478,78/1094478.mp3,241.9,train,artifacts/melspecs/78/1094478.npy,128,1292
track_1094482,82/1094482.mp3,255.0,train,artifacts/melspecs/82/1094482.npy,128,1292
track_1094515,15/1094515.mp3,104.0,train,artifacts/melspecs/15/1094515.npy,128,1292
track_1094517,17/1094517.mp3,162.0,train,artifacts/melspecs/17/1094517.npy,128,1292
track_1095102,02/1095102.mp3,390.3,train,artifacts/melspecs/02/1095102.npy,128,1292
track_1095391,91/1095391.mp3,216.0,train,artifacts/melspecs/91/1095391.npy,128,1292
track_1095473,73/1095473.mp3,120.0,train,artifacts/melspecs/73/1095473.npy,128,1292
track_1095746,46/1095746.mp3,185.8,train,artifacts/melspecs/46/1095746.npy,128,1292
track_1095755,55/1095755.mp3,137.2,train,artifacts/melspecs/55/1095755.npy,128,1292
track_1095757,57/1095757.mp3,84.5,train,artifacts/melspecs/57/1095757.npy,128,1292
track_1096077,77/1096077.mp3,30.0,train,artifacts/melspecs/77/1096077.npy,128,1292
track_1096078,78/1096078.mp3,142.9,train,artifacts/melspecs/78/1096078.npy,128,1292
track_1096082,82/1096082.mp3,134.0,train,artifacts/melspecs/82/1096082.npy,128,1292
track_1096084,84/1096084.mp3,32.6,train,artifacts/melspecs/84/1096084.npy,128,1292
track_1096088,88/1096088.mp3,108.3,train,artifacts/melspecs/88/1096088.npy,128,1292
track_1096089,89/1096089.mp3,34.8,train,artifacts/melspecs/89/1096089.npy,128,1292
track_1096096,96/1096096.mp3,80.1,train,artifacts/melspecs/96/1096096.npy,128,1292
track_1096097,97/1096097.mp3,30.0,train,artifacts/melspecs/97/1096097.npy,128,1292
track_1096098,98/1096098.mp3,30.7,train,artifacts/melspecs/98/1096098.npy,128,1292
track_1096244,44/1096244.mp3,276.0,train,artifacts/melspecs/44/1096244.npy,128,1292
track_1096247,47/1096247.mp3,328.0,train,artifacts/melspecs/47/1096247.npy,128,1292
track_1096253,53/1096253.mp3,286.0,train,artifacts/melspecs/53/1096253.npy,128,1292
track_1096511,11/1096511.mp3,295.7,train,artifacts/melspecs/11/1096511.npy,128,1292
track_1096536,36/1096536.mp3,83.9,train,artifacts/melspecs/36/1096536.npy,128,1292
track_1096870,70/1096870.mp3,220.6,train,artifacts/melspecs/70/1096870.npy,128,1292
track_1096872,72/1096872.mp3,233.4,train,artifacts/melspecs/72/1096872.npy,128,1292
track_1096873,73/1096873.mp3,220.6,train,artifacts/melspecs/73/1096873.npy,128,1292
track_1098130,30/1098130.mp3,265.0,train,artifacts/melspecs/30/1098130.npy,128,1292
track_1098161,61/1098161.mp3,216.7,train,artifacts/melspecs/61/1098161.npy,128,1292
track_1098436,36/1098436.mp3,185.1,train,artifacts/melspecs/36/1098436.npy,128,1292
track_1098504,04/1098504.mp3,254.0,train,artifacts/melspecs/04/1098504.npy,128,1292
track_1098829,29/1098829.mp3,186.0,train,artifacts/melspecs/29/1098829.npy,128,1292
track_1098830,30/1098830.mp3,186.0,train,artifacts/melspecs/30/1098830.npy,128,1292
track_1098836,36/1098836.mp3,224.2,train,artifacts/melspecs/36/1098836.npy,128,1292
track_1098837,37/1098837.mp3,144.0,train,artifacts/melspecs/37/1098837.npy,128,1292
track_1099433,33/1099433.mp3,150.0,train,artifacts/melspecs/33/1099433.npy,128,1292
track_1099437,37/1099437.mp3,95.9,train,artifacts/melspecs/37/1099437.npy,128,1292
track_1099456,56/1099456.mp3,472.8,train,artifacts/melspecs/56/1099456.npy,128,1292
track_1099689,89/1099689.mp3,168.4,train,artifacts/melspecs/89/1099689.npy,128,1292
track_1099692,92/1099692.mp3,203.1,train,artifacts/melspecs/92/1099692.npy,128,1292
track_1099693,93/1099693.mp3,202.6,train,artifacts/melspecs/93/1099693.npy,128,1292
track_1099694,94/1099694.mp3,176.4,train,artifacts/melspecs/94/1099694.npy,128,1292
track_1099695,95/1099695.mp3,105.8,train,artifacts/melspecs/95/1099695.npy,128,1292
track_1099784,84/1099784.mp3,203.6,train,artifacts/melspecs/84/1099784.npy,128,1292
track_1100424,24/1100424.mp3,192.0,train,artifacts/melspecs/24/1100424.npy,128,1292
track_1100425,25/1100425.mp3,90.7,train,artifacts/melspecs/25/1100425.npy,128,1292
track_1100750,50/1100750.mp3,224.7,train,artifacts/melspecs/50/1100750.npy,128,1292
track_1100751,51/1100751.mp3,95.3,train,artifacts/melspecs/51/1100751.npy,128,1292
track_1100752,52/1100752.mp3,90.6,train,artifacts/melspecs/52/1100752.npy,128,1292
track_1100971,71/1100971.mp3,144.1,train,artifacts/melspecs/71/1100971.npy,128,1292
track_1100972,72/1100972.mp3,168.4,train,artifacts/melspecs/72/1100972.npy,128,1292
track_1101131,31/1101131.mp3,73.4,train,artifacts/melspecs/31/1101131.npy,128,1292
track_1101133,33/1101133.mp3,155.4,train,artifacts/melspecs/33/1101133.npy,128,1292
track_1101296,96/1101296.mp3,138.3,train,artifacts/melspecs/96/1101296.npy,128,1292
track_1101337,37/1101337.mp3,156.7,train,artifacts/melspecs/37/1101337.npy,128,1292
track_1101594,94/1101594.mp3,229.0,train,artifacts/melspecs/94/1101594.npy,128,1292
track_1101595,95/1101595.mp3,216.5,train,artifacts/melspecs/95/1101595.npy,128,1292
track_1101596,96/1101596.mp3,212.5,train,artifacts/melspecs/96/1101596.npy,128,1292
track_1101597,97/1101597.mp3,190.5,train,artifacts/melspecs/97/1101597.npy,128,1292
track_1103259,59/1103259.mp3,104.5,train,artifacts/melspecs/59/1103259.npy,128,1292
track_1103260,60/1103260.mp3,155.3,train,artifacts/melspecs/60/1103260.npy,128,1292
track_1103263,63/1103263.mp3,171.3,train,artifacts/melspecs/63/1103263.npy,128,1292
track_1103308,08/1103308.mp3,266.0,train,artifacts/melspecs/08/1103308.npy,128,1292
track_1104753,53/1104753.mp3,241.1,train,artifacts/melspecs/53/1104753.npy,128,1292
track_1105467,67/1105467.mp3,262.8,train,artifacts/melspecs/67/1105467.npy,128,1292
track_1106580,80/1106580.mp3,124.7,train,artifacts/melspecs/80/1106580.npy,128,1292
track_1106586,86/1106586.mp3,268.2,train,artifacts/melspecs/86/1106586.npy,128,1292
track_1108005,05/1108005.mp3,289.6,train,artifacts/melspecs/05/1108005.npy,128,1292
track_1108302,02/1108302.mp3,237.9,train,artifacts/melspecs/02/1108302.npy,128,1292
track_1109581,81/1109581.mp3,152.7,train,artifacts/melspecs/81/1109581.npy,128,1292
track_1109764,64/1109764.mp3,170.3,train,artifacts/melspecs/64/1109764.npy,128,1292
track_1109765,65/1109765.mp3,159.9,train,artifacts/melspecs/65/1109765.npy,128,1292
track_1109766,66/1109766.mp3,248.1,train,artifacts/melspecs/66/1109766.npy,128,1292
track_1109767,67/1109767.mp3,267.8,train,artifacts/melspecs/67/1109767.npy,128,1292
track_1109768,68/1109768.mp3,213.1,train,artifacts/melspecs/68/1109768.npy,128,1292
track_1109769,69/1109769.mp3,182.2,train,artifacts/melspecs/69/1109769.npy,128,1292
track_1109770,70/1109770.mp3,184.8,train,artifacts/melspecs/70/1109770.npy,128,1292
track_1109771,71/1109771.mp3,197.5,train,artifacts/melspecs/71/1109771.npy,128,1292
track_1109773,73/1109773.mp3,165.0,train,artifacts/melspecs/73/1109773.npy,128,1292
track_1109971,71/1109971.mp3,30.0,train,artifacts/melspecs/71/1109971.npy,128,1292
track_1109972,72/1109972.mp3,112.5,train,artifacts/melspecs/72/1109972.npy,128,1292
track_1109975,75/1109975.mp3,39.2,train,artifacts/melspecs/75/1109975.npy,128,1292
track_1109980,80/1109980.mp3,30.0,train,artifacts/melspecs/80/1109980.npy,128,1292
track_1109981,81/1109981.mp3,30.0,train,artifacts/melspecs/81/1109981.npy,128,1292
track_1109983,83/1109983.mp3,33.3,train,artifacts/melspecs/83/1109983.npy,128,1292
track_1109984,84/1109984.mp3,30.0,train,artifacts/melspecs/84/1109984.npy,128,1292
track_1109986,86/1109986.mp3,139.3,train,artifacts/melspecs/86/1109986.npy,128,1292
track_1109988,88/1109988.mp3,75.5,train,artifacts/melspecs/88/1109988.npy,128,1292
track_1109991,91/1109991.mp3,30.0,train,artifacts/melspecs/91/1109991.npy,128,1292
track_1109993,93/1109993.mp3,58.1,train,artifacts/melspecs/93/1109993.npy,128,1292
track_1109994,94/1109994.mp3,39.2,train,artifacts/melspecs/94/1109994.npy,128,1292
track_1111209,09/1111209.mp3,290.4,train,artifacts/melspecs/09/1111209.npy,128,1292
track_1112173,73/1112173.mp3,411.0,train,artifacts/melspecs/73/1112173.npy,128,1292
track_1114028,28/1114028.mp3,195.0,train,artifacts/melspecs/28/1114028.npy,128,1292
track_1114030,30/1114030.mp3,181.9,train,artifacts/melspecs/30/1114030.npy,128,1292
track_1114031,31/1114031.mp3,201.5,train,artifacts/melspecs/31/1114031.npy,128,1292
track_1114033,33/1114033.mp3,287.0,train,artifacts/melspecs/33/1114033.npy,128,1292
track_1114034,34/1114034.mp3,150.6,train,artifacts/melspecs/34/1114034.npy,128,1292
track_1114035,35/1114035.mp3,106.9,train,artifacts/melspecs/35/1114035.npy,128,1292
track_1114036,36/1114036.mp3,143.0,train,artifacts/melspecs/36/1114036.npy,128,1292
track_1114037,37/1114037.mp3,97.7,train,artifacts/melspecs/37/1114037.npy,128,1292
track_1114038,38/1114038.mp3,261.9,train,artifacts/melspecs/38/1114038.npy,128,1292
track_1114039,39/1114039.mp3,239.2,train,artifacts/melspecs/39/1114039.npy,128,1292
track_1114040,40/1114040.mp3,233.4,train,artifacts/melspecs/40/1114040.npy,128,1292
track_1114271,71/1114271.mp3,317.2,train,artifacts/melspecs/71/1114271.npy,128,1292
track_1115513,13/1115513.mp3,247.9,train,artifacts/melspecs/13/1115513.npy,128,1292
track_1115594,94/1115594.mp3,192.1,train,artifacts/melspecs/94/1115594.npy,128,1292
track_1115595,95/1115595.mp3,134.0,train,artifacts/melspecs/95/1115595.npy,128,1292
track_1115596,96/1115596.mp3,188.3,train,artifacts/melspecs/96/1115596.npy,128,1292
track_1115915,15/1115915.mp3,201.0,train,artifacts/melspecs/15/1115915.npy,128,1292
track_1116441,41/1116441.mp3,415.8,train,artifacts/melspecs/41/1116441.npy,128,1292
track_1116449,49/1116449.mp3,213.8,train,artifacts/melspecs/49/1116449.npy,128,1292
track_1116453,53/1116453.mp3,553.6,train,artifacts/melspecs/53/1116453.npy,128,1292
track_1116541,41/1116541.mp3,214.0,train,artifacts/melspecs/41/1116541.npy,128,1292
track_1116711,11/1116711.mp3,63.2,train,artifacts/melspecs/11/1116711.npy,128,1292
track_1116712,12/1116712.mp3,114.2,train,artifacts/melspecs/12/1116712.npy,128,1292
track_1118653,53/1118653.mp3,348.8,train,artifacts/melspecs/53/1118653.npy,128,1292
track_1118833,33/1118833.mp3,196.7,train,artifacts/melspecs/33/1118833.npy,128,1292
track_1118838,38/1118838.mp3,524.7,train,artifacts/melspecs/38/1118838.npy,128,1292
track_1118842,42/1118842.mp3,169.7,train,artifacts/melspecs/42/1118842.npy,128,1292
track_1119722,22/1119722.mp3,157.2,train,artifacts/melspecs/22/1119722.npy,128,1292
track_1119725,25/1119725.mp3,127.8,train,artifacts/melspecs/25/1119725.npy,128,1292
track_1119734,34/1119734.mp3,154.7,train,artifacts/melspecs/34/1119734.npy,128,1292
track_1119735,35/1119735.mp3,30.1,train,artifacts/melspecs/35/1119735.npy,128,1292
track_1119738,38/1119738.mp3,37.3,train,artifacts/melspecs/38/1119738.npy,128,1292
track_1119740,40/1119740.mp3,30.0,train,artifacts/melspecs/40/1119740.npy,128,1292
track_1119745,45/1119745.mp3,155.3,train,artifacts/melspecs/45/1119745.npy,128,1292
track_1119746,46/1119746.mp3,74.1,train,artifacts/melspecs/46/1119746.npy,128,1292
track_1119927,27/1119927.mp3,89.3,train,artifacts/melspecs/27/1119927.npy,128,1292
track_1119928,28/1119928.mp3,237.0,train,artifacts/melspecs/28/1119928.npy,128,1292
track_1119929,29/1119929.mp3,202.3,train,artifacts/melspecs/29/1119929.npy,128,1292
track_1119930,30/1119930.mp3,224.2,train,artifacts/melspecs/30/1119930.npy,128,1292
track_1119931,31/1119931.mp3,190.1,train,artifacts/melspecs/31/1119931.npy,128,1292
track_1119932,32/1119932.mp3,285.5,train,artifacts/melspecs/32/1119932.npy,128,1292
track_1119933,33/1119933.mp3,202.8,train,artifacts/melspecs/33/1119933.npy,128,1292
track_1119934,34/1119934.mp3,163.4,train,artifacts/melspecs/34/1119934.npy,128,1292
track_1119935,35/1119935.mp3,163.1,train,artifacts/melspecs/35/1119935.npy,128,1292
track_1119936,36/1119936.mp3,187.2,train,artifacts/melspecs/36/1119936.npy,128,1292
track_1119937,37/1119937.mp3,252.3,train,artifacts/melspecs/37/1119937.npy,128,1292
track_1119938,38/1119938.mp3,194.4,train,artifacts/melspecs/38/1119938.npy,128,1292
track_1119939,39/1119939.mp3,204.5,train,artifacts/melspecs/39/1119939.npy,128,1292
track_1119940,40/1119940.mp3,224.9,train,artifacts/melspecs/40/1119940.npy,128,1292
track_1119941,41/1119941.mp3,247.2,train,artifacts/melspecs/41/1119941.npy,128,1292
track_1119942,42/1119942.mp3,162.8,train,artifacts/melspecs/42/1119942.npy,128,1292
track_1119966,66/1119966.mp3,228.4,train,artifacts/melspecs/66/1119966.npy,128,1292
track_1121392,92/1121392.mp3,204.0,train,artifacts/melspecs/92/1121392.npy,128,1292
track_1121394,94/1121394.mp3,163.6,train,artifacts/melspecs/94/1121394.npy,128,1292
track_1121395,95/1121395.mp3,207.1,train,artifacts/melspecs/95/1121395.npy,128,1292
track_1121396,96/1121396.mp3,202.9,train,artifacts/melspecs/96/1121396.npy,128,1292
track_1121397,97/1121397.mp3,184.2,train,artifacts/melspecs/97/1121397.npy,128,1292
track_1121400,00/1121400.mp3,198.2,train,artifacts/melspecs/00/1121400.npy,128,1292
track_1121401,01/1121401.mp3,193.4,train,artifacts/melspecs/01/1121401.npy,128,1292
track_1121402,02/1121402.mp3,191.2,train,artifacts/melspecs/02/1121402.npy,128,1292
track_1121403,03/1121403.mp3,143.6,train,artifacts/melspecs/03/1121403.npy,128,1292
track_1121404,04/1121404.mp3,178.1,train,artifacts/melspecs/04/1121404.npy,128,1292
track_1121405,05/1121405.mp3,181.0,train,artifacts/melspecs/05/1121405.npy,128,1292
track_1121406,06/1121406.mp3,266.8,train,artifacts/melspecs/06/1121406.npy,128,1292
track_1121408,08/1121408.mp3,362.9,train,artifacts/melspecs/08/1121408.npy,128,1292
track_1121409,09/1121409.mp3,172.2,train,artifacts/melspecs/09/1121409.npy,128,1292
track_1121413,13/1121413.mp3,359.0,train,artifacts/melspecs/13/1121413.npy,128,1292
track_1121414,14/1121414.mp3,352.9,train,artifacts/melspecs/14/1121414.npy,128,1292
track_1121415,15/1121415.mp3,366.9,train,artifacts/melspecs/15/1121415.npy,128,1292
track_1121416,16/1121416.mp3,399.7,train,artifacts/melspecs/16/1121416.npy,128,1292
track_1121417,17/1121417.mp3,352.5,train,artifacts/melspecs/17/1121417.npy,128,1292
track_1121418,18/1121418.mp3,279.3,train,artifacts/melspecs/18/1121418.npy,128,1292
track_1121420,20/1121420.mp3,320.2,train,artifacts/melspecs/20/1121420.npy,128,1292
track_1121421,21/1121421.mp3,332.3,train,artifacts/melspecs/21/1121421.npy,128,1292
track_1121422,22/1121422.mp3,428.3,train,artifacts/melspecs/22/1121422.npy,128,1292
track_1121423,23/1121423.mp3,403.6,train,artifacts/melspecs/23/1121423.npy,128,1292
track_1121424,24/1121424.mp3,187.7,train,artifacts/melspecs/24/1121424.npy,128,1292
track_1121425,25/1121425.mp3,239.4,train,artifacts/melspecs/25/1121425.npy,128,1292
track_1121426,26/1121426.mp3,184.4,train,artifacts/melspecs/26/1121426.npy,128,1292
track_1121428,28/1121428.mp3,147.1,train,artifacts/melspecs/28/1121428.npy,128,1292
track_1121430,30/1121430.mp3,268.8,train,artifacts/melspecs/30/1121430.npy,128,1292
track_1121431,31/1121431.mp3,335.0,train,artifacts/melspecs/31/1121431.npy,128,1292
track_1121432,32/1121432.mp3,226.0,train,artifacts/melspecs/32/1121432.npy,128,1292
track_1121433,33/1121433.mp3,398.7,train,artifacts/melspecs/33/1121433.npy,128,1292
track_1121434,34/1121434.mp3,398.8,train,artifacts/melspecs/34/1121434.npy,128,1292
track_1121435,35/1121435.mp3,440.7,train,artifacts/melspecs/35/1121435.npy,128,1292
track_1121436,36/1121436.mp3,187.1,train,artifacts/melspecs/36/1121436.npy,128,1292
track_1121439,39/1121439.mp3,179.9,train,artifacts/melspecs/39/1121439.npy,128,1292
track_1121442,42/1121442.mp3,241.6,train,artifacts/melspecs/42/1121442.npy,128,1292
track_1121443,43/1121443.mp3,212.5,train,artifacts/melspecs/43/1121443.npy,128,1292
track_1121446,46/1121446.mp3,319.3,train,artifacts/melspecs/46/1121446.npy,128,1292
track_1121450,50/1121450.mp3,359.0,train,artifacts/melspecs/50/1121450.npy,128,1292
track_1121452,52/1121452.mp3,523.9,train,artifacts/melspecs/52/1121452.npy,128,1292
track_1121455,55/1121455.mp3,165.5,train,artifacts/melspecs/55/1121455.npy,128,1292
track_1121457,57/1121457.mp3,223.7,train,artifacts/melspecs/57/1121457.npy,128,1292
track_1121458,58/1121458.mp3,162.6,train,artifacts/melspecs/58/1121458.npy,128,1292
track_1121459,59/1121459.mp3,161.5,train,artifacts/melspecs/59/1121459.npy,128,1292
track_1121460,60/1121460.mp3,180.6,train,artifacts/melspecs/60/1121460.npy,128,1292
track_1121461,61/1121461.mp3,219.5,train,artifacts/melspecs/61/1121461.npy,128,1292
track_1121463,63/1121463.mp3,221.9,train,artifacts/melspecs/63/1121463.npy,128,1292
track_1121464,64/1121464.mp3,233.9,train,artifacts/melspecs/64/1121464.npy,128,1292
track_1121465,65/1121465.mp3,207.3,train,artifacts/melspecs/65/1121465.npy,128,1292
track_1121503,03/1121503.mp3,187.3,train,artifacts/melspecs/03/1121503.npy,128,1292
track_1121504,04/1121504.mp3,210.8,train,artifacts/melspecs/04/1121504.npy,128,1292
track_1121554,54/1121554.mp3,243.7,train,artifacts/melspecs/54/1121554.npy,128,1292
track_1121567,67/1121567.mp3,86.1,train,artifacts/melspecs/67/1121567.npy,128,1292
track_1122856,56/1122856.mp3,224.3,train,artifacts/melspecs/56/1122856.npy,128,1292
track_1122913,13/1122913.mp3,261.4,train,artifacts/melspecs/13/1122913.npy,128,1292
track_1122915,15/1122915.mp3,465.9,train,artifacts/melspecs/15/1122915.npy,128,1292
track_1123871,71/1123871.mp3,76.9,train,artifacts/melspecs/71/1123871.npy,128,1292
track_1123876,76/1123876.mp3,36.5,train,artifacts/melspecs/76/1123876.npy,128,1292
track_1123878,78/1123878.mp3,114.8,train,artifacts/melspecs/78/1123878.npy,128,1292
track_1124188,88/1124188.mp3,286.3,train,artifacts/melspecs/88/1124188.npy,128,1292
track_1124375,75/1124375.mp3,327.1,train,artifacts/melspecs/75/1124375.npy,128,1292
track_1124384,84/1124384.mp3,283.1,train,artifacts/melspecs/84/1124384.npy,128,1292
track_1125482,82/1125482.mp3,257.1,train,artifacts/melspecs/82/1125482.npy,128,1292
track_1125484,84/1125484.mp3,228.0,train,artifacts/melspecs/84/1125484.npy,128,1292
track_1125485,85/1125485.mp3,245.1,train,artifacts/melspecs/85/1125485.npy,128,1292
track_1125486,86/1125486.mp3,216.3,train,artifacts/melspecs/86/1125486.npy,128,1292
track_1125487,87/1125487.mp3,220.8,train,artifacts/melspecs/87/1125487.npy,128,1292
track_1125488,88/1125488.mp3,232.5,train,artifacts/melspecs/88/1125488.npy,128,1292
track_1125489,89/1125489.mp3,300.0,train,artifacts/melspecs/89/1125489.npy,128,1292
track_1125671,71/1125671.mp3,98.1,train,artifacts/melspecs/71/1125671.npy,128,1292
track_1125673,73/1125673.mp3,92.4,train,artifacts/melspecs/73/1125673.npy,128,1292
track_1125675,75/1125675.mp3,30.1,train,artifacts/melspecs/75/1125675.npy,128,1292
track_1125676,76/1125676.mp3,34.3,train,artifacts/melspecs/76/1125676.npy,128,1292
track_1125677,77/1125677.mp3,34.3,train,artifacts/melspecs/77/1125677.npy,128,1292
track_1125679,79/1125679.mp3,30.9,train,artifacts/melspecs/79/1125679.npy,128,1292
track_1125684,84/1125684.mp3,91.4,train,artifacts/melspecs/84/1125684.npy,128,1292
track_1125685,85/1125685.mp3,92.6,train,artifacts/melspecs/85/1125685.npy,128,1292
track_1125687,87/1125687.mp3,60.0,train,artifacts/melspecs/87/1125687.npy,128,1292
track_1125688,88/1125688.mp3,56.0,train,artifacts/melspecs/88/1125688.npy,128,1292
track_1125690,90/1125690.mp3,60.0,train,artifacts/melspecs/90/1125690.npy,128,1292
track_1125834,34/1125834.mp3,226.3,train,artifacts/melspecs/34/1125834.npy,128,1292
track_1128035,35/1128035.mp3,142.0,train,artifacts/melspecs/35/1128035.npy,128,1292
track_1128036,36/1128036.mp3,99.0,train,artifacts/melspecs/36/1128036.npy,128,1292
track_1128037,37/1128037.mp3,144.4,train,artifacts/melspecs/37/1128037.npy,128,1292
track_1128044,44/1128044.mp3,99.0,train,artifacts/melspecs/44/1128044.npy,128,1292
track_1128045,45/1128045.mp3,199.2,train,artifacts/melspecs/45/1128045.npy,128,1292
track_1128046,46/1128046.mp3,99.1,train,artifacts/melspecs/46/1128046.npy,128,1292
track_1128047,47/1128047.mp3,122.4,train,artifacts/melspecs/47/1128047.npy,128,1292
track_1128048,48/1128048.mp3,87.4,train,artifacts/melspecs/48/1128048.npy,128,1292
track_1128049,49/1128049.mp3,127.3,train,artifacts/melspecs/49/1128049.npy,128,1292
track_1128218,18/1128218.mp3,214.0,train,artifacts/melspecs/18/1128218.npy,128,1292
track_1128822,22/1128822.mp3,49.0,train,artifacts/melspecs/22/1128822.npy,128,1292
track_1128886,86/1128886.mp3,313.8,train,artifacts/melspecs/86/1128886.npy,128,1292
track_1128887,87/1128887.mp3,1111.2,train,artifacts/melspecs/87/1128887.npy,128,1292
track_1128888,88/1128888.mp3,224.5,train,artifacts/melspecs/88/1128888.npy,128,1292
track_1128889,89/1128889.mp3,414.3,train,artifacts/melspecs/89/1128889.npy,128,1292
track_1128890,90/1128890.mp3,182.4,train,artifacts/melspecs/90/1128890.npy,128,1292
track_1128891,91/1128891.mp3,438.5,train,artifacts/melspecs/91/1128891.npy,128,1292
track_1129026,26/1129026.mp3,232.0,train,artifacts/melspecs/26/1129026.npy,128,1292
track_1129127,27/1129127.mp3,672.0,train,artifacts/melspecs/27/1129127.npy,128,1292
track_1129128,28/1129128.mp3,1192.4,train,artifacts/melspecs/28/1129128.npy,128,1292
track_1129129,29/1129129.mp3,557.1,train,artifacts/melspecs/29/1129129.npy,128,1292
track_1129798,98/1129798.mp3,813.0,train,artifacts/melspecs/98/1129798.npy,128,1292
track_1129799,99/1129799.mp3,522.0,train,artifacts/melspecs/99/1129799.npy,128,1292
track_1129800,00/1129800.mp3,525.5,train,artifacts/melspecs/00/1129800.npy,128,1292
track_1129801,01/1129801.mp3,455.3,train,artifacts/melspecs/01/1129801.npy,128,1292
track_1131076,76/1131076.mp3,388.4,train,artifacts/melspecs/76/1131076.npy,128,1292
track_1131130,30/1131130.mp3,190.4,train,artifacts/melspecs/30/1131130.npy,128,1292
track_1131209,09/1131209.mp3,471.7,train,artifacts/melspecs/09/1131209.npy,128,1292
track_1131442,42/1131442.mp3,275.1,train,artifacts/melspecs/42/1131442.npy,128,1292
track_1131443,43/1131443.mp3,248.1,train,artifacts/melspecs/43/1131443.npy,128,1292
track_1131444,44/1131444.mp3,319.1,train,artifacts/melspecs/44/1131444.npy,128,1292
track_1131445,45/1131445.mp3,245.1,train,artifacts/melspecs/45/1131445.npy,128,1292
track_1131446,46/1131446.mp3,248.1,train,artifacts/melspecs/46/1131446.npy,128,1292
track_1131447,47/1131447.mp3,357.0,train,artifacts/melspecs/47/1131447.npy,128,1292
track_1131448,48/1131448.mp3,384.1,train,artifacts/melspecs/48/1131448.npy,128,1292
track_1131449,49/1131449.mp3,228.0,train,artifacts/melspecs/49/1131449.npy,128,1292
track_1131450,50/1131450.mp3,257.3,train,artifacts/melspecs/50/1131450.npy,128,1292
track_1131451,51/1131451.mp3,287.5,train,artifacts/melspecs/51/1131451.npy,128,1292
track_1131452,52/1131452.mp3,225.1,train,artifacts/melspecs/52/1131452.npy,128,1292
track_1131453,53/1131453.mp3,290.1,train,artifacts/melspecs/53/1131453.npy,128,1292
track_1132793,93/1132793.mp3,184.4,train,artifacts/melspecs/93/1132793.npy,128,1292
track_1132794,94/1132794.mp3,62.0,train,artifacts/melspecs/94/1132794.npy,128,1292
track_1132803,03/1132803.mp3,172.3,train,artifacts/melspecs/03/1132803.npy,128,1292
track_1132804,04/1132804.mp3,95.6,train,artifacts/melspecs/04/1132804.npy,128,1292
track_1132805,05/1132805.mp3,153.6,train,artifacts/melspecs/05/1132805.npy,128,1292
track_1132806,06/1132806.mp3,61.4,train,artifacts/melspecs/06/1132806.npy,128,1292
track_1133168,68/1133168.mp3,122.4,train,artifacts/melspecs/68/1133168.npy,128,1292
track_1133268,68/1133268.mp3,109.0,train,artifacts/melspecs/68/1133268.npy,128,1292
track_1133285,85/1133285.mp3,147.6,train,artifacts/melspecs/85/1133285.npy,128,1292
track_1133286,86/1133286.mp3,108.2,train,artifacts/melspecs/86/1133286.npy,128,1292
track_1133289,89/1133289.mp3,78.9,train,artifacts/melspecs/89/1133289.npy,128,1292
track_1133339,39/1133339.mp3,305.3,train,artifacts/melspecs/39/1133339.npy,128,1292
track_1133341,41/1133341.mp3,284.5,train,artifacts/melspecs/41/1133341.npy,128,1292
track_1133342,42/1133342.mp3,267.7,train,artifacts/melspecs/42/1133342.npy,128,1292
track_1133343,43/1133343.mp3,256.9,train,artifacts/melspecs/43/1133343.npy,128,1292
track_1133344,44/1133344.mp3,251.3,train,artifacts/melspecs/44/1133344.npy,128,1292
track_1133345,45/1133345.mp3,326.3,train,artifacts/melspecs/45/1133345.npy,128,1292
track_1133346,46/1133346.mp3,288.8,train,artifacts/melspecs/46/1133346.npy,128,1292
track_1133347,47/1133347.mp3,278.4,train,artifacts/melspecs/47/1133347.npy,128,1292
track_1133348,48/1133348.mp3,307.5,train,artifacts/melspecs/48/1133348.npy,128,1292
track_1133349,49/1133349.mp3,299.5,train,artifacts/melspecs/49/1133349.npy,128,1292
track_1133350,50/1133350.mp3,274.3,train,artifacts/melspecs/50/1133350.npy,128,1292
track_1133467,67/1133467.mp3,226.0,train,artifacts/melspecs/67/1133467.npy,128,1292
track_1133553,53/1133553.mp3,125.1,train,artifacts/melspecs/53/1133553.npy,128,1292
track_1133554,54/1133554.mp3,140.3,train,artifacts/melspecs/54/1133554.npy,128,1292
track_1133558,58/1133558.mp3,112.0,train,artifacts/melspecs/58/1133558.npy,128,1292
track_1133559,59/1133559.mp3,35.4,train,artifacts/melspecs/59/1133559.npy,128,1292
track_1133560,60/1133560.mp3,35.3,train,artifacts/melspecs/60/1133560.npy,128,1292
track_1133562,62/1133562.mp3,30.0,train,artifacts/melspecs/62/1133562.npy,128,1292
track_1133566,66/1133566.mp3,30.0,train,artifacts/melspecs/66/1133566.npy,128,1292
track_1133568,68/1133568.mp3,30.0,train,artifacts/melspecs/68/1133568.npy,128,1292
track_1133569,69/1133569.mp3,30.0,train,artifacts/melspecs/69/1133569.npy,128,1292
track_1133570,70/1133570.mp3,35.1,train,artifacts/melspecs/70/1133570.npy,128,1292
track_1133574,74/1133574.mp3,30.0,train,artifacts/melspecs/74/1133574.npy,128,1292
track_1133987,87/1133987.mp3,168.0,train,artifacts/melspecs/87/1133987.npy,128,1292
track_1134429,29/1134429.mp3,247.1,train,artifacts/melspecs/29/1134429.npy,128,1292
track_1134430,30/1134430.mp3,170.4,train,artifacts/melspecs/30/1134430.npy,128,1292
track_1134431,31/1134431.mp3,360.3,train,artifacts/melspecs/31/1134431.npy,128,1292
track_1134432,32/1134432.mp3,181.3,train,artifacts/melspecs/32/1134432.npy,128,1292
track_1134433,33/1134433.mp3,299.9,train,artifacts/melspecs/33/1134433.npy,128,1292
track_1134434,34/1134434.mp3,258.1,train,artifacts/melspecs/34/1134434.npy,128,1292
track_1134435,35/1134435.mp3,95.8,train,artifacts/melspecs/35/1134435.npy,128,1292
track_1134436,36/1134436.mp3,106.6,train,artifacts/melspecs/36/1134436.npy,128,1292
track_1134437,37/1134437.mp3,195.3,train,artifacts/melspecs/37/1134437.npy,128,1292
track_1134438,38/1134438.mp3,605.2,train,artifacts/melspecs/38/1134438.npy,128,1292
track_1134439,39/1134439.mp3,224.2,train,artifacts/melspecs/39/1134439.npy,128,1292
track_1134460,60/1134460.mp3,159.0,train,artifacts/melspecs/60/1134460.npy,128,1292
track_1134466,66/1134466.mp3,162.0,train,artifacts/melspecs/66/1134466.npy,128,1292
track_1134756,56/1134756.mp3,100.3,train,artifacts/melspecs/56/1134756.npy,128,1292
track_1134758,58/1134758.mp3,139.3,train,artifacts/melspecs/58/1134758.npy,128,1292
track_1134761,61/1134761.mp3,124.4,train,artifacts/melspecs/61/1134761.npy,128,1292
track_1134854,54/1134854.mp3,687.8,train,artifacts/melspecs/54/1134854.npy,128,1292
track_1135064,64/1135064.mp3,330.3,train,artifacts/melspecs/64/1135064.npy,128,1292
track_1135069,69/1135069.mp3,273.8,train,artifacts/melspecs/69/1135069.npy,128,1292
track_1135071,71/1135071.mp3,294.9,train,artifacts/melspecs/71/1135071.npy,128,1292
track_1135387,87/1135387.mp3,288.5,train,artifacts/melspecs/87/1135387.npy,128,1292
track_1135390,90/1135390.mp3,160.1,train,artifacts/melspecs/90/1135390.npy,128,1292
track_1135858,58/1135858.mp3,266.1,train,artifacts/melspecs/58/1135858.npy,128,1292
track_1136335,35/1136335.mp3,61.5,train,artifacts/melspecs/35/1136335.npy,128,1292
track_1136336,36/1136336.mp3,109.5,train,artifacts/melspecs/36/1136336.npy,128,1292
track_1136337,37/1136337.mp3,115.2,train,artifacts/melspecs/37/1136337.npy,128,1292
track_1136338,38/1136338.mp3,88.7,train,artifacts/melspecs/38/1136338.npy,128,1292
track_1136339,39/1136339.mp3,59.1,train,artifacts/melspecs/39/1136339.npy,128,1292
track_1136340,40/1136340.mp3,59.1,train,artifacts/melspecs/40/1136340.npy,128,1292
track_1136341,41/1136341.mp3,76.9,train,artifacts/melspecs/41/1136341.npy,128,1292
track_1136342,42/1136342.mp3,60.0,train,artifacts/melspecs/42/1136342.npy,128,1292
track_1136343,43/1136343.mp3,88.7,train,artifacts/melspecs/43/1136343.npy,128,1292
track_1136344,44/1136344.mp3,118.2,train,artifacts/melspecs/44/1136344.npy,128,1292
track_1136345,45/1136345.mp3,48.0,train,artifacts/melspecs/45/1136345.npy,128,1292
track_1136346,46/1136346.mp3,59.1,train,artifacts/melspecs/46/1136346.npy,128,1292
track_1136612,12/1136612.mp3,129.0,train,artifacts/melspecs/12/1136612.npy,128,1292
track_1137259,59/1137259.mp3,75.0,train,artifacts/melspecs/59/1137259.npy,128,1292
track_1137276,76/1137276.mp3,129.4,train,artifacts/melspecs/76/1137276.npy,128,1292
track_1137277,77/1137277.mp3,150.0,train,artifacts/melspecs/77/1137277.npy,128,1292
track_1137710,10/1137710.mp3,266.0,train,artifacts/melspecs/10/1137710.npy,128,1292
track_1137711,11/1137711.mp3,266.0,train,artifacts/melspecs/11/1137711.npy,128,1292
track_1137780,80/1137780.mp3,94.5,train,artifacts/melspecs/80/1137780.npy,128,1292
track_1137781,81/1137781.mp3,135.9,train,artifacts/melspecs/81/1137781.npy,128,1292
track_1137782,82/1137782.mp3,92.0,train,artifacts/melspecs/82/1137782.npy,128,1292
track_1137935,35/1137935.mp3,325.0,train,artifacts/melspecs/35/1137935.npy,128,1292
track_1137936,36/1137936.mp3,244.5,train,artifacts/melspecs/36/1137936.npy,128,1292
track_1139428,28/1139428.mp3,415.8,train,artifacts/melspecs/28/1139428.npy,128,1292
track_1142627,27/1142627.mp3,118.2,train,artifacts/melspecs/27/1142627.npy,128,1292
track_1142628,28/1142628.mp3,91.4,train,artifacts/melspecs/28/1142628.npy,128,1292
track_1142629,29/1142629.mp3,140.5,train,artifacts/melspecs/29/1142629.npy,128,1292
track_1142630,30/1142630.mp3,127.1,train,artifacts/melspecs/30/1142630.npy,128,1292
track_1142631,31/1142631.mp3,75.8,train,artifacts/melspecs/31/1142631.npy,128,1292
track_1144752,52/1144752.mp3,31.8,train,artifacts/melspecs/52/1144752.npy,128,1292
track_1145280,80/1145280.mp3,163.6,train,artifacts/melspecs/80/1145280.npy,128,1292
track_1145281,81/1145281.mp3,182.1,train,artifacts/melspecs/81/1145281.npy,128,1292
track_1145282,82/1145282.mp3,228.4,train,artifacts/melspecs/82/1145282.npy,128,1292
track_1145283,83/1145283.mp3,148.1,train,artifacts/melspecs/83/1145283.npy,128,1292
track_1145284,84/1145284.mp3,145.6,train,artifacts/melspecs/84/1145284.npy,128,1292
track_1145285,85/1145285.mp3,219.9,train,artifacts/melspecs/85/1145285.npy,128,1292
track_1145286,86/1145286.mp3,184.3,train,artifacts/melspecs/86/1145286.npy,128,1292
track_1145287,87/1145287.mp3,161.8,train,artifacts/melspecs/87/1145287.npy,128,1292
track_1145288,88/1145288.mp3,146.6,train,artifacts/melspecs/88/1145288.npy,128,1292
track_1145289,89/1145289.mp3,152.7,train,artifacts/melspecs/89/1145289.npy,128,1292
track_1145441,41/1145441.mp3,240.0,train,artifacts/melspecs/41/1145441.npy,128,1292
track_1148177,77/1148177.mp3,178.1,train,artifacts/melspecs/77/1148177.npy,128,1292
track_1148178,78/1148178.mp3,213.4,train,artifacts/melspecs/78/1148178.npy,128,1292
track_1149205,05/1149205.mp3,58.7,train,artifacts/melspecs/05/1149205.npy,128,1292
track_1149206,06/1149206.mp3,54.9,train,artifacts/melspecs/06/1149206.npy,128,1292
track_1149207,07/1149207.mp3,82.3,train,artifacts/melspecs/07/1149207.npy,128,1292
track_1149208,08/1149208.mp3,71.1,train,artifacts/melspecs/08/1149208.npy,128,1292
track_1149209,09/1149209.mp3,56.9,train,artifacts/melspecs/09/1149209.npy,128,1292
track_1149210,10/1149210.mp3,75.0,train,artifacts/melspecs/10/1149210.npy,128,1292
track_1149211,11/1149211.mp3,81.4,train,artifacts/melspecs/11/1149211.npy,128,1292
track_1149212,12/1149212.mp3,84.0,train,artifacts/melspecs/12/1149212.npy,128,1292
track_1149214,14/1149214.mp3,56.6,train,artifacts/melspecs/14/1149214.npy,128,1292
track_1149215,15/1149215.mp3,82.3,train,artifacts/melspecs/15/1149215.npy,128,1292
track_1149216,16/1149216.mp3,54.9,train,artifacts/melspecs/16/1149216.npy,128,1292
track_1149217,17/1149217.mp3,70.6,train,artifacts/melspecs/17/1149217.npy,128,1292
track_1149218,18/1149218.mp3,68.6,train,artifacts/melspecs/18/1149218.npy,128,1292
track_1149219,19/1149219.mp3,54.9,train,artifacts/melspecs/19/1149219.npy,128,1292
track_1149220,20/1149220.mp3,82.3,train,artifacts/melspecs/20/1149220.npy,128,1292
track_1149221,21/1149221.mp3,82.3,train,artifacts/melspecs/21/1149221.npy,128,1292
track_1149222,22/1149222.mp3,54.9,train,artifacts/melspecs/22/1149222.npy,128,1292
track_1149223,23/1149223.mp3,85.4,train,artifacts/melspecs/23/1149223.npy,128,1292
track_1149224,24/1149224.mp3,53.0,train,artifacts/melspecs/24/1149224.npy,128,1292
track_1149226,26/1149226.mp3,59.1,train,artifacts/melspecs/26/1149226.npy,128,1292
track_1149227,27/1149227.mp3,54.9,train,artifacts/melspecs/27/1149227.npy,128,1292
track_1149228,28/1149228.mp3,54.9,train,artifacts/melspecs/28/1149228.npy,128,1292
track_1149229,29/1149229.mp3,71.2,train,artifacts/melspecs/29/1149229.npy,128,1292
track_1149230,30/1149230.mp3,59.1,train,artifacts/melspecs/30/1149230.npy,128,1292
track_1149231,31/1149231.mp3,61.5,train,artifacts/melspecs/31/1149231.npy,128,1292
track_1149232,32/1149232.mp3,54.9,train,artifacts/melspecs/32/1149232.npy,128,1292
track_1149233,33/1149233.mp3,54.9,train,artifacts/melspecs/33/1149233.npy,128,1292
track_1149234,34/1149234.mp3,84.0,train,artifacts/melspecs/34/1149234.npy,128,1292
track_1149235,35/1149235.mp3,81.8,train,artifacts/melspecs/35/1149235.npy,128,1292
track_1149236,36/1149236.mp3,61.5,train,artifacts/melspecs/36/1149236.npy,128,1292
track_1149237,37/1149237.mp3,54.9,train,artifacts/melspecs/37/1149237.npy,128,1292
track_1149238,38/1149238.mp3,54.9,train,artifacts/melspecs/38/1149238.npy,128,1292
track_1149239,39/1149239.mp3,56.6,train,artifacts/melspecs/39/1149239.npy,128,1292
track_1149240,40/1149240.mp3,86.0,train,artifacts/melspecs/40/1149240.npy,128,1292
track_1149469,69/1149469.mp3,160.4,train,artifacts/melspecs/69/1149469.npy,128,1292
track_1149572,72/1149572.mp3,226.9,train,artifacts/melspecs/72/1149572.npy,128,1292
track_1149624,24/1149624.mp3,57.4,train,artifacts/melspecs/24/1149624.npy,128,1292
track_1150738,38/1150738.mp3,261.2,train,artifacts/melspecs/38/1150738.npy,128,1292
track_1150739,39/1150739.mp3,261.2,train,artifacts/melspecs/39/1150739.npy,128,1292
track_1153942,42/1153942.mp3,373.4,train,artifacts/melspecs/42/1153942.npy,128,1292
track_1153990,90/1153990.mp3,166.3,train,artifacts/melspecs/90/1153990.npy,128,1292
track_1154968,68/1154968.mp3,204.3,train,artifacts/melspecs/68/1154968.npy,128,1292
track_1155891,91/1155891.mp3,151.0,train,artifacts/melspecs/91/1155891.npy,128,1292
track_1156024,24/1156024.mp3,115.4,train,artifacts/melspecs/24/1156024.npy,128,1292
track_1156575,75/1156575.mp3,438.0,train,artifacts/melspecs/75/1156575.npy,128,1292
track_1156576,76/1156576.mp3,287.2,train,artifacts/melspecs/76/1156576.npy,128,1292
track_1157352,52/1157352.mp3,190.2,train,artifacts/melspecs/52/1157352.npy,128,1292
track_1157355,55/1157355.mp3,133.5,train,artifacts/melspecs/55/1157355.npy,128,1292
track_1157701,01/1157701.mp3,245.0,train,artifacts/melspecs/01/1157701.npy,128,1292
track_1158020,20/1158020.mp3,213.2,train,artifacts/melspecs/20/1158020.npy,128,1292
track_1158135,35/1158135.mp3,216.0,train,artifacts/melspecs/35/1158135.npy,128,1292
track_1158136,36/1158136.mp3,60.3,train,artifacts/melspecs/36/1158136.npy,128,1292
track_1158375,75/1158375.mp3,122.1,train,artifacts/melspecs/75/1158375.npy,128,1292
track_1158978,78/1158978.mp3,44.4,train,artifacts/melspecs/78/1158978.npy,128,1292
track_1158979,79/1158979.mp3,44.4,train,artifacts/melspecs/79/1158979.npy,128,1292
track_1158980,80/1158980.mp3,74.8,train,artifacts/melspecs/80/1158980.npy,128,1292
track_1158981,81/1158981.mp3,88.7,train,artifacts/melspecs/81/1158981.npy,128,1292
track_1158982,82/1158982.mp3,88.7,train,artifacts/melspecs/82/1158982.npy,128,1292
track_1158983,83/1158983.mp3,71.2,train,artifacts/melspecs/83/1158983.npy,128,1292
track_1158984,84/1158984.mp3,109.7,train,artifacts/melspecs/84/1158984.npy,128,1292
track_1158985,85/1158985.mp3,59.1,train,artifacts/melspecs/85/1158985.npy,128,1292
track_1158986,86/1158986.mp3,61.0,train,artifacts/melspecs/86/1158986.npy,128,1292
track_1158987,87/1158987.mp3,59.1,train,artifacts/melspecs/87/1158987.npy,128,1292
track_1158988,88/1158988.mp3,59.1,train,artifacts/melspecs/88/1158988.npy,128,1292
track_1158989,89/1158989.mp3,59.1,train,artifacts/melspecs/89/1158989.npy,128,1292
track_1159615,15/1159615.mp3,180.4,train,artifacts/melspecs/15/1159615.npy,128,1292
track_1159659,59/1159659.mp3,118.2,train,artifacts/melspecs/59/1159659.npy,128,1292
track_1159660,60/1159660.mp3,79.6,train,artifacts/melspecs/60/1159660.npy,128,1292
track_1159661,61/1159661.mp3,191.8,train,artifacts/melspecs/61/1159661.npy,128,1292
track_1159662,62/1159662.mp3,195.9,train,artifacts/melspecs/62/1159662.npy,128,1292
track_1159664,64/1159664.mp3,176.2,train,artifacts/melspecs/64/1159664.npy,128,1292
track_1159665,65/1159665.mp3,201.6,train,artifacts/melspecs/65/1159665.npy,128,1292
track_1159667,67/1159667.mp3,244.2,train,artifacts/melspecs/67/1159667.npy,128,1292
track_1159668,68/1159668.mp3,171.9,train,artifacts/melspecs/68/1159668.npy,128,1292
track_1159670,70/1159670.mp3,224.3,train,artifacts/melspecs/70/1159670.npy,128,1292
track_1159688,88/1159688.mp3,289.2,train,artifacts/melspecs/88/1159688.npy,128,1292
track_1159693,93/1159693.mp3,244.3,train,artifacts/melspecs/93/1159693.npy,128,1292
track_1159704,04/1159704.mp3,259.6,train,artifacts/melspecs/04/1159704.npy,128,1292
track_1159739,39/1159739.mp3,204.5,train,artifacts/melspecs/39/1159739.npy,128,1292
track_1159740,40/1159740.mp3,59.4,train,artifacts/melspecs/40/1159740.npy,128,1292
track_1159741,41/1159741.mp3,206.5,train,artifacts/melspecs/41/1159741.npy,128,1292
track_1159742,42/1159742.mp3,263.8,train,artifacts/melspecs/42/1159742.npy,128,1292
track_1159743,43/1159743.mp3,362.4,train,artifacts/melspecs/43/1159743.npy,128,1292
track_1159744,44/1159744.mp3,240.3,train,artifacts/melspecs/44/1159744.npy,128,1292
track_1159746,46/1159746.mp3,149.6,train,artifacts/melspecs/46/1159746.npy,128,1292
track_1159747,47/1159747.mp3,261.6,train,artifacts/melspecs/47/1159747.npy,128,1292
track_1159748,48/1159748.mp3,210.3,train,artifacts/melspecs/48/1159748.npy,128,1292
track_1160271,71/1160271.mp3,111.2,train,artifacts/melspecs/71/1160271.npy,128,1292
track_1160272,72/1160272.mp3,116.1,train,artifacts/melspecs/72/1160272.npy,128,1292
track_1160274,74/1160274.mp3,62.5,train,artifacts/melspecs/74/1160274.npy,128,1292
track_1160604,04/1160604.mp3,391.9,train,artifacts/melspecs/04/1160604.npy,128,1292
track_1160971,71/1160971.mp3,200.1,train,artifacts/melspecs/71/1160971.npy,128,1292
track_1161459,59/1161459.mp3,116.4,train,artifacts/melspecs/59/1161459.npy,128,1292
track_1161932,32/1161932.mp3,235.9,train,artifacts/melspecs/32/1161932.npy,128,1292
track_1162099,99/1162099.mp3,48.6,train,artifacts/melspecs/99/1162099.npy,128,1292
track_1162506,06/1162506.mp3,110.9,train,artifacts/melspecs/06/1162506.npy,128,1292
track_1162521,21/1162521.mp3,47.4,train,artifacts/melspecs/21/1162521.npy,128,1292
track_1163248,48/1163248.mp3,251.7,train,artifacts/melspecs/48/1163248.npy,128,1292
track_1163350,50/1163350.mp3,99.3,train,artifacts/melspecs/50/1163350.npy,128,1292
track_1164197,97/1164197.mp3,191.6,train,artifacts/melspecs/97/1164197.npy,128,1292
track_1164198,98/1164198.mp3,64.0,train,artifacts/melspecs/98/1164198.npy,128,1292
track_1164200,00/1164200.mp3,96.0,train,artifacts/melspecs/00/1164200.npy,128,1292
track_1164201,01/1164201.mp3,38.4,train,artifacts/melspecs/01/1164201.npy,128,1292
track_1164202,02/1164202.mp3,80.0,train,artifacts/melspecs/02/1164202.npy,128,1292
track_1164203,03/1164203.mp3,115.2,train,artifacts/melspecs/03/1164203.npy,128,1292
track_1164204,04/1164204.mp3,80.0,train,artifacts/melspecs/04/1164204.npy,128,1292
track_1164205,05/1164205.mp3,174.6,train,artifacts/melspecs/05/1164205.npy,128,1292
track_1164206,06/1164206.mp3,76.8,train,artifacts/melspecs/06/1164206.npy,128,1292
track_1164207,07/1164207.mp3,57.6,train,artifacts/melspecs/07/1164207.npy,128,1292
track_1164210,10/1164210.mp3,134.1,train,artifacts/melspecs/10/1164210.npy,128,1292
track_1164211,11/1164211.mp3,87.3,train,artifacts/melspecs/11/1164211.npy,128,1292
track_1164465,65/1164465.mp3,215.6,train,artifacts/melspecs/65/1164465.npy,128,1292
track_1164539,39/1164539.mp3,60.0,train,artifacts/melspecs/39/1164539.npy,128,1292
track_1164541,41/1164541.mp3,153.8,train,artifacts/melspecs/41/1164541.npy,128,1292
track_1165403,03/1165403.mp3,308.4,train,artifacts/melspecs/03/1165403.npy,128,1292
track_1165949,49/1165949.mp3,275.2,train,artifacts/melspecs/49/1165949.npy,128,1292
track_1165995,95/1165995.mp3,200.6,train,artifacts/melspecs/95/1165995.npy,128,1292
track_1166546,46/1166546.mp3,319.7,train,artifacts/melspecs/46/1166546.npy,128,1292
track_1166943,43/1166943.mp3,192.1,train,artifacts/melspecs/43/1166943.npy,128,1292
track_1167295,95/1167295.mp3,113.5,train,artifacts/melspecs/95/1167295.npy,128,1292
track_1167296,96/1167296.mp3,63.3,train,artifacts/melspecs/96/1167296.npy,128,1292
track_1167297,97/1167297.mp3,37.0,train,artifacts/melspecs/97/1167297.npy,128,1292
track_1167300,00/1167300.mp3,65.2,train,artifacts/melspecs/00/1167300.npy,128,1292
track_1167301,01/1167301.mp3,34.5,train,artifacts/melspecs/01/1167301.npy,128,1292
track_1167302,02/1167302.mp3,110.3,train,artifacts/melspecs/02/1167302.npy,128,1292
track_1167304,04/1167304.mp3,187.5,train,artifacts/melspecs/04/1167304.npy,128,1292
track_1167306,06/1167306.mp3,68.3,train,artifacts/melspecs/06/1167306.npy,128,1292
track_1167425,25/1167425.mp3,260.4,train,artifacts/melspecs/25/1167425.npy,128,1292
track_1167557,57/1167557.mp3,30.5,train,artifacts/melspecs/57/1167557.npy,128,1292
track_1167563,63/1167563.mp3,30.5,train,artifacts/melspecs/63/1167563.npy,128,1292
track_1167564,64/1167564.mp3,30.5,train,artifacts/melspecs/64/1167564.npy,128,1292
track_1167565,65/1167565.mp3,56.3,train,artifacts/melspecs/65/1167565.npy,128,1292
track_1167566,66/1167566.mp3,96.4,train,artifacts/melspecs/66/1167566.npy,128,1292
track_1167567,67/1167567.mp3,100.1,train,artifacts/melspecs/67/1167567.npy,128,1292
track_1167568,68/1167568.mp3,60.8,train,artifacts/melspecs/68/1167568.npy,128,1292
track_1167569,69/1167569.mp3,100.0,train,artifacts/melspecs/69/1167569.npy,128,1292
track_1167618,18/1167618.mp3,341.5,train,artifacts/melspecs/18/1167618.npy,128,1292
track_1167863,63/1167863.mp3,234.8,train,artifacts/melspecs/63/1167863.npy,128,1292
track_1167868,68/1167868.mp3,175.0,train,artifacts/melspecs/68/1167868.npy,128,1292
track_1167869,69/1167869.mp3,202.9,train,artifacts/melspecs/69/1167869.npy,128,1292
track_1167871,71/1167871.mp3,336.8,train,artifacts/melspecs/71/1167871.npy,128,1292
track_1167873,73/1167873.mp3,179.3,train,artifacts/melspecs/73/1167873.npy,128,1292
track_1167876,76/1167876.mp3,217.5,train,artifacts/melspecs/76/1167876.npy,128,1292
track_1167881,81/1167881.mp3,234.8,train,artifacts/melspecs/81/1167881.npy,128,1292
track_1167884,84/1167884.mp3,226.3,train,artifacts/melspecs/84/1167884.npy,128,1292
track_1167885,85/1167885.mp3,174.9,train,artifacts/melspecs/85/1167885.npy,128,1292
track_1167887,87/1167887.mp3,277.5,train,artifacts/melspecs/87/1167887.npy,128,1292
track_1167888,88/1167888.mp3,336.8,train,artifacts/melspecs/88/1167888.npy,128,1292
track_1167891,91/1167891.mp3,207.2,train,artifacts/melspecs/91/1167891.npy,128,1292
track_1167892,92/1167892.mp3,157.8,train,artifacts/melspecs/92/1167892.npy,128,1292
track_1167897,97/1167897.mp3,178.7,train,artifacts/melspecs/97/1167897.npy,128,1292
track_1168808,08/1168808.mp3,236.9,train,artifacts/melspecs/08/1168808.npy,128,1292
track_1168809,09/1168809.mp3,239.4,train,artifacts/melspecs/09/1168809.npy,128,1292
track_1168810,10/1168810.mp3,337.0,train,artifacts/melspecs/10/1168810.npy,128,1292
track_1168812,12/1168812.mp3,231.3,train,artifacts/melspecs/12/1168812.npy,128,1292
track_1168813,13/1168813.mp3,261.6,train,artifacts/melspecs/13/1168813.npy,128,1292
track_1168814,14/1168814.mp3,341.5,train,artifacts/melspecs/14/1168814.npy,128,1292
track_1169875,75/1169875.mp3,54.7,train,artifacts/melspecs/75/1169875.npy,128,1292
track_1170528,28/1170528.mp3,441.8,train,artifacts/melspecs/28/1170528.npy,128,1292
track_1170844,44/1170844.mp3,534.5,train,artifacts/melspecs/44/1170844.npy,128,1292
track_1171238,38/1171238.mp3,30.7,train,artifacts/melspecs/38/1171238.npy,128,1292
track_1171239,39/1171239.mp3,36.6,train,artifacts/melspecs/39/1171239.npy,128,1292
track_1171245,45/1171245.mp3,81.3,train,artifacts/melspecs/45/1171245.npy,128,1292
track_1171246,46/1171246.mp3,35.1,train,artifacts/melspecs/46/1171246.npy,128,1292
track_1171247,47/1171247.mp3,36.6,train,artifacts/melspecs/47/1171247.npy,128,1292
track_1171249,49/1171249.mp3,30.0,train,artifacts/melspecs/49/1171249.npy,128,1292
track_1171250,50/1171250.mp3,60.9,train,artifacts/melspecs/50/1171250.npy,128,1292
track_1171254,54/1171254.mp3,36.6,train,artifacts/melspecs/54/1171254.npy,128,1292
track_1171255,55/1171255.mp3,114.3,train,artifacts/melspecs/55/1171255.npy,128,1292
track_1171540,40/1171540.mp3,127.5,train,artifacts/melspecs/40/1171540.npy,128,1292
track_1171541,41/1171541.mp3,200.8,train,artifacts/melspecs/41/1171541.npy,128,1292
track_1171542,42/1171542.mp3,241.9,train,artifacts/melspecs/42/1171542.npy,128,1292
track_1171543,43/1171543.mp3,264.1,train,artifacts/melspecs/43/1171543.npy,128,1292
track_1171546,46/1171546.mp3,144.1,train,artifacts/melspecs/46/1171546.npy,128,1292
track_1171547,47/1171547.mp3,110.8,train,artifacts/melspecs/47/1171547.npy,128,1292
track_1171548,48/1171548.mp3,246.1,train,artifacts/melspecs/48/1171548.npy,128,1292
track_1171549,49/1171549.mp3,284.4,train,artifacts/melspecs/49/1171549.npy,128,1292
track_1171550,50/1171550.mp3,223.7,train,artifacts/melspecs/50/1171550.npy,128,1292
track_1171551,51/1171551.mp3,240.1,train,artifacts/melspecs/51/1171551.npy,128,1292
track_1171552,52/1171552.mp3,146.0,train,artifacts/melspecs/52/1171552.npy,128,1292
track_1172453,53/1172453.mp3,173.1,train,artifacts/melspecs/53/1172453.npy,128,1292
track_1172560,60/1172560.mp3,35.1,train,artifacts/melspecs/60/1172560.npy,128,1292
track_1172858,58/1172858.mp3,33.1,train,artifacts/melspecs/58/1172858.npy,128,1292
track_1173138,38/1173138.mp3,300.5,train,artifacts/melspecs/38/1173138.npy,128,1292
track_1173139,39/1173139.mp3,192.7,train,artifacts/melspecs/39/1173139.npy,128,1292
track_1173140,40/1173140.mp3,271.3,train,artifacts/melspecs/40/1173140.npy,128,1292
track_1173141,41/1173141.mp3,309.1,train,artifacts/melspecs/41/1173141.npy,128,1292
track_1173142,42/1173142.mp3,248.4,train,artifacts/melspecs/42/1173142.npy,128,1292
track_1173145,45/1173145.mp3,281.7,train,artifacts/melspecs/45/1173145.npy,128,1292
track_1173222,22/1173222.mp3,270.7,train,artifacts/melspecs/22/1173222.npy,128,1292
track_1173421,21/1173421.mp3,61.0,train,artifacts/melspecs/21/1173421.npy,128,1292
track_1173425,25/1173425.mp3,64.0,train,artifacts/melspecs/25/1173425.npy,128,1292
track_1174465,65/1174465.mp3,273.9,train,artifacts/melspecs/65/1174465.npy,128,1292
track_1174466,66/1174466.mp3,186.0,train,artifacts/melspecs/66/1174466.npy,128,1292
track_1174468,68/1174468.mp3,175.4,train,artifacts/melspecs/68/1174468.npy,128,1292
track_1174469,69/1174469.mp3,194.5,train,artifacts/melspecs/69/1174469.npy,128,1292
track_1176411,11/1176411.mp3,296.8,train,artifacts/melspecs/11/1176411.npy,128,1292
track_1176413,13/1176413.mp3,302.4,train,artifacts/melspecs/13/1176413.npy,128,1292
track_1177012,12/1177012.mp3,207.2,train,artifacts/melspecs/12/1177012.npy,128,1292
track_1177013,13/1177013.mp3,207.3,train,artifacts/melspecs/13/1177013.npy,128,1292
track_1177028,28/1177028.mp3,284.4,train,artifacts/melspecs/28/1177028.npy,128,1292
track_1178100,00/1178100.mp3,195.6,train,artifacts/melspecs/00/1178100.npy,128,1292
track_1178443,43/1178443.mp3,240.4,train,artifacts/melspecs/43/1178443.npy,128,1292
track_1179111,11/1179111.mp3,428.0,train,artifacts/melspecs/11/1179111.npy,128,1292
track_1179510,10/1179510.mp3,219.2,train,artifacts/melspecs/10/1179510.npy,128,1292
track_1179511,11/1179511.mp3,139.4,train,artifacts/melspecs/11/1179511.npy,128,1292
track_1179517,17/1179517.mp3,142.3,train,artifacts/melspecs/17/1179517.npy,128,1292
track_1179518,18/1179518.mp3,209.1,train,artifacts/melspecs/18/1179518.npy,128,1292
track_1179521,21/1179521.mp3,177.9,train,artifacts/melspecs/21/1179521.npy,128,1292
track_1179522,22/1179522.mp3,74.7,train,artifacts/melspecs/22/1179522.npy,128,1292
track_1179715,15/1179715.mp3,260.7,train,artifacts/melspecs/15/1179715.npy,128,1292
track_1179716,16/1179716.mp3,222.8,train,artifacts/melspecs/16/1179716.npy,128,1292
track_1179718,18/1179718.mp3,233.4,train,artifacts/melspecs/18/1179718.npy,128,1292
track_1179727,27/1179727.mp3,284.6,train,artifacts/melspecs/27/1179727.npy,128,1292
track_1179860,60/1179860.mp3,263.1,train,artifacts/melspecs/60/1179860.npy,128,1292
track_1179875,75/1179875.mp3,305.7,train,artifacts/melspecs/75/1179875.npy,128,1292
track_1184687,87/1184687.mp3,230.4,train,artifacts/melspecs/87/1184687.npy,128,1292
track_1184998,98/1184998.mp3,226.2,train,artifacts/melspecs/98/1184998.npy,128,1292
track_1185081,81/1185081.mp3,418.3,train,artifacts/melspecs/81/1185081.npy,128,1292
track_1185082,82/1185082.mp3,125.1,train,artifacts/melspecs/82/1185082.npy,128,1292
track_1185083,83/1185083.mp3,812.8,train,artifacts/melspecs/83/1185083.npy,128,1292
track_1185084,84/1185084.mp3,703.1,train,artifacts/melspecs/84/1185084.npy,128,1292
track_1185447,47/1185447.mp3,195.7,train,artifacts/melspecs/47/1185447.npy,128,1292
track_1185448,48/1185448.mp3,166.8,train,artifacts/melspecs/48/1185448.npy,128,1292
track_1186024,24/1186024.mp3,91.1,train,artifacts/melspecs/24/1186024.npy,128,1292
track_1186026,26/1186026.mp3,31.8,train,artifacts/melspecs/26/1186026.npy,128,1292
track_1186162,62/1186162.mp3,217.1,train,artifacts/melspecs/62/1186162.npy,128,1292
track_1186165,65/1186165.mp3,244.9,train,artifacts/melspecs/65/1186165.npy,128,1292
track_1186167,67/1186167.mp3,210.7,train,artifacts/melspecs/67/1186167.npy,128,1292
track_1187318,18/1187318.mp3,287.4,train,artifacts/melspecs/18/1187318.npy,128,1292
track_1187360,60/1187360.mp3,133.4,train,artifacts/melspecs/60/1187360.npy,128,1292
track_1187361,61/1187361.mp3,64.2,train,artifacts/melspecs/61/1187361.npy,128,1292
track_1187363,63/1187363.mp3,118.0,train,artifacts/melspecs/63/1187363.npy,128,1292
track_1187420,20/1187420.mp3,109.8,train,artifacts/melspecs/20/1187420.npy,128,1292
track_1187421,21/1187421.mp3,117.4,train,artifacts/melspecs/21/1187421.npy,128,1292
track_1187479,79/1187479.mp3,90.5,train,artifacts/melspecs/79/1187479.npy,128,1292
track_1188463,63/1188463.mp3,755.4,train,artifacts/melspecs/63/1188463.npy,128,1292
track_1188982,82/1188982.mp3,201.8,train,artifacts/melspecs/82/1188982.npy,128,1292
track_1188983,83/1188983.mp3,305.1,train,artifacts/melspecs/83/1188983.npy,128,1292
track_1188984,84/1188984.mp3,152.1,train,artifacts/melspecs/84/1188984.npy,128,1292
track_1188985,85/1188985.mp3,281.8,train,artifacts/melspecs/85/1188985.npy,128,1292
track_1188986,86/1188986.mp3,180.9,train,artifacts/melspecs/86/1188986.npy,128,1292
track_1188987,87/1188987.mp3,311.2,train,artifacts/melspecs/87/1188987.npy,128,1292
track_1188988,88/1188988.mp3,322.6,train,artifacts/melspecs/88/1188988.npy,128,1292
track_1188989,89/1188989.mp3,222.5,train,artifacts/melspecs/89/1188989.npy,128,1292
track_1188990,90/1188990.mp3,178.1,train,artifacts/melspecs/90/1188990.npy,128,1292
track_1188991,91/1188991.mp3,198.8,train,artifacts/melspecs/91/1188991.npy,128,1292
track_1188993,93/1188993.mp3,239.7,train,artifacts/melspecs/93/1188993.npy,128,1292
track_1189076,76/1189076.mp3,171.6,train,artifacts/melspecs/76/1189076.npy,128,1292
track_1189869,69/1189869.mp3,181.4,train,artifacts/melspecs/69/1189869.npy,128,1292
track_1189870,70/1189870.mp3,148.5,train,artifacts/melspecs/70/1189870.npy,128,1292
track_1189895,95/1189895.mp3,138.4,train,artifacts/melspecs/95/1189895.npy,128,1292
track_1189897,97/1189897.mp3,121.7,train,artifacts/melspecs/97/1189897.npy,128,1292
track_1189898,98/1189898.mp3,122.3,train,artifacts/melspecs/98/1189898.npy,128,1292
track_1189902,02/1189902.mp3,124.2,train,artifacts/melspecs/02/1189902.npy,128,1292
track_1189906,06/1189906.mp3,199.7,train,artifacts/melspecs/06/1189906.npy,128,1292
track_1189910,10/1189910.mp3,183.0,train,artifacts/melspecs/10/1189910.npy,128,1292
track_1189912,12/1189912.mp3,108.6,train,artifacts/melspecs/12/1189912.npy,128,1292
track_1189921,21/1189921.mp3,120.9,train,artifacts/melspecs/21/1189921.npy,128,1292
track_1189922,22/1189922.mp3,129.2,train,artifacts/melspecs/22/1189922.npy,128,1292
track_1189923,23/1189923.mp3,160.2,train,artifacts/melspecs/23/1189923.npy,128,1292
track_1189926,26/1189926.mp3,135.4,train,artifacts/melspecs/26/1189926.npy,128,1292
track_1189927,27/1189927.mp3,146.7,train,artifacts/melspecs/27/1189927.npy,128,1292
track_1189930,30/1189930.mp3,242.1,train,artifacts/melspecs/30/1189930.npy,128,1292
track_1189931,31/1189931.mp3,242.2,train,artifacts/melspecs/31/1189931.npy,128,1292
track_1189932,32/1189932.mp3,142.9,train,artifacts/melspecs/32/1189932.npy,128,1292
track_1189933,33/1189933.mp3,182.4,train,artifacts/melspecs/33/1189933.npy,128,1292
track_1189936,36/1189936.mp3,191.9,train,artifacts/melspecs/36/1189936.npy,128,1292
track_1189937,37/1189937.mp3,148.3,train,artifacts/melspecs/37/1189937.npy,128,1292
track_1189939,39/1189939.mp3,141.9,train,artifacts/melspecs/39/1189939.npy,128,1292
track_1189940,40/1189940.mp3,150.3,train,artifacts/melspecs/40/1189940.npy,128,1292
track_1189943,43/1189943.mp3,139.3,train,artifacts/melspecs/43/1189943.npy,128,1292
track_1189945,45/1189945.mp3,168.6,train,artifacts/melspecs/45/1189945.npy,128,1292
track_1189946,46/1189946.mp3,135.4,train,artifacts/melspecs/46/1189946.npy,128,1292
track_1189949,49/1189949.mp3,133.8,train,artifacts/melspecs/49/1189949.npy,128,1292
track_1189951,51/1189951.mp3,195.9,train,artifacts/melspecs/51/1189951.npy,128,1292
track_1189957,57/1189957.mp3,176.4,train,artifacts/melspecs/57/1189957.npy,128,1292
track_1189960,60/1189960.mp3,248.2,train,artifacts/melspecs/60/1189960.npy,128,1292
track_1189963,63/1189963.mp3,212.0,train,artifacts/melspecs/63/1189963.npy,128,1292
track_1189971,71/1189971.mp3,197.5,train,artifacts/melspecs/71/1189971.npy,128,1292
track_1190015,15/1190015.mp3,180.0,train,artifacts/melspecs/15/1190015.npy,128,1292
track_1190016,16/1190016.mp3,180.0,train,artifacts/melspecs/16/1190016.npy,128,1292
track_1190017,17/1190017.mp3,180.0,train,artifacts/melspecs/17/1190017.npy,128,1292
track_1190104,04/1190104.mp3,1766.0,train,artifacts/melspecs/04/1190104.npy,128,1292
track_1190136,36/1190136.mp3,62.0,train,artifacts/melspecs/36/1190136.npy,128,1292
track_1190137,37/1190137.mp3,102.9,train,artifacts/melspecs/37/1190137.npy,128,1292
track_1190138,38/1190138.mp3,113.2,train,artifacts/melspecs/38/1190138.npy,128,1292
track_1190165,65/1190165.mp3,140.6,train,artifacts/melspecs/65/1190165.npy,128,1292
track_1190166,66/1190166.mp3,193.2,train,artifacts/melspecs/66/1190166.npy,128,1292
track_1190167,67/1190167.mp3,60.0,train,artifacts/melspecs/67/1190167.npy,128,1292
track_1190168,68/1190168.mp3,112.7,train,artifacts/melspecs/68/1190168.npy,128,1292
track_1190616,16/1190616.mp3,255.3,train,artifacts/melspecs/16/1190616.npy,128,1292
track_1190617,17/1190617.mp3,255.3,train,artifacts/melspecs/17/1190617.npy,128,1292
track_1190780,80/1190780.mp3,186.5,train,artifacts/melspecs/80/1190780.npy,128,1292
track_1191320,20/1191320.mp3,359.2,train,artifacts/melspecs/20/1191320.npy,128,1292
track_1191322,22/1191322.mp3,97.9,train,artifacts/melspecs/22/1191322.npy,128,1292
track_1191323,23/1191323.mp3,171.8,train,artifacts/melspecs/23/1191323.npy,128,1292
track_1191324,24/1191324.mp3,566.3,train,artifacts/melspecs/24/1191324.npy,128,1292
track_1191325,25/1191325.mp3,130.9,train,artifacts/melspecs/25/1191325.npy,128,1292
track_1191326,26/1191326.mp3,163.5,train,artifacts/melspecs/26/1191326.npy,128,1292
track_1191327,27/1191327.mp3,95.2,train,artifacts/melspecs/27/1191327.npy,128,1292
track_1191328,28/1191328.mp3,261.4,train,artifacts/melspecs/28/1191328.npy,128,1292
track_1191329,29/1191329.mp3,63.7,train,artifacts/melspecs/29/1191329.npy,128,1292
track_1191331,31/1191331.mp3,122.0,train,artifacts/melspecs/31/1191331.npy,128,1292
track_1191333,33/1191333.mp3,185.9,train,artifacts/melspecs/33/1191333.npy,128,1292
track_1191334,34/1191334.mp3,103.8,train,artifacts/melspecs/34/1191334.npy,128,1292
track_1193401,01/1193401.mp3,636.3,train,artifacts/melspecs/01/1193401.npy,128,1292
track_1193888,88/1193888.mp3,245.7,train,artifacts/melspecs/88/1193888.npy,128,1292
track_1193995,95/1193995.mp3,119.0,train,artifacts/melspecs/95/1193995.npy,128,1292
track_1194759,59/1194759.mp3,181.6,train,artifacts/melspecs/59/1194759.npy,128,1292
track_1194767,67/1194767.mp3,189.2,train,artifacts/melspecs/67/1194767.npy,128,1292
track_1195129,29/1195129.mp3,218.6,train,artifacts/melspecs/29/1195129.npy,128,1292
track_1197060,60/1197060.mp3,100.4,train,artifacts/melspecs/60/1197060.npy,128,1292
track_1197061,61/1197061.mp3,72.1,train,artifacts/melspecs/61/1197061.npy,128,1292
track_1197079,79/1197079.mp3,90.9,train,artifacts/melspecs/79/1197079.npy,128,1292
track_1197084,84/1197084.mp3,103.1,train,artifacts/melspecs/84/1197084.npy,128,1292
track_1197088,88/1197088.mp3,73.2,train,artifacts/melspecs/88/1197088.npy,128,1292
track_1197089,89/1197089.mp3,81.8,train,artifacts/melspecs/89/1197089.npy,128,1292
track_1197092,92/1197092.mp3,150.8,train,artifacts/melspecs/92/1197092.npy,128,1292
track_1197103,03/1197103.mp3,128.4,train,artifacts/melspecs/03/1197103.npy,128,1292
track_1197104,04/1197104.mp3,132.5,train,artifacts/melspecs/04/1197104.npy,128,1292
track_1197327,27/1197327.mp3,131.4,train,artifacts/melspecs/27/1197327.npy,128,1292
track_1197328,28/1197328.mp3,155.5,train,artifacts/melspecs/28/1197328.npy,128,1292
track_1197329,29/1197329.mp3,144.9,train,artifacts/melspecs/29/1197329.npy,128,1292
track_1197330,30/1197330.mp3,132.3,train,artifacts/melspecs/30/1197330.npy,128,1292
track_1197331,31/1197331.mp3,138.3,train,artifacts/melspecs/31/1197331.npy,128,1292
track_1197332,32/1197332.mp3,150.5,train,artifacts/melspecs/32/1197332.npy,128,1292
track_1197333,33/1197333.mp3,147.5,train,artifacts/melspecs/33/1197333.npy,128,1292
track_1197340,40/1197340.mp3,137.7,train,artifacts/melspecs/40/1197340.npy,128,1292
track_1197341,41/1197341.mp3,147.6,train,artifacts/melspecs/41/1197341.npy,128,1292
track_1197342,42/1197342.mp3,148.8,train,artifacts/melspecs/42/1197342.npy,128,1292
track_1197343,43/1197343.mp3,172.8,train,artifacts/melspecs/43/1197343.npy,128,1292
track_1197345,45/1197345.mp3,149.1,train,artifacts/melspecs/45/1197345.npy,128,1292
track_1198189,89/1198189.mp3,291.3,train,artifacts/melspecs/89/1198189.npy,128,1292
track_1198190,90/1198190.mp3,291.0,train,artifacts/melspecs/90/1198190.npy,128,1292
track_1198192,92/1198192.mp3,184.8,train,artifacts/melspecs/92/1198192.npy,128,1292
track_1198197,97/1198197.mp3,200.3,train,artifacts/melspecs/97/1198197.npy,128,1292
track_1198666,66/1198666.mp3,147.4,train,artifacts/melspecs/66/1198666.npy,128,1292
track_1198667,67/1198667.mp3,101.0,train,artifacts/melspecs/67/1198667.npy,128,1292
track_1198668,68/1198668.mp3,135.4,train,artifacts/melspecs/68/1198668.npy,128,1292
track_1198669,69/1198669.mp3,139.5,train,artifacts/melspecs/69/1198669.npy,128,1292
track_1198670,70/1198670.mp3,135.2,train,artifacts/melspecs/70/1198670.npy,128,1292
track_1198671,71/1198671.mp3,168.5,train,artifacts/melspecs/71/1198671.npy,128,1292
track_1198673,73/1198673.mp3,161.3,train,artifacts/melspecs/73/1198673.npy,128,1292
track_1198675,75/1198675.mp3,134.5,train,artifacts/melspecs/75/1198675.npy,128,1292
track_1198745,45/1198745.mp3,345.4,train,artifacts/melspecs/45/1198745.npy,128,1292
track_1198747,47/1198747.mp3,322.5,train,artifacts/melspecs/47/1198747.npy,128,1292
track_1199046,46/1199046.mp3,130.4,train,artifacts/melspecs/46/1199046.npy,128,1292
track_1199047,47/1199047.mp3,128.8,train,artifacts/melspecs/47/1199047.npy,128,1292
track_1199048,48/1199048.mp3,139.7,train,artifacts/melspecs/48/1199048.npy,128,1292
track_1199051,51/1199051.mp3,134.8,train,artifacts/melspecs/51/1199051.npy,128,1292
track_1199052,52/1199052.mp3,131.4,train,artifacts/melspecs/52/1199052.npy,128,1292
track_1199053,53/1199053.mp3,134.9,train,artifacts/melspecs/53/1199053.npy,128,1292
track_1199054,54/1199054.mp3,150.0,train,artifacts/melspecs/54/1199054.npy,128,1292
track_1199055,55/1199055.mp3,133.7,train,artifacts/melspecs/55/1199055.npy,128,1292
track_1199056,56/1199056.mp3,122.0,train,artifacts/melspecs/56/1199056.npy,128,1292
track_1199057,57/1199057.mp3,212.3,train,artifacts/melspecs/57/1199057.npy,128,1292
track_1199058,58/1199058.mp3,114.9,train,artifacts/melspecs/58/1199058.npy,128,1292
track_1199059,59/1199059.mp3,126.9,train,artifacts/melspecs/59/1199059.npy,128,1292
track_1199060,60/1199060.mp3,155.7,train,artifacts/melspecs/60/1199060.npy,128,1292
track_1202105,05/1202105.mp3,32.0,train,artifacts/melspecs/05/1202105.npy,128,1292
track_1203115,15/1203115.mp3,283.7,train,artifacts/melspecs/15/1203115.npy,128,1292
track_1203121,21/1203121.mp3,244.7,train,artifacts/melspecs/21/1203121.npy,128,1292
track_1203194,94/1203194.mp3,182.4,train,artifacts/melspecs/94/1203194.npy,128,1292
track_1203195,95/1203195.mp3,176.4,train,artifacts/melspecs/95/1203195.npy,128,1292
track_1203199,99/1203199.mp3,193.0,train,artifacts/melspecs/99/1203199.npy,128,1292
track_1203201,01/1203201.mp3,197.2,train,artifacts/melspecs/01/1203201.npy,128,1292
track_1203202,02/1203202.mp3,280.3,train,artifacts/melspecs/02/1203202.npy,128,1292
track_1203203,03/1203203.mp3,277.7,train,artifacts/melspecs/03/1203203.npy,128,1292
track_1203425,25/1203425.mp3,144.0,train,artifacts/melspecs/25/1203425.npy,128,1292
track_1203865,65/1203865.mp3,242.4,train,artifacts/melspecs/65/1203865.npy,128,1292
track_1203868,68/1203868.mp3,258.5,train,artifacts/melspecs/68/1203868.npy,128,1292
track_1203869,69/1203869.mp3,233.5,train,artifacts/melspecs/69/1203869.npy,128,1292
track_1203871,71/1203871.mp3,240.1,train,artifacts/melspecs/71/1203871.npy,128,1292
track_1203872,72/1203872.mp3,258.5,train,artifacts/melspecs/72/1203872.npy,128,1292
track_1203873,73/1203873.mp3,213.2,train,artifacts/melspecs/73/1203873.npy,128,1292
track_1203874,74/1203874.mp3,238.8,train,artifacts/melspecs/74/1203874.npy,128,1292
track_1203875,75/1203875.mp3,194.2,train,artifacts/melspecs/75/1203875.npy,128,1292
track_1203876,76/1203876.mp3,312.0,train,artifacts/melspecs/76/1203876.npy,128,1292
track_1203877,77/1203877.mp3,158.5,train,artifacts/melspecs/77/1203877.npy,128,1292
track_1203878,78/1203878.mp3,424.0,train,artifacts/melspecs/78/1203878.npy,128,1292
track_1203879,79/1203879.mp3,227.8,train,artifacts/melspecs/79/1203879.npy,128,1292
track_1204665,65/1204665.mp3,230.3,train,artifacts/melspecs/65/1204665.npy,128,1292
track_1204668,68/1204668.mp3,247.7,train,artifacts/melspecs/68/1204668.npy,128,1292
track_1204669,69/1204669.mp3,212.1,train,artifacts/melspecs/69/1204669.npy,128,1292
track_1204670,70/1204670.mp3,230.0,train,artifacts/melspecs/70/1204670.npy,128,1292
track_1204956,56/1204956.mp3,124.6,train,artifacts/melspecs/56/1204956.npy,128,1292
track_1209268,68/1209268.mp3,250.4,train,artifacts/melspecs/68/1209268.npy,128,1292
track_1210795,95/1210795.mp3,161.7,train,artifacts/melspecs/95/1210795.npy,128,1292
track_1210871,71/1210871.mp3,119.7,train,artifacts/melspecs/71/1210871.npy,128,1292
track_1210885,85/1210885.mp3,241.8,train,artifacts/melspecs/85/1210885.npy,128,1292
track_1211527,27/1211527.mp3,378.5,train,artifacts/melspecs/27/1211527.npy,128,1292
track_1211796,96/1211796.mp3,257.6,train,artifacts/melspecs/96/1211796.npy,128,1292
track_1211797,97/1211797.mp3,257.6,train,artifacts/melspecs/97/1211797.npy,128,1292
track_1211800,00/1211800.mp3,264.0,train,artifacts/melspecs/00/1211800.npy,128,1292
track_1213353,53/1213353.mp3,760.8,train,artifacts/melspecs/53/1213353.npy,128,1292
track_1214917,17/1214917.mp3,120.0,train,artifacts/melspecs/17/1214917.npy,128,1292
track_1214918,18/1214918.mp3,172.9,train,artifacts/melspecs/18/1214918.npy,128,1292
track_1214919,19/1214919.mp3,245.6,train,artifacts/melspecs/19/1214919.npy,128,1292
track_1214920,20/1214920.mp3,94.0,train,artifacts/melspecs/20/1214920.npy,128,1292
track_1214921,21/1214921.mp3,168.0,train,artifacts/melspecs/21/1214921.npy,128,1292
track_1214922,22/1214922.mp3,173.4,train,artifacts/melspecs/22/1214922.npy,128,1292
track_1216210,10/1216210.mp3,182.8,train,artifacts/melspecs/10/1216210.npy,128,1292
track_1216211,11/1216211.mp3,182.8,train,artifacts/melspecs/11/1216211.npy,128,1292
track_1216213,13/1216213.mp3,183.0,train,artifacts/melspecs/13/1216213.npy,128,1292
track_1216214,14/1216214.mp3,193.6,train,artifacts/melspecs/14/1216214.npy,128,1292
track_1216215,15/1216215.mp3,193.4,train,artifacts/melspecs/15/1216215.npy,128,1292
track_1217158,58/1217158.mp3,206.0,train,artifacts/melspecs/58/1217158.npy,128,1292
track_1217162,62/1217162.mp3,218.3,train,artifacts/melspecs/62/1217162.npy,128,1292
track_1217163,63/1217163.mp3,205.1,train,artifacts/melspecs/63/1217163.npy,128,1292
track_1218246,46/1218246.mp3,56.3,train,artifacts/melspecs/46/1218246.npy,128,1292
track_1218249,49/1218249.mp3,150.6,train,artifacts/melspecs/49/1218249.npy,128,1292
track_1218251,51/1218251.mp3,130.7,train,artifacts/melspecs/51/1218251.npy,128,1292
track_1218253,53/1218253.mp3,66.2,train,artifacts/melspecs/53/1218253.npy,128,1292
track_1218918,18/1218918.mp3,234.0,train,artifacts/melspecs/18/1218918.npy,128,1292
track_1219207,07/1219207.mp3,83.3,train,artifacts/melspecs/07/1219207.npy,128,1292
track_1219208,08/1219208.mp3,258.0,train,artifacts/melspecs/08/1219208.npy,128,1292
track_1219209,09/1219209.mp3,289.6,train,artifacts/melspecs/09/1219209.npy,128,1292
track_1219210,10/1219210.mp3,192.1,train,artifacts/melspecs/10/1219210.npy,128,1292
track_1219211,11/1219211.mp3,226.2,train,artifacts/melspecs/11/1219211.npy,128,1292
track_1219212,12/1219212.mp3,185.6,train,artifacts/melspecs/12/1219212.npy,128,1292
track_1219214,14/1219214.mp3,240.5,train,artifacts/melspecs/14/1219214.npy,128,1292
track_1219730,30/1219730.mp3,205.8,train,artifacts/melspecs/30/1219730.npy,128,1292
track_1220097,97/1220097.mp3,308.3,train,artifacts/melspecs/97/1220097.npy,128,1292
track_1220658,58/1220658.mp3,177.8,train,artifacts/melspecs/58/1220658.npy,128,1292
track_1220659,59/1220659.mp3,168.0,train,artifacts/melspecs/59/1220659.npy,128,1292
track_1220660,60/1220660.mp3,191.3,train,artifacts/melspecs/60/1220660.npy,128,1292
track_1220662,62/1220662.mp3,249.9,train,artifacts/melspecs/62/1220662.npy,128,1292
track_1220663,63/1220663.mp3,202.2,train,artifacts/melspecs/63/1220663.npy,128,1292
track_1220664,64/1220664.mp3,190.5,train,artifacts/melspecs/64/1220664.npy,128,1292
track_1220665,65/1220665.mp3,170.4,train,artifacts/melspecs/65/1220665.npy,128,1292
track_1220666,66/1220666.mp3,92.8,train,artifacts/melspecs/66/1220666.npy,128,1292
track_1220667,67/1220667.mp3,171.0,train,artifacts/melspecs/67/1220667.npy,128,1292
track_1220669,69/1220669.mp3,126.7,train,artifacts/melspecs/69/1220669.npy,128,1292
track_1220670,70/1220670.mp3,202.1,train,artifacts/melspecs/70/1220670.npy,128,1292
track_1220705,05/1220705.mp3,216.6,train,artifacts/melspecs/05/1220705.npy,128,1292
track_1220941,41/1220941.mp3,149.1,train,artifacts/melspecs/41/1220941.npy,128,1292
track_1220943,43/1220943.mp3,168.0,train,artifacts/melspecs/43/1220943.npy,128,1292
track_1220945,45/1220945.mp3,168.0,train,artifacts/melspecs/45/1220945.npy,128,1292
track_1220946,46/1220946.mp3,131.3,train,artifacts/melspecs/46/1220946.npy,128,1292
track_1220950,50/1220950.mp3,168.0,train,artifacts/melspecs/50/1220950.npy,128,1292
track_1221745,45/1221745.mp3,343.4,train,artifacts/melspecs/45/1221745.npy,128,1292
track_1221753,53/1221753.mp3,294.1,train,artifacts/melspecs/53/1221753.npy,128,1292
track_1222000,00/1222000.mp3,206.2,train,artifacts/melspecs/00/1222000.npy,128,1292
track_1222001,01/1222001.mp3,171.2,train,artifacts/melspecs/01/1222001.npy,128,1292
track_1222007,07/1222007.mp3,173.9,train,artifacts/melspecs/07/1222007.npy,128,1292
track_1222008,08/1222008.mp3,140.6,train,artifacts/melspecs/08/1222008.npy,128,1292
track_1222010,10/1222010.mp3,215.0,train,artifacts/melspecs/10/1222010.npy,128,1292
track_1222011,11/1222011.mp3,179.3,train,artifacts/melspecs/11/1222011.npy,128,1292
track_1222014,14/1222014.mp3,135.3,train,artifacts/melspecs/14/1222014.npy,128,1292
track_1225626,26/1225626.mp3,424.9,train,artifacts/melspecs/26/1225626.npy,128,1292
track_1225969,69/1225969.mp3,239.8,train,artifacts/melspecs/69/1225969.npy,128,1292
track_1226792,92/1226792.mp3,198.0,train,artifacts/melspecs/92/1226792.npy,128,1292
track_1226793,93/1226793.mp3,259.2,train,artifacts/melspecs/93/1226793.npy,128,1292
track_1226798,98/1226798.mp3,193.4,train,artifacts/melspecs/98/1226798.npy,128,1292
track_1226799,99/1226799.mp3,321.6,train,artifacts/melspecs/99/1226799.npy,128,1292
track_1226800,00/1226800.mp3,106.9,train,artifacts/melspecs/00/1226800.npy,128,1292
track_1226801,01/1226801.mp3,220.8,train,artifacts/melspecs/01/1226801.npy,128,1292
track_1227102,02/1227102.mp3,185.2,train,artifacts/melspecs/02/1227102.npy,128,1292
track_1227194,94/1227194.mp3,218.5,train,artifacts/melspecs/94/1227194.npy,128,1292
track_1227556,56/1227556.mp3,127.3,train,artifacts/melspecs/56/1227556.npy,128,1292
track_1227694,94/1227694.mp3,980.8,train,artifacts/melspecs/94/1227694.npy,128,1292
track_1227695,95/1227695.mp3,852.0,train,artifacts/melspecs/95/1227695.npy,128,1292
track_1229171,71/1229171.mp3,110.1,train,artifacts/melspecs/71/1229171.npy,128,1292
track_1229174,74/1229174.mp3,85.2,train,artifacts/melspecs/74/1229174.npy,128,1292
track_1229175,75/1229175.mp3,189.5,train,artifacts/melspecs/75/1229175.npy,128,1292
track_1229177,77/1229177.mp3,31.0,train,artifacts/melspecs/77/1229177.npy,128,1292
track_1229179,79/1229179.mp3,189.6,train,artifacts/melspecs/79/1229179.npy,128,1292
track_1229662,62/1229662.mp3,38.1,train,artifacts/melspecs/62/1229662.npy,128,1292
track_1230710,10/1230710.mp3,644.2,train,artifacts/melspecs/10/1230710.npy,128,1292
track_1230711,11/1230711.mp3,443.9,train,artifacts/melspecs/11/1230711.npy,128,1292
track_1230712,12/1230712.mp3,533.6,train,artifacts/melspecs/12/1230712.npy,128,1292
track_1230713,13/1230713.mp3,512.4,train,artifacts/melspecs/13/1230713.npy,128,1292
track_1230714,14/1230714.mp3,312.1,train,artifacts/melspecs/14/1230714.npy,128,1292
track_1230715,15/1230715.mp3,260.9,train,artifacts/melspecs/15/1230715.npy,128,1292
track_1230716,16/1230716.mp3,416.2,train,artifacts/melspecs/16/1230716.npy,128,1292
track_1230839,39/1230839.mp3,222.3,train,artifacts/melspecs/39/1230839.npy,128,1292
track_1230992,92/1230992.mp3,326.4,train,artifacts/melspecs/92/1230992.npy,128,1292
track_1230999,99/1230999.mp3,260.0,train,artifacts/melspecs/99/1230999.npy,128,1292
track_1231294,94/1231294.mp3,272.9,train,artifacts/melspecs/94/1231294.npy,128,1292
track_1231494,94/1231494.mp3,179.8,train,artifacts/melspecs/94/1231494.npy,128,1292
track_1231495,95/1231495.mp3,167.1,train,artifacts/melspecs/95/1231495.npy,128,1292
track_1231496,96/1231496.mp3,164.8,train,artifacts/melspecs/96/1231496.npy,128,1292
track_1231497,97/1231497.mp3,148.8,train,artifacts/melspecs/97/1231497.npy,128,1292
track_1231499,99/1231499.mp3,183.8,train,artifacts/melspecs/99/1231499.npy,128,1292
track_1231592,92/1231592.mp3,186.2,train,artifacts/melspecs/92/1231592.npy,128,1292
track_1231680,80/1231680.mp3,207.6,train,artifacts/melspecs/80/1231680.npy,128,1292
track_1231697,97/1231697.mp3,257.4,train,artifacts/melspecs/97/1231697.npy,128,1292
track_1231702,02/1231702.mp3,156.2,train,artifacts/melspecs/02/1231702.npy,128,1292
track_1231715,15/1231715.mp3,162.0,train,artifacts/melspecs/15/1231715.npy,128,1292
track_1232237,37/1232237.mp3,160.2,train,artifacts/melspecs/37/1232237.npy,128,1292
track_1232468,68/1232468.mp3,251.3,train,artifacts/melspecs/68/1232468.npy,128,1292
track_1232469,69/1232469.mp3,175.7,train,artifacts/melspecs/69/1232469.npy,128,1292
track_1234241,41/1234241.mp3,151.7,train,artifacts/melspecs/41/1234241.npy,128,1292
track_1234242,42/1234242.mp3,202.2,train,artifacts/melspecs/42/1234242.npy,128,1292
track_1234243,43/1234243.mp3,171.6,train,artifacts/melspecs/43/1234243.npy,128,1292
track_1234244,44/1234244.mp3,206.8,train,artifacts/melspecs/44/1234244.npy,128,1292
track_1234246,46/1234246.mp3,169.9,train,artifacts/melspecs/46/1234246.npy,128,1292
track_1234247,47/1234247.mp3,157.7,train,artifacts/melspecs/47/1234247.npy,128,1292
track_1234248,48/1234248.mp3,181.0,train,artifacts/melspecs/48/1234248.npy,128,1292
track_1234249,49/1234249.mp3,224.6,train,artifacts/melspecs/49/1234249.npy,128,1292
track_1234264,64/1234264.mp3,169.7,train,artifacts/melspecs/64/1234264.npy,128,1292
track_1234332,32/1234332.mp3,204.6,train,artifacts/melspecs/32/1234332.npy,128,1292
track_1234333,33/1234333.mp3,204.6,train,artifacts/melspecs/33/1234333.npy,128,1292
track_1234358,58/1234358.mp3,192.0,train,artifacts/melspecs/58/1234358.npy,128,1292
track_1234359,59/1234359.mp3,151.7,train,artifacts/melspecs/59/1234359.npy,128,1292
track_1234361,61/1234361.mp3,124.3,train,artifacts/melspecs/61/1234361.npy,128,1292
track_1234362,62/1234362.mp3,212.6,train,artifacts/melspecs/62/1234362.npy,128,1292
track_1234363,63/1234363.mp3,162.7,train,artifacts/melspecs/63/1234363.npy,128,1292
track_1234364,64/1234364.mp3,213.2,train,artifacts/melspecs/64/1234364.npy,128,1292
track_1234369,69/1234369.mp3,276.9,train,artifacts/melspecs/69/1234369.npy,128,1292
track_1234370,70/1234370.mp3,280.8,train,artifacts/melspecs/70/1234370.npy,128,1292
track_1234384,84/1234384.mp3,197.5,train,artifacts/melspecs/84/1234384.npy,128,1292
track_1234387,87/1234387.mp3,166.2,train,artifacts/melspecs/87/1234387.npy,128,1292
track_1234388,88/1234388.mp3,61.5,train,artifacts/melspecs/88/1234388.npy,128,1292
track_1234390,90/1234390.mp3,120.9,train,artifacts/melspecs/90/1234390.npy,128,1292
track_1234393,93/1234393.mp3,76.3,train,artifacts/melspecs/93/1234393.npy,128,1292
track_1234411,11/1234411.mp3,108.4,train,artifacts/melspecs/11/1234411.npy,128,1292
track_1234412,12/1234412.mp3,243.4,train,artifacts/melspecs/12/1234412.npy,128,1292
track_1234414,14/1234414.mp3,157.2,train,artifacts/melspecs/14/1234414.npy,128,1292
track_1234415,15/1234415.mp3,171.5,train,artifacts/melspecs/15/1234415.npy,128,1292
track_1234421,21/1234421.mp3,167.8,train,artifacts/melspecs/21/1234421.npy,128,1292
track_1234423,23/1234423.mp3,148.7,train,artifacts/melspecs/23/1234423.npy,128,1292
track_1234428,28/1234428.mp3,126.1,train,artifacts/melspecs/28/1234428.npy,128,1292
track_1234441,41/1234441.mp3,171.8,train,artifacts/melspecs/41/1234441.npy,128,1292
track_1234444,44/1234444.mp3,193.8,train,artifacts/melspecs/44/1234444.npy,128,1292
track_1234447,47/1234447.mp3,98.6,train,artifacts/melspecs/47/1234447.npy,128,1292
track_1234494,94/1234494.mp3,384.2,train,artifacts/melspecs/94/1234494.npy,128,1292
track_1234495,95/1234495.mp3,304.8,train,artifacts/melspecs/95/1234495.npy,128,1292
track_1234496,96/1234496.mp3,342.9,train,artifacts/melspecs/96/1234496.npy,128,1292
track_1234497,97/1234497.mp3,310.5,train,artifacts/melspecs/97/1234497.npy,128,1292
track_1234498,98/1234498.mp3,332.6,train,artifacts/melspecs/98/1234498.npy,128,1292
track_1234499,99/1234499.mp3,355.3,train,artifacts/melspecs/99/1234499.npy,128,1292
track_1234500,00/1234500.mp3,420.0,train,artifacts/melspecs/00/1234500.npy,128,1292
track_1234502,02/1234502.mp3,316.2,train,artifacts/melspecs/02/1234502.npy,128,1292
track_1235168,68/1235168.mp3,339.7,train,artifacts/melspecs/68/1235168.npy,128,1292
track_1235361,61/1235361.mp3,171.6,train,artifacts/melspecs/61/1235361.npy,128,1292
track_1235362,62/1235362.mp3,181.0,train,artifacts/melspecs/62/1235362.npy,128,1292
track_1235364,64/1235364.mp3,294.2,train,artifacts/melspecs/64/1235364.npy,128,1292
track_1235365,65/1235365.mp3,164.8,train,artifacts/melspecs/65/1235365.npy,128,1292
track_1235366,66/1235366.mp3,152.5,train,artifacts/melspecs/66/1235366.npy,128,1292
track_1235700,00/1235700.mp3,438.3,train,artifacts/melspecs/00/1235700.npy,128,1292
track_1236044,44/1236044.mp3,158.7,train,artifacts/melspecs/44/1236044.npy,128,1292
track_1236401,01/1236401.mp3,193.6,train,artifacts/melspecs/01/1236401.npy,128,1292
track_1236405,05/1236405.mp3,124.1,train,artifacts/melspecs/05/1236405.npy,128,1292
track_1236408,08/1236408.mp3,278.7,train,artifacts/melspecs/08/1236408.npy,128,1292
track_1236632,32/1236632.mp3,160.0,train,artifacts/melspecs/32/1236632.npy,128,1292
track_1236633,33/1236633.mp3,160.0,train,artifacts/melspecs/33/1236633.npy,128,1292
track_1236853,53/1236853.mp3,170.7,train,artifacts/melspecs/53/1236853.npy,128,1292
track_1236854,54/1236854.mp3,172.1,train,artifacts/melspecs/54/1236854.npy,128,1292
track_1236858,58/1236858.mp3,160.2,train,artifacts/melspecs/58/1236858.npy,128,1292
track_1236859,59/1236859.mp3,199.9,train,artifacts/melspecs/59/1236859.npy,128,1292
track_1236860,60/1236860.mp3,192.0,train,artifacts/melspecs/60/1236860.npy,128,1292
track_1236861,61/1236861.mp3,151.7,train,artifacts/melspecs/61/1236861.npy,128,1292
track_1236865,65/1236865.mp3,150.2,train,artifacts/melspecs/65/1236865.npy,128,1292
track_1236867,67/1236867.mp3,116.0,train,artifacts/melspecs/67/1236867.npy,128,1292
track_1236869,69/1236869.mp3,143.9,train,artifacts/melspecs/69/1236869.npy,128,1292
track_1236870,70/1236870.mp3,149.0,train,artifacts/melspecs/70/1236870.npy,128,1292
track_1236892,92/1236892.mp3,171.6,train,artifacts/melspecs/92/1236892.npy,128,1292
track_1236966,66/1236966.mp3,338.7,train,artifacts/melspecs/66/1236966.npy,128,1292
track_1236967,67/1236967.mp3,638.9,train,artifacts/melspecs/67/1236967.npy,128,1292
track_1237149,49/1237149.mp3,201.3,train,artifacts/melspecs/49/1237149.npy,128,1292
track_1237150,50/1237150.mp3,201.3,train,artifacts/melspecs/50/1237150.npy,128,1292
track_1238764,64/1238764.mp3,170.4,train,artifacts/melspecs/64/1238764.npy,128,1292
track_1238765,65/1238765.mp3,170.4,train,artifacts/melspecs/65/1238765.npy,128,1292
track_1238766,66/1238766.mp3,164.6,train,artifacts/melspecs/66/1238766.npy,128,1292
track_1238931,31/1238931.mp3,392.8,train,artifacts/melspecs/31/1238931.npy,128,1292
track_1239319,19/1239319.mp3,291.7,train,artifacts/melspecs/19/1239319.npy,128,1292
track_1239321,21/1239321.mp3,254.7,train,artifacts/melspecs/21/1239321.npy,128,1292
track_1239323,23/1239323.mp3,280.1,train,artifacts/melspecs/23/1239323.npy,128,1292
track_1239326,26/1239326.mp3,187.8,train,artifacts/melspecs/26/1239326.npy,128,1292
track_1239329,29/1239329.mp3,435.1,train,artifacts/melspecs/29/1239329.npy,128,1292
track_1239332,32/1239332.mp3,256.8,train,artifacts/melspecs/32/1239332.npy,128,1292
track_1239373,73/1239373.mp3,196.1,train,artifacts/melspecs/73/1239373.npy,128,1292
track_1239375,75/1239375.mp3,231.9,train,artifacts/melspecs/75/1239375.npy,128,1292
track_1239383,83/1239383.mp3,448.6,train,artifacts/melspecs/83/1239383.npy,128,1292
track_1239467,67/1239467.mp3,323.3,train,artifacts/melspecs/67/1239467.npy,128,1292
track_1239469,69/1239469.mp3,183.6,train,artifacts/melspecs/69/1239469.npy,128,1292
track_1239470,70/1239470.mp3,370.3,train,artifacts/melspecs/70/1239470.npy,128,1292
track_1239473,73/1239473.mp3,201.7,train,artifacts/melspecs/73/1239473.npy,128,1292
track_1239474,74/1239474.mp3,303.8,train,artifacts/melspecs/74/1239474.npy,128,1292
track_1239475,75/1239475.mp3,312.1,train,artifacts/melspecs/75/1239475.npy,128,1292
track_1239481,81/1239481.mp3,212.6,train,artifacts/melspecs/81/1239481.npy,128,1292
track_1239572,72/1239572.mp3,119.6,train,artifacts/melspecs/72/1239572.npy,128,1292
track_1239573,73/1239573.mp3,119.6,train,artifacts/melspecs/73/1239573.npy,128,1292
track_1239574,74/1239574.mp3,119.6,train,artifacts/melspecs/74/1239574.npy,128,1292
track_1239988,88/1239988.mp3,93.5,train,artifacts/melspecs/88/1239988.npy,128,1292
track_1239989,89/1239989.mp3,93.5,train,artifacts/melspecs/89/1239989.npy,128,1292
track_1240865,65/1240865.mp3,136.4,train,artifacts/melspecs/65/1240865.npy,128,1292
track_1240866,66/1240866.mp3,136.6,train,artifacts/melspecs/66/1240866.npy,128,1292
track_1240868,68/1240868.mp3,138.8,train,artifacts/melspecs/68/1240868.npy,128,1292
track_1240874,74/1240874.mp3,197.6,train,artifacts/melspecs/74/1240874.npy,128,1292
track_1240876,76/1240876.mp3,197.4,train,artifacts/melspecs/76/1240876.npy,128,1292
track_1241183,83/1241183.mp3,186.0,train,artifacts/melspecs/83/1241183.npy,128,1292
track_1241230,30/1241230.mp3,284.0,train,artifacts/melspecs/30/1241230.npy,128,1292
track_1241233,33/1241233.mp3,219.0,train,artifacts/melspecs/33/1241233.npy,128,1292
track_1241236,36/1241236.mp3,316.7,train,artifacts/melspecs/36/1241236.npy,128,1292
track_1241454,54/1241454.mp3,228.0,train,artifacts/melspecs/54/1241454.npy,128,1292
track_1241455,55/1241455.mp3,228.0,train,artifacts/melspecs/55/1241455.npy,128,1292
track_1241457,57/1241457.mp3,302.0,train,artifacts/melspecs/57/1241457.npy,128,1292
track_1241460,60/1241460.mp3,228.0,train,artifacts/melspecs/60/1241460.npy,128,1292
track_1241462,62/1241462.mp3,300.0,train,artifacts/melspecs/62/1241462.npy,128,1292
track_1244733,33/1244733.mp3,230.8,train,artifacts/melspecs/33/1244733.npy,128,1292
track_1244735,35/1244735.mp3,375.4,train,artifacts/melspecs/35/1244735.npy,128,1292
track_1244738,38/1244738.mp3,382.4,train,artifacts/melspecs/38/1244738.npy,128,1292
track_1244739,39/1244739.mp3,238.3,train,artifacts/melspecs/39/1244739.npy,128,1292
track_1244741,41/1244741.mp3,178.5,train,artifacts/melspecs/41/1244741.npy,128,1292
track_1244743,43/1244743.mp3,247.7,train,artifacts/melspecs/43/1244743.npy,128,1292
track_1244744,44/1244744.mp3,204.5,train,artifacts/melspecs/44/1244744.npy,128,1292
track_1244784,84/1244784.mp3,222.5,train,artifacts/melspecs/84/1244784.npy,128,1292
track_1244794,94/1244794.mp3,195.1,train,artifacts/melspecs/94/1244794.npy,128,1292
track_1244815,15/1244815.mp3,272.6,train,artifacts/melspecs/15/1244815.npy,128,1292
track_1244818,18/1244818.mp3,273.0,train,artifacts/melspecs/18/1244818.npy,128,1292
track_1244823,23/1244823.mp3,765.9,train,artifacts/melspecs/23/1244823.npy,128,1292
track_1244828,28/1244828.mp3,265.5,train,artifacts/melspecs/28/1244828.npy,128,1292
track_1244853,53/1244853.mp3,204.4,train,artifacts/melspecs/53/1244853.npy,128,1292
track_1244877,77/1244877.mp3,260.5,train,artifacts/melspecs/77/1244877.npy,128,1292
track_1244878,78/1244878.mp3,263.1,train,artifacts/melspecs/78/1244878.npy,128,1292
track_1244926,26/1244926.mp3,285.8,train,artifacts/melspecs/26/1244926.npy,128,1292
track_1244942,42/1244942.mp3,202.2,train,artifacts/melspecs/42/1244942.npy,128,1292
track_1244943,43/1244943.mp3,187.5,train,artifacts/melspecs/43/1244943.npy,128,1292
track_1244944,44/1244944.mp3,185.6,train,artifacts/melspecs/44/1244944.npy,128,1292
track_1244946,46/1244946.mp3,171.6,train,artifacts/melspecs/46/1244946.npy,128,1292
track_1244947,47/1244947.mp3,196.6,train,artifacts/melspecs/47/1244947.npy,128,1292
track_1244948,48/1244948.mp3,127.2,train,artifacts/melspecs/48/1244948.npy,128,1292
track_1244949,49/1244949.mp3,177.6,train,artifacts/melspecs/49/1244949.npy,128,1292
track_1244950,50/1244950.mp3,223.1,train,artifacts/melspecs/50/1244950.npy,128,1292
track_1244951,51/1244951.mp3,192.0,train,artifacts/melspecs/51/1244951.npy,128,1292
track_1244954,54/1244954.mp3,126.1,train,artifacts/melspecs/54/1244954.npy,128,1292
track_1245143,43/1245143.mp3,208.1,train,artifacts/melspecs/43/1245143.npy,128,1292
track_1246339,39/1246339.mp3,232.0,train,artifacts/melspecs/39/1246339.npy,128,1292
track_1246343,43/1246343.mp3,280.0,train,artifacts/melspecs/43/1246343.npy,128,1292
track_1247101,01/1247101.mp3,334.3,train,artifacts/melspecs/01/1247101.npy,128,1292
track_1247102,02/1247102.mp3,200.6,train,artifacts/melspecs/02/1247102.npy,128,1292
track_1247103,03/1247103.mp3,207.5,train,artifacts/melspecs/03/1247103.npy,128,1292
track_1247104,04/1247104.mp3,378.9,train,artifacts/melspecs/04/1247104.npy,128,1292
track_1247105,05/1247105.mp3,226.3,train,artifacts/melspecs/05/1247105.npy,128,1292
track_1247106,06/1247106.mp3,413.2,train,artifacts/melspecs/06/1247106.npy,128,1292
track_1247107,07/1247107.mp3,207.5,train,artifacts/melspecs/07/1247107.npy,128,1292
track_1247109,09/1247109.mp3,337.8,train,artifacts/melspecs/09/1247109.npy,128,1292
track_1247110,10/1247110.mp3,224.6,train,artifacts/melspecs/10/1247110.npy,128,1292
track_1247112,12/1247112.mp3,289.8,train,artifacts/melspecs/12/1247112.npy,128,1292
track_1247113,13/1247113.mp3,214.3,train,artifacts/melspecs/13/1247113.npy,128,1292
track_1247114,14/1247114.mp3,262.3,train,artifacts/melspecs/14/1247114.npy,128,1292
track_1247120,20/1247120.mp3,246.9,train,artifacts/melspecs/20/1247120.npy,128,1292
track_1247121,21/1247121.mp3,216.0,train,artifacts/melspecs/21/1247121.npy,128,1292
track_1247433,33/1247433.mp3,171.2,train,artifacts/melspecs/33/1247433.npy,128,1292
track_1247434,34/1247434.mp3,166.1,train,artifacts/melspecs/34/1247434.npy,128,1292
track_1247435,35/1247435.mp3,166.2,train,artifacts/melspecs/35/1247435.npy,128,1292
track_1248025,25/1248025.mp3,119.0,train,artifacts/melspecs/25/1248025.npy,128,1292
track_1248557,57/1248557.mp3,337.1,train,artifacts/melspecs/57/1248557.npy,128,1292
track_1248560,60/1248560.mp3,300.1,train,artifacts/melspecs/60/1248560.npy,128,1292
track_1248561,61/1248561.mp3,199.2,train,artifacts/melspecs/61/1248561.npy,128,1292
track_1248562,62/1248562.mp3,262.4,train,artifacts/melspecs/62/1248562.npy,128,1292
track_1248564,64/1248564.mp3,261.6,train,artifacts/melspecs/64/1248564.npy,128,1292
track_1248725,25/1248725.mp3,276.1,train,artifacts/melspecs/25/1248725.npy,128,1292
track_1248726,26/1248726.mp3,244.7,train,artifacts/melspecs/26/1248726.npy,128,1292
track_1248728,28/1248728.mp3,229.5,train,artifacts/melspecs/28/1248728.npy,128,1292
track_1250031,31/1250031.mp3,99.1,train,artifacts/melspecs/31/1250031.npy,128,1292
track_1250032,32/1250032.mp3,60.5,train,artifacts/melspecs/32/1250032.npy,128,1292
track_1250033,33/1250033.mp3,185.1,train,artifacts/melspecs/33/1250033.npy,128,1292
track_1250034,34/1250034.mp3,170.7,train,artifacts/melspecs/34/1250034.npy,128,1292
track_1250035,35/1250035.mp3,88.3,train,artifacts/melspecs/35/1250035.npy,128,1292
track_1250036,36/1250036.mp3,108.9,train,artifacts/melspecs/36/1250036.npy,128,1292
track_1250037,37/1250037.mp3,159.4,train,artifacts/melspecs/37/1250037.npy,128,1292
track_1250038,38/1250038.mp3,108.0,train,artifacts/melspecs/38/1250038.npy,128,1292
track_1250039,39/1250039.mp3,169.5,train,artifacts/melspecs/39/1250039.npy,128,1292
track_1250040,40/1250040.mp3,171.5,train,artifacts/melspecs/40/1250040.npy,128,1292
track_1250041,41/1250041.mp3,183.1,train,artifacts/melspecs/41/1250041.npy,128,1292
track_1250042,42/1250042.mp3,144.4,train,artifacts/melspecs/42/1250042.npy,128,1292
track_1250043,43/1250043.mp3,152.0,train,artifacts/melspecs/43/1250043.npy,128,1292
track_1250044,44/1250044.mp3,136.0,train,artifacts/melspecs/44/1250044.npy,128,1292
track_1250045,45/1250045.mp3,190.9,train,artifacts/melspecs/45/1250045.npy,128,1292
track_1250046,46/1250046.mp3,114.3,train,artifacts/melspecs/46/1250046.npy,128,1292
track_1250047,47/1250047.mp3,207.7,train,artifacts/melspecs/47/1250047.npy,128,1292
track_1250048,48/1250048.mp3,98.7,train,artifacts/melspecs/48/1250048.npy,128,1292
track_1250049,49/1250049.mp3,192.6,train,artifacts/melspecs/49/1250049.npy,128,1292
track_1250050,50/1250050.mp3,164.8,train,artifacts/melspecs/50/1250050.npy,128,1292
track_1250051,51/1250051.mp3,98.7,train,artifacts/melspecs/51/1250051.npy,128,1292
track_1250052,52/1250052.mp3,126.4,train,artifacts/melspecs/52/1250052.npy,128,1292
track_1250054,54/1250054.mp3,136.5,train,artifacts/melspecs/54/1250054.npy,128,1292
track_1250055,55/1250055.mp3,173.2,train,artifacts/melspecs/55/1250055.npy,128,1292
track_1250056,56/1250056.mp3,145.9,train,artifacts/melspecs/56/1250056.npy,128,1292
track_1250057,57/1250057.mp3,157.5,train,artifacts/melspecs/57/1250057.npy,128,1292
track_1250058,58/1250058.mp3,35.0,train,artifacts/melspecs/58/1250058.npy,128,1292
track_1250059,59/1250059.mp3,36.0,train,artifacts/melspecs/59/1250059.npy,128,1292
track_1250060,60/1250060.mp3,32.3,train,artifacts/melspecs/60/1250060.npy,128,1292
track_1250061,61/1250061.mp3,48.2,train,artifacts/melspecs/61/1250061.npy,128,1292
track_1250062,62/1250062.mp3,35.7,train,artifacts/melspecs/62/1250062.npy,128,1292
track_1250063,63/1250063.mp3,63.0,train,artifacts/melspecs/63/1250063.npy,128,1292
track_1250064,64/1250064.mp3,59.4,train,artifacts/melspecs/64/1250064.npy,128,1292
track_1250065,65/1250065.mp3,116.0,train,artifacts/melspecs/65/1250065.npy,128,1292
track_1250066,66/1250066.mp3,45.2,train,artifacts/melspecs/66/1250066.npy,128,1292
track_1250067,67/1250067.mp3,53.7,train,artifacts/melspecs/67/1250067.npy,128,1292
track_1250068,68/1250068.mp3,53.2,train,artifacts/melspecs/68/1250068.npy,128,1292
track_1250069,69/1250069.mp3,34.7,train,artifacts/melspecs/69/1250069.npy,128,1292
track_1250070,70/1250070.mp3,74.9,train,artifacts/melspecs/70/1250070.npy,128,1292
track_1250082,82/1250082.mp3,177.0,train,artifacts/melspecs/82/1250082.npy,128,1292
track_1250197,97/1250197.mp3,64.0,train,artifacts/melspecs/97/1250197.npy,128,1292
track_1250200,00/1250200.mp3,44.4,train,artifacts/melspecs/00/1250200.npy,128,1292
track_1250209,09/1250209.mp3,48.0,train,artifacts/melspecs/09/1250209.npy,128,1292
track_1250214,14/1250214.mp3,35.0,train,artifacts/melspecs/14/1250214.npy,128,1292
track_1250215,15/1250215.mp3,56.1,train,artifacts/melspecs/15/1250215.npy,128,1292
track_1250216,16/1250216.mp3,56.5,train,artifacts/melspecs/16/1250216.npy,128,1292
track_1250217,17/1250217.mp3,48.0,train,artifacts/melspecs/17/1250217.npy,128,1292
track_1250220,20/1250220.mp3,82.3,train,artifacts/melspecs/20/1250220.npy,128,1292
track_1250223,23/1250223.mp3,45.3,train,artifacts/melspecs/23/1250223.npy,128,1292
track_1250227,27/1250227.mp3,96.0,train,artifacts/melspecs/27/1250227.npy,128,1292
track_1250230,30/1250230.mp3,90.2,train,artifacts/melspecs/30/1250230.npy,128,1292
track_1250235,35/1250235.mp3,67.8,train,artifacts/melspecs/35/1250235.npy,128,1292
track_1250238,38/1250238.mp3,128.0,train,artifacts/melspecs/38/1250238.npy,128,1292
track_1250240,40/1250240.mp3,30.0,train,artifacts/melspecs/40/1250240.npy,128,1292
track_1250834,34/1250834.mp3,639.2,train,artifacts/melspecs/34/1250834.npy,128,1292
track_1250839,39/1250839.mp3,609.8,train,artifacts/melspecs/39/1250839.npy,128,1292
track_1251815,15/1251815.mp3,277.3,train,artifacts/melspecs/15/1251815.npy,128,1292
track_1253045,45/1253045.mp3,61.5,train,artifacts/melspecs/45/1253045.npy,128,1292
track_1253050,50/1253050.mp3,106.7,train,artifacts/melspecs/50/1253050.npy,128,1292
track_1253142,42/1253142.mp3,214.2,train,artifacts/melspecs/42/1253142.npy,128,1292
track_1253144,44/1253144.mp3,146.4,train,artifacts/melspecs/44/1253144.npy,128,1292
track_1253145,45/1253145.mp3,218.1,train,artifacts/melspecs/45/1253145.npy,128,1292
track_1253513,13/1253513.mp3,544.4,train,artifacts/melspecs/13/1253513.npy,128,1292
track_1253516,16/1253516.mp3,191.8,train,artifacts/melspecs/16/1253516.npy,128,1292
track_1254541,41/1254541.mp3,230.0,train,artifacts/melspecs/41/1254541.npy,128,1292
track_1254788,88/1254788.mp3,55.1,train,artifacts/melspecs/88/1254788.npy,128,1292
track_1254809,09/1254809.mp3,57.8,train,artifacts/melspecs/09/1254809.npy,128,1292
track_1254810,10/1254810.mp3,136.2,train,artifacts/melspecs/10/1254810.npy,128,1292
track_1254811,11/1254811.mp3,34.0,train,artifacts/melspecs/11/1254811.npy,128,1292
track_1254814,14/1254814.mp3,129.1,train,artifacts/melspecs/14/1254814.npy,128,1292
track_1254815,15/1254815.mp3,33.6,train,artifacts/melspecs/15/1254815.npy,128,1292
track_1254816,16/1254816.mp3,58.2,train,artifacts/melspecs/16/1254816.npy,128,1292
track_1254818,18/1254818.mp3,32.4,train,artifacts/melspecs/18/1254818.npy,128,1292
track_1254821,21/1254821.mp3,121.8,train,artifacts/melspecs/21/1254821.npy,128,1292
track_1255456,56/1255456.mp3,193.2,train,artifacts/melspecs/56/1255456.npy,128,1292
track_1255457,57/1255457.mp3,250.7,train,artifacts/melspecs/57/1255457.npy,128,1292
track_1255459,59/1255459.mp3,248.3,train,artifacts/melspecs/59/1255459.npy,128,1292
track_1255460,60/1255460.mp3,197.1,train,artifacts/melspecs/60/1255460.npy,128,1292
track_1255970,70/1255970.mp3,350.8,train,artifacts/melspecs/70/1255970.npy,128,1292
track_1256886,86/1256886.mp3,178.8,train,artifacts/melspecs/86/1256886.npy,128,1292
track_1257047,47/1257047.mp3,77.5,train,artifacts/melspecs/47/1257047.npy,128,1292
track_1257264,64/1257264.mp3,118.0,train,artifacts/melspecs/64/1257264.npy,128,1292
track_1257266,66/1257266.mp3,100.0,train,artifacts/melspecs/66/1257266.npy,128,1292
track_1257267,67/1257267.mp3,96.0,train,artifacts/melspecs/67/1257267.npy,128,1292
track_1257269,69/1257269.mp3,118.0,train,artifacts/melspecs/69/1257269.npy,128,1292
track_1257270,70/1257270.mp3,128.0,train,artifacts/melspecs/70/1257270.npy,128,1292
track_1257272,72/1257272.mp3,112.0,train,artifacts/melspecs/72/1257272.npy,128,1292
track_1257273,73/1257273.mp3,93.4,train,artifacts/melspecs/73/1257273.npy,128,1292
track_1257275,75/1257275.mp3,73.2,train,artifacts/melspecs/75/1257275.npy,128,1292
track_1257276,76/1257276.mp3,116.0,train,artifacts/melspecs/76/1257276.npy,128,1292
track_1257279,79/1257279.mp3,81.6,train,artifacts/melspecs/79/1257279.npy,128,1292
track_1257280,80/1257280.mp3,64.0,train,artifacts/melspecs/80/1257280.npy,128,1292
track_1257281,81/1257281.mp3,82.1,train,artifacts/melspecs/81/1257281.npy,128,1292
track_1260130,30/1260130.mp3,87.1,train,artifacts/melspecs/30/1260130.npy,128,1292
track_1260131,31/1260131.mp3,38.0,train,artifacts/melspecs/31/1260131.npy,128,1292
track_1261203,03/1261203.mp3,151.6,train,artifacts/melspecs/03/1261203.npy,128,1292
track_1261214,14/1261214.mp3,161.2,train,artifacts/melspecs/14/1261214.npy,128,1292
track_1262650,50/1262650.mp3,328.4,train,artifacts/melspecs/50/1262650.npy,128,1292
track_1262652,52/1262652.mp3,187.6,train,artifacts/melspecs/52/1262652.npy,128,1292
track_1263265,65/1263265.mp3,192.2,train,artifacts/melspecs/65/1263265.npy,128,1292
track_1265307,07/1265307.mp3,211.6,train,artifacts/melspecs/07/1265307.npy,128,1292
track_1265309,09/1265309.mp3,333.6,train,artifacts/melspecs/09/1265309.npy,128,1292
track_1265313,13/1265313.mp3,208.4,train,artifacts/melspecs/13/1265313.npy,128,1292
track_1265314,14/1265314.mp3,374.4,train,artifacts/melspecs/14/1265314.npy,128,1292
track_1265315,15/1265315.mp3,379.8,train,artifacts/melspecs/15/1265315.npy,128,1292
track_1265316,16/1265316.mp3,475.6,train,artifacts/melspecs/16/1265316.npy,128,1292
track_1265323,23/1265323.mp3,388.9,train,artifacts/melspecs/23/1265323.npy,128,1292
track_1265324,24/1265324.mp3,253.9,train,artifacts/melspecs/24/1265324.npy,128,1292
track_1265325,25/1265325.mp3,288.4,train,artifacts/melspecs/25/1265325.npy,128,1292
track_1265326,26/1265326.mp3,252.8,train,artifacts/melspecs/26/1265326.npy,128,1292
track_1265328,28/1265328.mp3,191.2,train,artifacts/melspecs/28/1265328.npy,128,1292
track_1265329,29/1265329.mp3,258.5,train,artifacts/melspecs/29/1265329.npy,128,1292
track_1265330,30/1265330.mp3,264.3,train,artifacts/melspecs/30/1265330.npy,128,1292
track_1265331,31/1265331.mp3,269.3,train,artifacts/melspecs/31/1265331.npy,128,1292
track_1265332,32/1265332.mp3,228.8,train,artifacts/melspecs/32/1265332.npy,128,1292
track_1265902,02/1265902.mp3,106.2,train,artifacts/melspecs/02/1265902.npy,128,1292
track_1265903,03/1265903.mp3,81.6,train,artifacts/melspecs/03/1265903.npy,128,1292
track_1265904,04/1265904.mp3,112.7,train,artifacts/melspecs/04/1265904.npy,128,1292
track_1265905,05/1265905.mp3,152.0,train,artifacts/melspecs/05/1265905.npy,128,1292
track_1265926,26/1265926.mp3,86.1,train,artifacts/melspecs/26/1265926.npy,128,1292
track_1266107,07/1266107.mp3,98.7,train,artifacts/melspecs/07/1266107.npy,128,1292
track_1266110,10/1266110.mp3,86.5,train,artifacts/melspecs/10/1266110.npy,128,1292
track_1266112,12/1266112.mp3,90.1,train,artifacts/melspecs/12/1266112.npy,128,1292
track_1266113,13/1266113.mp3,92.1,train,artifacts/melspecs/13/1266113.npy,128,1292
track_1266740,40/1266740.mp3,372.0,train,artifacts/melspecs/40/1266740.npy,128,1292
track_1267054,54/1267054.mp3,95.0,train,artifacts/melspecs/54/1267054.npy,128,1292
track_1267706,06/1267706.mp3,179.3,train,artifacts/melspecs/06/1267706.npy,128,1292
track_1267752,52/1267752.mp3,145.0,train,artifacts/melspecs/52/1267752.npy,128,1292
track_1270100,00/1270100.mp3,35.1,train,artifacts/melspecs/00/1270100.npy,128,1292
track_1270232,32/1270232.mp3,153.7,train,artifacts/melspecs/32/1270232.npy,128,1292
track_1270233,33/1270233.mp3,153.9,train,artifacts/melspecs/33/1270233.npy,128,1292
track_1270234,34/1270234.mp3,153.8,train,artifacts/melspecs/34/1270234.npy,128,1292
track_1271192,92/1271192.mp3,282.3,train,artifacts/melspecs/92/1271192.npy,128,1292
track_1271785,85/1271785.mp3,208.6,train,artifacts/melspecs/85/1271785.npy,128,1292
track_1271786,86/1271786.mp3,192.5,train,artifacts/melspecs/86/1271786.npy,128,1292
track_1271787,87/1271787.mp3,223.4,train,artifacts/melspecs/87/1271787.npy,128,1292
track_1271788,88/1271788.mp3,157.5,train,artifacts/melspecs/88/1271788.npy,128,1292
track_1271789,89/1271789.mp3,134.4,train,artifacts/melspecs/89/1271789.npy,128,1292
track_1271791,91/1271791.mp3,140.6,train,artifacts/melspecs/91/1271791.npy,128,1292
track_1271793,93/1271793.mp3,67.1,train,artifacts/melspecs/93/1271793.npy,128,1292
track_1271849,49/1271849.mp3,144.8,train,artifacts/melspecs/49/1271849.npy,128,1292
track_1273057,57/1273057.mp3,148.5,train,artifacts/melspecs/57/1273057.npy,128,1292
track_1273058,58/1273058.mp3,148.2,train,artifacts/melspecs/58/1273058.npy,128,1292
track_1273063,63/1273063.mp3,111.6,train,artifacts/melspecs/63/1273063.npy,128,1292
track_1273067,67/1273067.mp3,99.2,train,artifacts/melspecs/67/1273067.npy,128,1292
track_1273068,68/1273068.mp3,99.2,train,artifacts/melspecs/68/1273068.npy,128,1292
track_1273069,69/1273069.mp3,136.9,train,artifacts/melspecs/69/1273069.npy,128,1292
track_1273070,70/1273070.mp3,136.9,train,artifacts/melspecs/70/1273070.npy,128,1292
track_1273071,71/1273071.mp3,136.9,train,artifacts/melspecs/71/1273071.npy,128,1292
track_1273388,88/1273388.mp3,185.2,train,artifacts/melspecs/88/1273388.npy,128,1292
track_1273390,90/1273390.mp3,251.5,train,artifacts/melspecs/90/1273390.npy,128,1292
track_1273948,48/1273948.mp3,132.0,train,artifacts/melspecs/48/1273948.npy,128,1292
track_1273949,49/1273949.mp3,132.0,train,artifacts/melspecs/49/1273949.npy,128,1292
track_1273974,74/1273974.mp3,185.2,train,artifacts/melspecs/74/1273974.npy,128,1292
track_1273975,75/1273975.mp3,228.0,train,artifacts/melspecs/75/1273975.npy,128,1292
track_1273980,80/1273980.mp3,251.5,train,artifacts/melspecs/80/1273980.npy,128,1292
track_1274094,94/1274094.mp3,31.7,train,artifacts/melspecs/94/1274094.npy,128,1292
track_1274095,95/1274095.mp3,95.0,train,artifacts/melspecs/95/1274095.npy,128,1292
track_1274104,04/1274104.mp3,160.5,train,artifacts/melspecs/04/1274104.npy,128,1292
track_1274148,48/1274148.mp3,52.4,train,artifacts/melspecs/48/1274148.npy,128,1292
track_1274149,49/1274149.mp3,41.1,train,artifacts/melspecs/49/1274149.npy,128,1292
track_1274151,51/1274151.mp3,43.0,train,artifacts/melspecs/51/1274151.npy,128,1292
track_1274154,54/1274154.mp3,45.4,train,artifacts/melspecs/54/1274154.npy,128,1292
track_1274155,55/1274155.mp3,51.9,train,artifacts/melspecs/55/1274155.npy,128,1292
track_1274157,57/1274157.mp3,40.9,train,artifacts/melspecs/57/1274157.npy,128,1292
track_1274159,59/1274159.mp3,45.5,train,artifacts/melspecs/59/1274159.npy,128,1292
track_1274160,60/1274160.mp3,49.0,train,artifacts/melspecs/60/1274160.npy,128,1292
track_1274161,61/1274161.mp3,34.8,train,artifacts/melspecs/61/1274161.npy,128,1292
track_1274163,63/1274163.mp3,47.8,train,artifacts/melspecs/63/1274163.npy,128,1292
track_1274164,64/1274164.mp3,46.1,train,artifacts/melspecs/64/1274164.npy,128,1292
track_1274166,66/1274166.mp3,44.9,train,artifacts/melspecs/66/1274166.npy,128,1292
track_1274167,67/1274167.mp3,45.1,train,artifacts/melspecs/67/1274167.npy,128,1292
track_1274169,69/1274169.mp3,48.8,train,artifacts/melspecs/69/1274169.npy,128,1292
track_1274170,70/1274170.mp3,34.6,train,artifacts/melspecs/70/1274170.npy,128,1292
track_1274172,72/1274172.mp3,35.7,train,artifacts/melspecs/72/1274172.npy,128,1292
track_1274174,74/1274174.mp3,40.9,train,artifacts/melspecs/74/1274174.npy,128,1292
track_1274176,76/1274176.mp3,53.4,train,artifacts/melspecs/76/1274176.npy,128,1292
track_1274177,77/1274177.mp3,58.4,train,artifacts/melspecs/77/1274177.npy,128,1292
track_1274242,42/1274242.mp3,48.5,train,artifacts/melspecs/42/1274242.npy,128,1292
track_1274265,65/1274265.mp3,137.5,train,artifacts/melspecs/65/1274265.npy,128,1292
track_1274295,95/1274295.mp3,316.0,train,artifacts/melspecs/95/1274295.npy,128,1292
track_1274296,96/1274296.mp3,288.1,train,artifacts/melspecs/96/1274296.npy,128,1292
track_1274299,99/1274299.mp3,187.2,train,artifacts/melspecs/99/1274299.npy,128,1292
track_1275238,38/1275238.mp3,79.5,train,artifacts/melspecs/38/1275238.npy,128,1292
track_1275239,39/1275239.mp3,82.0,train,artifacts/melspecs/39/1275239.npy,128,1292
track_1276174,74/1276174.mp3,326.0,train,artifacts/melspecs/74/1276174.npy,128,1292
track_1276506,06/1276506.mp3,79.9,train,artifacts/melspecs/06/1276506.npy,128,1292
track_1276507,07/1276507.mp3,87.3,train,artifacts/melspecs/07/1276507.npy,128,1292
track_1277911,11/1277911.mp3,211.9,train,artifacts/melspecs/11/1277911.npy,128,1292
track_1277912,12/1277912.mp3,64.3,train,artifacts/melspecs/12/1277912.npy,128,1292
track_1277913,13/1277913.mp3,55.0,train,artifacts/melspecs/13/1277913.npy,128,1292
track_1277914,14/1277914.mp3,175.6,train,artifacts/melspecs/14/1277914.npy,128,1292
track_1277916,16/1277916.mp3,207.4,train,artifacts/melspecs/16/1277916.npy,128,1292
track_1278177,77/1278177.mp3,167.3,train,artifacts/melspecs/77/1278177.npy,128,1292
track_1278178,78/1278178.mp3,167.3,train,artifacts/melspecs/78/1278178.npy,128,1292
track_1278181,81/1278181.mp3,189.0,train,artifacts/melspecs/81/1278181.npy,128,1292
track_1278182,82/1278182.mp3,224.0,train,artifacts/melspecs/82/1278182.npy,128,1292
track_1278514,14/1278514.mp3,144.1,train,artifacts/melspecs/14/1278514.npy,128,1292
track_1278515,15/1278515.mp3,206.1,train,artifacts/melspecs/15/1278515.npy,128,1292
track_1279077,77/1279077.mp3,38.0,train,artifacts/melspecs/77/1279077.npy,128,1292
track_1279409,09/1279409.mp3,528.1,train,artifacts/melspecs/09/1279409.npy,128,1292
track_1279492,92/1279492.mp3,134.4,train,artifacts/melspecs/92/1279492.npy,128,1292
track_1279493,93/1279493.mp3,60.8,train,artifacts/melspecs/93/1279493.npy,128,1292
track_1279603,03/1279603.mp3,118.4,train,artifacts/melspecs/03/1279603.npy,128,1292
track_1279604,04/1279604.mp3,73.3,train,artifacts/melspecs/04/1279604.npy,128,1292
track_1279607,07/1279607.mp3,73.3,train,artifacts/melspecs/07/1279607.npy,128,1292
track_1279610,10/1279610.mp3,70.0,train,artifacts/melspecs/10/1279610.npy,128,1292
track_1279613,13/1279613.mp3,80.0,train,artifacts/melspecs/13/1279613.npy,128,1292
track_1279618,18/1279618.mp3,70.0,train,artifacts/melspecs/18/1279618.npy,128,1292
track_1279624,24/1279624.mp3,76.0,train,artifacts/melspecs/24/1279624.npy,128,1292
track_1280943,43/1280943.mp3,290.4,train,artifacts/melspecs/43/1280943.npy,128,1292
track_1280944,44/1280944.mp3,290.2,train,artifacts/melspecs/44/1280944.npy,128,1292
track_1282290,90/1282290.mp3,219.4,train,artifacts/melspecs/90/1282290.npy,128,1292
track_1282291,91/1282291.mp3,117.2,train,artifacts/melspecs/91/1282291.npy,128,1292
track_1282293,93/1282293.mp3,111.3,train,artifacts/melspecs/93/1282293.npy,128,1292
track_1282294,94/1282294.mp3,136.5,train,artifacts/melspecs/94/1282294.npy,128,1292
track_1282295,95/1282295.mp3,123.6,train,artifacts/melspecs/95/1282295.npy,128,1292
track_1282296,96/1282296.mp3,134.1,train,artifacts/melspecs/96/1282296.npy,128,1292
track_1282297,97/1282297.mp3,132.7,train,artifacts/melspecs/97/1282297.npy,128,1292
track_1282298,98/1282298.mp3,140.6,train,artifacts/melspecs/98/1282298.npy,128,1292
track_1282299,99/1282299.mp3,165.6,train,artifacts/melspecs/99/1282299.npy,128,1292
track_1282300,00/1282300.mp3,156.6,train,artifacts/melspecs/00/1282300.npy,128,1292
track_1284299,99/1284299.mp3,67.8,train,artifacts/melspecs/99/1284299.npy,128,1292
track_1284458,58/1284458.mp3,164.8,train,artifacts/melspecs/58/1284458.npy,128,1292
track_1284464,64/1284464.mp3,165.3,train,artifacts/melspecs/64/1284464.npy,128,1292
track_1284528,28/1284528.mp3,227.5,train,artifacts/melspecs/28/1284528.npy,128,1292
track_1284964,64/1284964.mp3,187.1,train,artifacts/melspecs/64/1284964.npy,128,1292
track_1284965,65/1284965.mp3,199.3,train,artifacts/melspecs/65/1284965.npy,128,1292
track_1285605,05/1285605.mp3,60.3,train,artifacts/melspecs/05/1285605.npy,128,1292
track_1285606,06/1285606.mp3,30.2,train,artifacts/melspecs/06/1285606.npy,128,1292
track_1285607,07/1285607.mp3,60.3,train,artifacts/melspecs/07/1285607.npy,128,1292
track_1285608,08/1285608.mp3,171.0,train,artifacts/melspecs/08/1285608.npy,128,1292
track_1285609,09/1285609.mp3,171.0,train,artifacts/melspecs/09/1285609.npy,128,1292
track_1285755,55/1285755.mp3,355.9,train,artifacts/melspecs/55/1285755.npy,128,1292
track_1285757,57/1285757.mp3,239.5,train,artifacts/melspecs/57/1285757.npy,128,1292
track_1285758,58/1285758.mp3,384.0,train,artifacts/melspecs/58/1285758.npy,128,1292
track_1285761,61/1285761.mp3,392.7,train,artifacts/melspecs/61/1285761.npy,128,1292
track_1286473,73/1286473.mp3,204.1,train,artifacts/melspecs/73/1286473.npy,128,1292
track_1286534,34/1286534.mp3,30.8,train,artifacts/melspecs/34/1286534.npy,128,1292
track_1286535,35/1286535.mp3,208.3,train,artifacts/melspecs/35/1286535.npy,128,1292
track_1286536,36/1286536.mp3,60.0,train,artifacts/melspecs/36/1286536.npy,128,1292
track_1286538,38/1286538.mp3,208.3,train,artifacts/melspecs/38/1286538.npy,128,1292
track_1286539,39/1286539.mp3,30.8,train,artifacts/melspecs/39/1286539.npy,128,1292
track_1286770,70/1286770.mp3,666.3,train,artifacts/melspecs/70/1286770.npy,128,1292
track_1286771,71/1286771.mp3,411.2,train,artifacts/melspecs/71/1286771.npy,128,1292
track_1286772,72/1286772.mp3,626.8,train,artifacts/melspecs/72/1286772.npy,128,1292
track_1286773,73/1286773.mp3,520.6,train,artifacts/melspecs/73/1286773.npy,128,1292
track_1286774,74/1286774.mp3,501.9,train,artifacts/melspecs/74/1286774.npy,128,1292
track_1286775,75/1286775.mp3,828.1,train,artifacts/melspecs/75/1286775.npy,128,1292
track_1286776,76/1286776.mp3,480.6,train,artifacts/melspecs/76/1286776.npy,128,1292
track_1286777,77/1286777.mp3,604.8,train,artifacts/melspecs/77/1286777.npy,128,1292
track_1286778,78/1286778.mp3,520.2,train,artifacts/melspecs/78/1286778.npy,128,1292
track_1286779,79/1286779.mp3,779.4,train,artifacts/melspecs/79/1286779.npy,128,1292
track_1287451,51/1287451.mp3,390.9,train,artifacts/melspecs/51/1287451.npy,128,1292
track_1287452,52/1287452.mp3,320.0,train,artifacts/melspecs/52/1287452.npy,128,1292
track_1287454,54/1287454.mp3,250.6,train,artifacts/melspecs/54/1287454.npy,128,1292
track_1287457,57/1287457.mp3,279.5,train,artifacts/melspecs/57/1287457.npy,128,1292
track_1287885,85/1287885.mp3,295.0,train,artifacts/melspecs/85/1287885.npy,128,1292
track_1287886,86/1287886.mp3,157.0,train,artifacts/melspecs/86/1287886.npy,128,1292
track_1287887,87/1287887.mp3,224.0,train,artifacts/melspecs/87/1287887.npy,128,1292
track_1287888,88/1287888.mp3,259.4,train,artifacts/melspecs/88/1287888.npy,128,1292
track_1287889,89/1287889.mp3,400.0,train,artifacts/melspecs/89/1287889.npy,128,1292
track_1287890,90/1287890.mp3,468.5,train,artifacts/melspecs/90/1287890.npy,128,1292
track_1287892,92/1287892.mp3,356.4,train,artifacts/melspecs/92/1287892.npy,128,1292
track_1288400,00/1288400.mp3,127.8,train,artifacts/melspecs/00/1288400.npy,128,1292
track_1288490,90/1288490.mp3,328.1,train,artifacts/melspecs/90/1288490.npy,128,1292
track_1288491,91/1288491.mp3,163.2,train,artifacts/melspecs/91/1288491.npy,128,1292
track_1288492,92/1288492.mp3,170.4,train,artifacts/melspecs/92/1288492.npy,128,1292
track_1288494,94/1288494.mp3,177.4,train,artifacts/melspecs/94/1288494.npy,128,1292
track_1288495,95/1288495.mp3,175.3,train,artifacts/melspecs/95/1288495.npy,128,1292
track_1289104,04/1289104.mp3,199.7,train,artifacts/melspecs/04/1289104.npy,128,1292
track_1289125,25/1289125.mp3,334.2,train,artifacts/melspecs/25/1289125.npy,128,1292
track_1289126,26/1289126.mp3,334.2,train,artifacts/melspecs/26/1289126.npy,128,1292
track_1289135,35/1289135.mp3,519.5,train,artifacts/melspecs/35/1289135.npy,128,1292
track_1289371,71/1289371.mp3,347.5,train,artifacts/melspecs/71/1289371.npy,128,1292
track_1289379,79/1289379.mp3,298.2,train,artifacts/melspecs/79/1289379.npy,128,1292
track_1289522,22/1289522.mp3,111.0,train,artifacts/melspecs/22/1289522.npy,128,1292
track_1289523,23/1289523.mp3,187.5,train,artifacts/melspecs/23/1289523.npy,128,1292
track_1289524,24/1289524.mp3,186.6,train,artifacts/melspecs/24/1289524.npy,128,1292
track_1289526,26/1289526.mp3,167.3,train,artifacts/melspecs/26/1289526.npy,128,1292
track_1289527,27/1289527.mp3,204.2,train,artifacts/melspecs/27/1289527.npy,128,1292
track_1289528,28/1289528.mp3,165.7,train,artifacts/melspecs/28/1289528.npy,128,1292
track_1289529,29/1289529.mp3,175.3,train,artifacts/melspecs/29/1289529.npy,128,1292
track_1289530,30/1289530.mp3,204.0,train,artifacts/melspecs/30/1289530.npy,128,1292
track_1290009,09/1290009.mp3,250.3,train,artifacts/melspecs/09/1290009.npy,128,1292
track_1290010,10/1290010.mp3,228.0,train,artifacts/melspecs/10/1290010.npy,128,1292
track_1290011,11/1290011.mp3,289.8,train,artifacts/melspecs/11/1290011.npy,128,1292
track_1290012,12/1290012.mp3,276.0,train,artifacts/melspecs/12/1290012.npy,128,1292
track_1290013,13/1290013.mp3,255.5,train,artifacts/melspecs/13/1290013.npy,128,1292
track_1290014,14/1290014.mp3,440.6,train,artifacts/melspecs/14/1290014.npy,128,1292
track_1290015,15/1290015.mp3,214.3,train,artifacts/melspecs/15/1290015.npy,128,1292
track_1290017,17/1290017.mp3,303.5,train,artifacts/melspecs/17/1290017.npy,128,1292
track_1290018,18/1290018.mp3,351.5,train,artifacts/melspecs/18/1290018.npy,128,1292
track_1290019,19/1290019.mp3,255.5,train,artifacts/melspecs/19/1290019.npy,128,1292
track_1290020,20/1290020.mp3,214.3,train,artifacts/melspecs/20/1290020.npy,128,1292
track_1290149,49/1290149.mp3,70.1,train,artifacts/melspecs/49/1290149.npy,128,1292
track_1290419,19/1290419.mp3,168.8,train,artifacts/melspecs/19/1290419.npy,128,1292
track_1290439,39/1290439.mp3,171.2,train,artifacts/melspecs/39/1290439.npy,128,1292
track_1290557,57/1290557.mp3,61.6,train,artifacts/melspecs/57/1290557.npy,128,1292
track_1290558,58/1290558.mp3,30.6,train,artifacts/melspecs/58/1290558.npy,128,1292
track_1290559,59/1290559.mp3,89.5,train,artifacts/melspecs/59/1290559.npy,128,1292
track_1290637,37/1290637.mp3,91.8,train,artifacts/melspecs/37/1290637.npy,128,1292
track_1290697,97/1290697.mp3,165.5,train,artifacts/melspecs/97/1290697.npy,128,1292
track_1290698,98/1290698.mp3,165.5,train,artifacts/melspecs/98/1290698.npy,128,1292
track_1290876,76/1290876.mp3,307.1,train,artifacts/melspecs/76/1290876.npy,128,1292
track_1290880,80/1290880.mp3,360.0,train,artifacts/melspecs/80/1290880.npy,128,1292
track_1290882,82/1290882.mp3,343.8,train,artifacts/melspecs/82/1290882.npy,128,1292
track_1290948,48/1290948.mp3,144.0,train,artifacts/melspecs/48/1290948.npy,128,1292
track_1290949,49/1290949.mp3,134.0,train,artifacts/melspecs/49/1290949.npy,128,1292
track_1290952,52/1290952.mp3,125.0,train,artifacts/melspecs/52/1290952.npy,128,1292
track_1290954,54/1290954.mp3,140.2,train,artifacts/melspecs/54/1290954.npy,128,1292
track_1290969,69/1290969.mp3,249.9,train,artifacts/melspecs/69/1290969.npy,128,1292
track_1291679,79/1291679.mp3,35.1,train,artifacts/melspecs/79/1291679.npy,128,1292
track_1291680,80/1291680.mp3,65.0,train,artifacts/melspecs/80/1291680.npy,128,1292
track_1292691,91/1292691.mp3,117.7,train,artifacts/melspecs/91/1292691.npy,128,1292
track_1293660,60/1293660.mp3,258.5,train,artifacts/melspecs/60/1293660.npy,128,1292
track_1293698,98/1293698.mp3,137.5,train,artifacts/melspecs/98/1293698.npy,128,1292
track_1293701,01/1293701.mp3,137.5,train,artifacts/melspecs/01/1293701.npy,128,1292
track_1293705,05/1293705.mp3,30.1,train,artifacts/melspecs/05/1293705.npy,128,1292
track_1293707,07/1293707.mp3,186.9,train,artifacts/melspecs/07/1293707.npy,128,1292
track_1293729,29/1293729.mp3,38.1,train,artifacts/melspecs/29/1293729.npy,128,1292
track_1293730,30/1293730.mp3,70.0,train,artifacts/melspecs/30/1293730.npy,128,1292
track_1293910,10/1293910.mp3,122.6,train,artifacts/melspecs/10/1293910.npy,128,1292
track_1294205,05/1294205.mp3,60.0,train,artifacts/melspecs/05/1294205.npy,128,1292
track_1294211,11/1294211.mp3,124.1,train,artifacts/melspecs/11/1294211.npy,128,1292
track_1294217,17/1294217.mp3,124.1,train,artifacts/melspecs/17/1294217.npy,128,1292
track_1294600,00/1294600.mp3,132.0,train,artifacts/melspecs/00/1294600.npy,128,1292
track_1295062,62/1295062.mp3,259.1,train,artifacts/melspecs/62/1295062.npy,128,1292
track_1295407,07/1295407.mp3,135.9,train,artifacts/melspecs/07/1295407.npy,128,1292
track_1295411,11/1295411.mp3,143.6,train,artifacts/melspecs/11/1295411.npy,128,1292
track_1295413,13/1295413.mp3,131.0,train,artifacts/melspecs/13/1295413.npy,128,1292
track_1295414,14/1295414.mp3,218.3,train,artifacts/melspecs/14/1295414.npy,128,1292
track_1295415,15/1295415.mp3,91.9,train,artifacts/melspecs/15/1295415.npy,128,1292
track_1295416,16/1295416.mp3,204.4,train,artifacts/melspecs/16/1295416.npy,128,1292
track_1295417,17/1295417.mp3,218.3,train,artifacts/melspecs/17/1295417.npy,128,1292
track_1295418,18/1295418.mp3,184.3,train,artifacts/melspecs/18/1295418.npy,128,1292
track_1295419,19/1295419.mp3,157.5,train,artifacts/melspecs/19/1295419.npy,128,1292
track_1295710,10/1295710.mp3,98.8,train,artifacts/melspecs/10/1295710.npy,128,1292
track_1295713,13/1295713.mp3,94.6,train,artifacts/melspecs/13/1295713.npy,128,1292
track_1295720,20/1295720.mp3,31.7,train,artifacts/melspecs/20/1295720.npy,128,1292
track_1296779,79/1296779.mp3,100.0,train,artifacts/melspecs/79/1296779.npy,128,1292
track_1296780,80/1296780.mp3,146.1,train,artifacts/melspecs/80/1296780.npy,128,1292
track_1296781,81/1296781.mp3,144.7,train,artifacts/melspecs/81/1296781.npy,128,1292
track_1296782,82/1296782.mp3,146.1,train,artifacts/melspecs/82/1296782.npy,128,1292
track_1296783,83/1296783.mp3,133.1,train,artifacts/melspecs/83/1296783.npy,128,1292
track_1296858,58/1296858.mp3,126.0,train,artifacts/melspecs/58/1296858.npy,128,1292
track_1296859,59/1296859.mp3,132.0,train,artifacts/melspecs/59/1296859.npy,128,1292
track_1296860,60/1296860.mp3,132.0,train,artifacts/melspecs/60/1296860.npy,128,1292
track_1296862,62/1296862.mp3,124.3,train,artifacts/melspecs/62/1296862.npy,128,1292
track_1296863,63/1296863.mp3,126.2,train,artifacts/melspecs/63/1296863.npy,128,1292
track_1296924,24/1296924.mp3,93.5,train,artifacts/melspecs/24/1296924.npy,128,1292
track_1296925,25/1296925.mp3,93.5,train,artifacts/melspecs/25/1296925.npy,128,1292
track_1296926,26/1296926.mp3,157.1,train,artifacts/melspecs/26/1296926.npy,128,1292
track_1296927,27/1296927.mp3,172.1,train,artifacts/melspecs/27/1296927.npy,128,1292
track_1296928,28/1296928.mp3,170.7,train,artifacts/melspecs/28/1296928.npy,128,1292
track_1296929,29/1296929.mp3,201.3,train,artifacts/melspecs/29/1296929.npy,128,1292
track_1296930,30/1296930.mp3,201.3,train,artifacts/melspecs/30/1296930.npy,128,1292
track_1296931,31/1296931.mp3,60.6,train,artifacts/melspecs/31/1296931.npy,128,1292
track_1296932,32/1296932.mp3,167.1,train,artifacts/melspecs/32/1296932.npy,128,1292
track_1296933,33/1296933.mp3,167.1,train,artifacts/melspecs/33/1296933.npy,128,1292
track_1297805,05/1297805.mp3,38.1,train,artifacts/melspecs/05/1297805.npy,128,1292
track_1297806,06/1297806.mp3,70.1,train,artifacts/melspecs/06/1297806.npy,128,1292
track_1298276,76/1298276.mp3,104.0,train,artifacts/melspecs/76/1298276.npy,128,1292
track_1298290,90/1298290.mp3,145.8,train,artifacts/melspecs/90/1298290.npy,128,1292
track_1298307,07/1298307.mp3,182.3,train,artifacts/melspecs/07/1298307.npy,128,1292
track_1298308,08/1298308.mp3,173.5,train,artifacts/melspecs/08/1298308.npy,128,1292
track_1298309,09/1298309.mp3,135.6,train,artifacts/melspecs/09/1298309.npy,128,1292
track_1298571,71/1298571.mp3,157.3,train,artifacts/melspecs/71/1298571.npy,128,1292
track_1299933,33/1299933.mp3,135.4,train,artifacts/melspecs/33/1299933.npy,128,1292
track_1299937,37/1299937.mp3,130.5,train,artifacts/melspecs/37/1299937.npy,128,1292
track_1299938,38/1299938.mp3,84.8,train,artifacts/melspecs/38/1299938.npy,128,1292
track_1300000,00/1300000.mp3,400.0,train,artifacts/melspecs/00/1300000.npy,128,1292
track_1300307,07/1300307.mp3,127.4,train,artifacts/melspecs/07/1300307.npy,128,1292
track_1300328,28/1300328.mp3,209.1,train,artifacts/melspecs/28/1300328.npy,128,1292
track_1300329,29/1300329.mp3,307.6,train,artifacts/melspecs/29/1300329.npy,128,1292
track_1300330,30/1300330.mp3,307.8,train,artifacts/melspecs/30/1300330.npy,128,1292
track_1301595,95/1301595.mp3,163.2,train,artifacts/melspecs/95/1301595.npy,128,1292
track_1302088,88/1302088.mp3,185.2,train,artifacts/melspecs/88/1302088.npy,128,1292
track_1302090,90/1302090.mp3,168.7,train,artifacts/melspecs/90/1302090.npy,128,1292
track_1302145,45/1302145.mp3,74.1,train,artifacts/melspecs/45/1302145.npy,128,1292
track_1303000,00/1303000.mp3,124.1,train,artifacts/melspecs/00/1303000.npy,128,1292
track_1303012,12/1303012.mp3,337.8,train,artifacts/melspecs/12/1303012.npy,128,1292
track_1303013,13/1303013.mp3,334.3,train,artifacts/melspecs/13/1303013.npy,128,1292
track_1303015,15/1303015.mp3,330.9,train,artifacts/melspecs/15/1303015.npy,128,1292
track_1303017,17/1303017.mp3,221.2,train,artifacts/melspecs/17/1303017.npy,128,1292
track_1303018,18/1303018.mp3,394.3,train,artifacts/melspecs/18/1303018.npy,128,1292
track_1303019,19/1303019.mp3,276.0,train,artifacts/melspecs/19/1303019.npy,128,1292
track_1303020,20/1303020.mp3,276.0,train,artifacts/melspecs/20/1303020.npy,128,1292
track_1303021,21/1303021.mp3,279.5,train,artifacts/melspecs/21/1303021.npy,128,1292
track_1303022,22/1303022.mp3,262.3,train,artifacts/melspecs/22/1303022.npy,128,1292
track_1303023,23/1303023.mp3,234.9,train,artifacts/melspecs/23/1303023.npy,128,1292
track_1303080,80/1303080.mp3,236.2,train,artifacts/melspecs/80/1303080.npy,128,1292
track_1303082,82/1303082.mp3,242.2,train,artifacts/melspecs/82/1303082.npy,128,1292
track_1303177,77/1303177.mp3,262.3,train,artifacts/melspecs/77/1303177.npy,128,1292
track_1303178,78/1303178.mp3,269.2,train,artifacts/melspecs/78/1303178.npy,128,1292
track_1304354,54/1304354.mp3,372.7,train,artifacts/melspecs/54/1304354.npy,128,1292
track_1304568,68/1304568.mp3,564.0,train,artifacts/melspecs/68/1304568.npy,128,1292
track_1305095,95/1305095.mp3,330.0,train,artifacts/melspecs/95/1305095.npy,128,1292
track_1306265,65/1306265.mp3,140.0,train,artifacts/melspecs/65/1306265.npy,128,1292
track_1306550,50/1306550.mp3,70.1,train,artifacts/melspecs/50/1306550.npy,128,1292
track_1306653,53/1306653.mp3,224.6,train,artifacts/melspecs/53/1306653.npy,128,1292
track_1306699,99/1306699.mp3,150.9,train,artifacts/melspecs/99/1306699.npy,128,1292
track_1306703,03/1306703.mp3,114.5,train,artifacts/melspecs/03/1306703.npy,128,1292
track_1306704,04/1306704.mp3,114.9,train,artifacts/melspecs/04/1306704.npy,128,1292
track_1306706,06/1306706.mp3,84.1,train,artifacts/melspecs/06/1306706.npy,128,1292
track_1306739,39/1306739.mp3,137.1,train,artifacts/melspecs/39/1306739.npy,128,1292
track_1306842,42/1306842.mp3,116.2,train,artifacts/melspecs/42/1306842.npy,128,1292
track_1306843,43/1306843.mp3,114.5,train,artifacts/melspecs/43/1306843.npy,128,1292
track_1306844,44/1306844.mp3,72.1,train,artifacts/melspecs/44/1306844.npy,128,1292
track_1306846,46/1306846.mp3,129.0,train,artifacts/melspecs/46/1306846.npy,128,1292
track_1306848,48/1306848.mp3,63.2,train,artifacts/melspecs/48/1306848.npy,128,1292
track_1306850,50/1306850.mp3,145.1,train,artifacts/melspecs/50/1306850.npy,128,1292
track_1306851,51/1306851.mp3,94.6,train,artifacts/melspecs/51/1306851.npy,128,1292
track_1306954,54/1306954.mp3,204.2,train,artifacts/melspecs/54/1306954.npy,128,1292
track_1307726,26/1307726.mp3,224.0,train,artifacts/melspecs/26/1307726.npy,128,1292
track_1307727,27/1307727.mp3,143.8,train,artifacts/melspecs/27/1307727.npy,128,1292
track_1307728,28/1307728.mp3,121.9,train,artifacts/melspecs/28/1307728.npy,128,1292
track_1307737,37/1307737.mp3,194.1,train,artifacts/melspecs/37/1307737.npy,128,1292
track_1307740,40/1307740.mp3,194.1,train,artifacts/melspecs/40/1307740.npy,128,1292
track_1308194,94/1308194.mp3,174.6,train,artifacts/melspecs/94/1308194.npy,128,1292
track_1308209,09/1308209.mp3,104.4,train,artifacts/melspecs/09/1308209.npy,128,1292
track_1308469,69/1308469.mp3,75.8,train,artifacts/melspecs/69/1308469.npy,128,1292
track_1308822,22/1308822.mp3,345.0,train,artifacts/melspecs/22/1308822.npy,128,1292
track_1309223,23/1309223.mp3,258.0,train,artifacts/melspecs/23/1309223.npy,128,1292
track_1309251,51/1309251.mp3,206.9,train,artifacts/melspecs/51/1309251.npy,128,1292
track_1309253,53/1309253.mp3,257.3,train,artifacts/melspecs/53/1309253.npy,128,1292
track_1309256,56/1309256.mp3,206.4,train,artifacts/melspecs/56/1309256.npy,128,1292
track_1309263,63/1309263.mp3,301.3,train,artifacts/melspecs/63/1309263.npy,128,1292
track_1309325,25/1309325.mp3,468.0,train,artifacts/melspecs/25/1309325.npy,128,1292
track_1309457,57/1309457.mp3,282.7,train,artifacts/melspecs/57/1309457.npy,128,1292
track_1309631,31/1309631.mp3,138.5,train,artifacts/melspecs/31/1309631.npy,128,1292
track_1309640,40/1309640.mp3,113.0,train,artifacts/melspecs/40/1309640.npy,128,1292
track_1309732,32/1309732.mp3,308.6,train,artifacts/melspecs/32/1309732.npy,128,1292
track_1309753,53/1309753.mp3,224.0,train,artifacts/melspecs/53/1309753.npy,128,1292
track_1309757,57/1309757.mp3,159.5,train,artifacts/melspecs/57/1309757.npy,128,1292
track_1310106,06/1310106.mp3,111.5,train,artifacts/melspecs/06/1310106.npy,128,1292
track_1310107,07/1310107.mp3,124.1,train,artifacts/melspecs/07/1310107.npy,128,1292
track_1310116,16/1310116.mp3,162.5,train,artifacts/melspecs/16/1310116.npy,128,1292
track_1310207,07/1310207.mp3,224.0,train,artifacts/melspecs/07/1310207.npy,128,1292
track_1310209,09/1310209.mp3,248.0,train,artifacts/melspecs/09/1310209.npy,128,1292
track_1310215,15/1310215.mp3,228.0,train,artifacts/melspecs/15/1310215.npy,128,1292
track_1310216,16/1310216.mp3,260.0,train,artifacts/melspecs/16/1310216.npy,128,1292
track_1310233,33/1310233.mp3,245.1,train,artifacts/melspecs/33/1310233.npy,128,1292
track_1310236,36/1310236.mp3,299.1,train,artifacts/melspecs/36/1310236.npy,128,1292
track_1310242,42/1310242.mp3,265.0,train,artifacts/melspecs/42/1310242.npy,128,1292
track_1310243,43/1310243.mp3,234.8,train,artifacts/melspecs/43/1310243.npy,128,1292
track_1310244,44/1310244.mp3,174.6,train,artifacts/melspecs/44/1310244.npy,128,1292
track_1310246,46/1310246.mp3,213.7,train,artifacts/melspecs/46/1310246.npy,128,1292
track_1310248,48/1310248.mp3,216.8,train,artifacts/melspecs/48/1310248.npy,128,1292
track_1310553,53/1310553.mp3,169.9,train,artifacts/melspecs/53/1310553.npy,128,1292
track_1310554,54/1310554.mp3,125.7,train,artifacts/melspecs/54/1310554.npy,128,1292
track_1310866,66/1310866.mp3,373.1,train,artifacts/melspecs/66/1310866.npy,128,1292
track_1311236,36/1311236.mp3,267.7,train,artifacts/melspecs/36/1311236.npy,128,1292
track_1311244,44/1311244.mp3,203.0,train,artifacts/melspecs/44/1311244.npy,128,1292
track_1311286,86/1311286.mp3,373.4,train,artifacts/melspecs/86/1311286.npy,128,1292
track_1311479,79/1311479.mp3,122.1,train,artifacts/melspecs/79/1311479.npy,128,1292
track_1311482,82/1311482.mp3,108.6,train,artifacts/melspecs/82/1311482.npy,128,1292
track_1312018,18/1312018.mp3,72.0,train,artifacts/melspecs/18/1312018.npy,128,1292
track_1312508,08/1312508.mp3,150.5,train,artifacts/melspecs/08/1312508.npy,128,1292
track_1312509,09/1312509.mp3,150.5,train,artifacts/melspecs/09/1312509.npy,128,1292
track_1312510,10/1312510.mp3,173.9,train,artifacts/melspecs/10/1312510.npy,128,1292
track_1312511,11/1312511.mp3,173.9,train,artifacts/melspecs/11/1312511.npy,128,1292
track_1312512,12/1312512.mp3,141.0,train,artifacts/melspecs/12/1312512.npy,128,1292
track_1312513,13/1312513.mp3,141.0,train,artifacts/melspecs/13/1312513.npy,128,1292
track_1313062,62/1313062.mp3,68.0,train,artifacts/melspecs/62/1313062.npy,128,1292
track_1313063,63/1313063.mp3,36.0,train,artifacts/melspecs/63/1313063.npy,128,1292
track_1313105,05/1313105.mp3,193.0,train,artifacts/melspecs/05/1313105.npy,128,1292
track_1313106,06/1313106.mp3,125.1,train,artifacts/melspecs/06/1313106.npy,128,1292
track_1313107,07/1313107.mp3,224.5,train,artifacts/melspecs/07/1313107.npy,128,1292
track_1313108,08/1313108.mp3,218.0,train,artifacts/melspecs/08/1313108.npy,128,1292
track_1313109,09/1313109.mp3,226.0,train,artifacts/melspecs/09/1313109.npy,128,1292
track_1313460,60/1313460.mp3,217.1,train,artifacts/melspecs/60/1313460.npy,128,1292
track_1314100,00/1314100.mp3,63.1,train,artifacts/melspecs/00/1314100.npy,128,1292
track_1314101,01/1314101.mp3,34.1,train,artifacts/melspecs/01/1314101.npy,128,1292
track_1314131,31/1314131.mp3,271.7,train,artifacts/melspecs/31/1314131.npy,128,1292
track_1314412,12/1314412.mp3,243.6,train,artifacts/melspecs/12/1314412.npy,128,1292
track_1314538,38/1314538.mp3,127.9,train,artifacts/melspecs/38/1314538.npy,128,1292
track_1314539,39/1314539.mp3,95.5,train,artifacts/melspecs/39/1314539.npy,128,1292
track_1314541,41/1314541.mp3,63.7,train,artifacts/melspecs/41/1314541.npy,128,1292
track_1314542,42/1314542.mp3,69.3,train,artifacts/melspecs/42/1314542.npy,128,1292
track_1315063,63/1315063.mp3,277.6,train,artifacts/melspecs/63/1315063.npy,128,1292
track_1315518,18/1315518.mp3,179.7,train,artifacts/melspecs/18/1315518.npy,128,1292
track_1315526,26/1315526.mp3,54.3,train,artifacts/melspecs/26/1315526.npy,128,1292
track_1315530,30/1315530.mp3,289.5,train,artifacts/melspecs/30/1315530.npy,128,1292
track_1315531,31/1315531.mp3,292.7,train,artifacts/melspecs/31/1315531.npy,128,1292
track_1315534,34/1315534.mp3,314.5,train,artifacts/melspecs/34/1315534.npy,128,1292
track_1315536,36/1315536.mp3,362.8,train,artifacts/melspecs/36/1315536.npy,128,1292
track_1315909,09/1315909.mp3,343.6,train,artifacts/melspecs/09/1315909.npy,128,1292
track_1316219,19/1316219.mp3,221.0,train,artifacts/melspecs/19/1316219.npy,128,1292
track_1316243,43/1316243.mp3,214.4,train,artifacts/melspecs/43/1316243.npy,128,1292
track_1316892,92/1316892.mp3,67.0,train,artifacts/melspecs/92/1316892.npy,128,1292
track_1316893,93/1316893.mp3,35.0,train,artifacts/melspecs/93/1316893.npy,128,1292
track_1317594,94/1317594.mp3,320.2,train,artifacts/melspecs/94/1317594.npy,128,1292
track_1317595,95/1317595.mp3,236.7,train,artifacts/melspecs/95/1317595.npy,128,1292
track_1318707,07/1318707.mp3,31.1,train,artifacts/melspecs/07/1318707.npy,128,1292
track_1319228,28/1319228.mp3,231.8,train,artifacts/melspecs/28/1319228.npy,128,1292
track_1319229,29/1319229.mp3,273.6,train,artifacts/melspecs/29/1319229.npy,128,1292
track_1319230,30/1319230.mp3,245.5,train,artifacts/melspecs/30/1319230.npy,128,1292
track_1319239,39/1319239.mp3,226.3,train,artifacts/melspecs/39/1319239.npy,128,1292
track_1319680,80/1319680.mp3,284.6,train,artifacts/melspecs/80/1319680.npy,128,1292
track_1319681,81/1319681.mp3,264.0,train,artifacts/melspecs/81/1319681.npy,128,1292
track_1319682,82/1319682.mp3,276.0,train,artifacts/melspecs/82/1319682.npy,128,1292
track_1319683,83/1319683.mp3,241.8,train,artifacts/melspecs/83/1319683.npy,128,1292
track_1319684,84/1319684.mp3,255.5,train,artifacts/melspecs/84/1319684.npy,128,1292
track_1319685,85/1319685.mp3,330.9,train,artifacts/melspecs/85/1319685.npy,128,1292
track_1319686,86/1319686.mp3,276.0,train,artifacts/melspecs/86/1319686.npy,128,1292
track_1319687,87/1319687.mp3,289.8,train,artifacts/melspecs/87/1319687.npy,128,1292
track_1319688,88/1319688.mp3,253.8,train,artifacts/melspecs/88/1319688.npy,128,1292
track_1319689,89/1319689.mp3,313.8,train,artifacts/melspecs/89/1319689.npy,128,1292
track_1319690,90/1319690.mp3,262.3,train,artifacts/melspecs/90/1319690.npy,128,1292
track_1319691,91/1319691.mp3,402.9,train,artifacts/melspecs/91/1319691.npy,128,1292
track_1319786,86/1319786.mp3,86.0,train,artifacts/melspecs/86/1319786.npy,128,1292
track_1319787,87/1319787.mp3,75.9,train,artifacts/melspecs/87/1319787.npy,128,1292
track_1319788,88/1319788.mp3,66.6,train,artifacts/melspecs/88/1319788.npy,128,1292
track_1319836,36/1319836.mp3,239.1,train,artifacts/melspecs/36/1319836.npy,128,1292
track_1321120,20/1321120.mp3,132.0,train,artifacts/melspecs/20/1321120.npy,128,1292
track_1321150,50/1321150.mp3,346.6,train,artifacts/melspecs/50/1321150.npy,128,1292
track_1322184,84/1322184.mp3,219.9,train,artifacts/melspecs/84/1322184.npy,128,1292
track_1322385,85/1322385.mp3,147.9,train,artifacts/melspecs/85/1322385.npy,128,1292
track_1322387,87/1322387.mp3,213.1,train,artifacts/melspecs/87/1322387.npy,128,1292
track_1322722,22/1322722.mp3,70.0,train,artifacts/melspecs/22/1322722.npy,128,1292
track_1322723,23/1322723.mp3,35.0,train,artifacts/melspecs/23/1322723.npy,128,1292
track_1322932,32/1322932.mp3,152.8,train,artifacts/melspecs/32/1322932.npy,128,1292
track_1322933,33/1322933.mp3,152.8,train,artifacts/melspecs/33/1322933.npy,128,1292
track_1323126,26/1323126.mp3,181.1,train,artifacts/melspecs/26/1323126.npy,128,1292
track_1323149,49/1323149.mp3,237.5,train,artifacts/melspecs/49/1323149.npy,128,1292
track_1323261,61/1323261.mp3,31.0,train,artifacts/melspecs/61/1323261.npy,128,1292
track_1325602,02/1325602.mp3,228.9,train,artifacts/melspecs/02/1325602.npy,128,1292
track_1325603,03/1325603.mp3,228.9,train,artifacts/melspecs/03/1325603.npy,128,1292
track_1325994,94/1325994.mp3,30.0,train,artifacts/melspecs/94/1325994.npy,128,1292
track_1325995,95/1325995.mp3,67.0,train,artifacts/melspecs/95/1325995.npy,128,1292
track_1326218,18/1326218.mp3,254.2,train,artifacts/melspecs/18/1326218.npy,128,1292
track_1326526,26/1326526.mp3,268.8,train,artifacts/melspecs/26/1326526.npy,128,1292
track_1327378,78/1327378.mp3,32.0,train,artifacts/melspecs/78/1327378.npy,128,1292
track_1327671,71/1327671.mp3,180.6,train,artifacts/melspecs/71/1327671.npy,128,1292
track_1327683,83/1327683.mp3,201.1,train,artifacts/melspecs/83/1327683.npy,128,1292
track_1327691,91/1327691.mp3,338.5,train,artifacts/melspecs/91/1327691.npy,128,1292
track_1327692,92/1327692.mp3,444.4,train,artifacts/melspecs/92/1327692.npy,128,1292
track_1327693,93/1327693.mp3,582.5,train,artifacts/melspecs/93/1327693.npy,128,1292
track_1327694,94/1327694.mp3,386.5,train,artifacts/melspecs/94/1327694.npy,128,1292
track_1327695,95/1327695.mp3,290.5,train,artifacts/melspecs/95/1327695.npy,128,1292
track_1327696,96/1327696.mp3,480.1,train,artifacts/melspecs/96/1327696.npy,128,1292
track_1327697,97/1327697.mp3,337.7,train,artifacts/melspecs/97/1327697.npy,128,1292
track_1327698,98/1327698.mp3,337.7,train,artifacts/melspecs/98/1327698.npy,128,1292
track_1327699,99/1327699.mp3,230.5,train,artifacts/melspecs/99/1327699.npy,128,1292
track_1327700,00/1327700.mp3,528.1,train,artifacts/melspecs/00/1327700.npy,128,1292
track_1327989,89/1327989.mp3,64.1,train,artifacts/melspecs/89/1327989.npy,128,1292
track_1328384,84/1328384.mp3,225.0,train,artifacts/melspecs/84/1328384.npy,128,1292
track_1328466,66/1328466.mp3,208.9,train,artifacts/melspecs/66/1328466.npy,128,1292
track_1328467,67/1328467.mp3,208.9,train,artifacts/melspecs/67/1328467.npy,128,1292
track_1328470,70/1328470.mp3,60.2,train,artifacts/melspecs/70/1328470.npy,128,1292
track_1329120,20/1329120.mp3,139.8,train,artifacts/melspecs/20/1329120.npy,128,1292
track_1329359,59/1329359.mp3,68.0,train,artifacts/melspecs/59/1329359.npy,128,1292
track_1329360,60/1329360.mp3,36.0,train,artifacts/melspecs/60/1329360.npy,128,1292
track_1329450,50/1329450.mp3,142.3,train,artifacts/melspecs/50/1329450.npy,128,1292
track_1329475,75/1329475.mp3,142.0,train,artifacts/melspecs/75/1329475.npy,128,1292
track_1329487,87/1329487.mp3,117.5,train,artifacts/melspecs/87/1329487.npy,128,1292
track_1329490,90/1329490.mp3,78.6,train,artifacts/melspecs/90/1329490.npy,128,1292
track_1329491,91/1329491.mp3,30.0,train,artifacts/melspecs/91/1329491.npy,128,1292
track_1329502,02/1329502.mp3,182.0,train,artifacts/melspecs/02/1329502.npy,128,1292
track_1329723,23/1329723.mp3,391.7,train,artifacts/melspecs/23/1329723.npy,128,1292
track_1329886,86/1329886.mp3,1189.5,train,artifacts/melspecs/86/1329886.npy,128,1292
track_1329913,13/1329913.mp3,250.0,train,artifacts/melspecs/13/1329913.npy,128,1292
track_1329929,29/1329929.mp3,118.5,train,artifacts/melspecs/29/1329929.npy,128,1292
track_1329930,30/1329930.mp3,203.5,train,artifacts/melspecs/30/1329930.npy,128,1292
track_1329931,31/1329931.mp3,141.3,train,artifacts/melspecs/31/1329931.npy,128,1292
track_1329932,32/1329932.mp3,205.0,train,artifacts/melspecs/32/1329932.npy,128,1292
track_1329933,33/1329933.mp3,52.1,train,artifacts/melspecs/33/1329933.npy,128,1292
track_1329934,34/1329934.mp3,123.5,train,artifacts/melspecs/34/1329934.npy,128,1292
track_1329935,35/1329935.mp3,122.5,train,artifacts/melspecs/35/1329935.npy,128,1292
track_1329938,38/1329938.mp3,229.5,train,artifacts/melspecs/38/1329938.npy,128,1292
track_1329941,41/1329941.mp3,190.5,train,artifacts/melspecs/41/1329941.npy,128,1292
track_1329943,43/1329943.mp3,142.7,train,artifacts/melspecs/43/1329943.npy,128,1292
track_1329944,44/1329944.mp3,151.6,train,artifacts/melspecs/44/1329944.npy,128,1292
track_1329945,45/1329945.mp3,67.0,train,artifacts/melspecs/45/1329945.npy,128,1292
track_1329947,47/1329947.mp3,170.8,train,artifacts/melspecs/47/1329947.npy,128,1292
track_1329948,48/1329948.mp3,149.6,train,artifacts/melspecs/48/1329948.npy,128,1292
track_1329970,70/1329970.mp3,338.4,train,artifacts/melspecs/70/1329970.npy,128,1292
track_1329971,71/1329971.mp3,288.0,train,artifacts/melspecs/71/1329971.npy,128,1292
track_1329972,72/1329972.mp3,245.5,train,artifacts/melspecs/72/1329972.npy,128,1292
track_1329973,73/1329973.mp3,353.5,train,artifacts/melspecs/73/1329973.npy,128,1292
track_1329974,74/1329974.mp3,355.0,train,artifacts/melspecs/74/1329974.npy,128,1292
track_1329976,76/1329976.mp3,345.1,train,artifacts/melspecs/76/1329976.npy,128,1292
track_1329980,80/1329980.mp3,285.9,train,artifacts/melspecs/80/1329980.npy,128,1292
track_1329981,81/1329981.mp3,252.6,train,artifacts/melspecs/81/1329981.npy,128,1292
track_1330157,57/1330157.mp3,114.1,train,artifacts/melspecs/57/1330157.npy,128,1292
track_1330232,32/1330232.mp3,122.1,train,artifacts/melspecs/32/1330232.npy,128,1292
track_1330233,33/1330233.mp3,46.8,train,artifacts/melspecs/33/1330233.npy,128,1292
track_1330384,84/1330384.mp3,200.0,train,artifacts/melspecs/84/1330384.npy,128,1292
track_1330499,99/1330499.mp3,298.5,train,artifacts/melspecs/99/1330499.npy,128,1292
track_1330501,01/1330501.mp3,260.9,train,artifacts/melspecs/01/1330501.npy,128,1292
track_1330503,03/1330503.mp3,306.0,train,artifacts/melspecs/03/1330503.npy,128,1292
track_1330504,04/1330504.mp3,34.1,train,artifacts/melspecs/04/1330504.npy,128,1292
track_1330506,06/1330506.mp3,47.3,train,artifacts/melspecs/06/1330506.npy,128,1292
track_1330509,09/1330509.mp3,362.6,train,artifacts/melspecs/09/1330509.npy,128,1292
track_1330560,60/1330560.mp3,239.2,train,artifacts/melspecs/60/1330560.npy,128,1292
track_1330651,51/1330651.mp3,305.2,train,artifacts/melspecs/51/1330651.npy,128,1292
track_1330888,88/1330888.mp3,230.0,train,artifacts/melspecs/88/1330888.npy,128,1292
track_1330889,89/1330889.mp3,402.8,train,artifacts/melspecs/89/1330889.npy,128,1292
track_1330893,93/1330893.mp3,198.3,train,artifacts/melspecs/93/1330893.npy,128,1292
track_1331235,35/1331235.mp3,165.2,train,artifacts/melspecs/35/1331235.npy,128,1292
track_1331835,35/1331835.mp3,340.0,train,artifacts/melspecs/35/1331835.npy,128,1292
track_1332945,45/1332945.mp3,372.0,train,artifacts/melspecs/45/1332945.npy,128,1292
track_1333038,38/1333038.mp3,303.0,train,artifacts/melspecs/38/1333038.npy,128,1292
track_1333563,63/1333563.mp3,246.3,train,artifacts/melspecs/63/1333563.npy,128,1292
track_1333638,38/1333638.mp3,68.0,train,artifacts/melspecs/38/1333638.npy,128,1292
track_1333726,26/1333726.mp3,300.0,train,artifacts/melspecs/26/1333726.npy,128,1292
track_1333727,27/1333727.mp3,234.9,train,artifacts/melspecs/27/1333727.npy,128,1292
track_1333728,28/1333728.mp3,310.3,train,artifacts/melspecs/28/1333728.npy,128,1292
track_1333729,29/1333729.mp3,276.0,train,artifacts/melspecs/29/1333729.npy,128,1292
track_1333730,30/1333730.mp3,248.6,train,artifacts/melspecs/30/1333730.npy,128,1292
track_1333731,31/1333731.mp3,353.2,train,artifacts/melspecs/31/1333731.npy,128,1292
track_1333732,32/1333732.mp3,248.6,train,artifacts/melspecs/32/1333732.npy,128,1292
track_1333733,33/1333733.mp3,269.2,train,artifacts/melspecs/33/1333733.npy,128,1292
track_1333734,34/1333734.mp3,193.8,train,artifacts/melspecs/34/1333734.npy,128,1292
track_1333735,35/1333735.mp3,344.6,train,artifacts/melspecs/35/1333735.npy,128,1292
track_1333736,36/1333736.mp3,214.3,train,artifacts/melspecs/36/1333736.npy,128,1292
track_1333737,37/1333737.mp3,255.5,train,artifacts/melspecs/37/1333737.npy,128,1292
track_1334096,96/1334096.mp3,393.5,train,artifacts/melspecs/96/1334096.npy,128,1292
track_1334564,64/1334564.mp3,238.1,train,artifacts/melspecs/64/1334564.npy,128,1292
track_1334734,34/1334734.mp3,128.8,train,artifacts/melspecs/34/1334734.npy,128,1292
track_1334778,78/1334778.mp3,32.0,train,artifacts/melspecs/78/1334778.npy,128,1292
track_1335359,59/1335359.mp3,67.0,train,artifacts/melspecs/59/1335359.npy,128,1292
track_1335360,60/1335360.mp3,35.0,train,artifacts/melspecs/60/1335360.npy,128,1292
track_1335976,76/1335976.mp3,343.8,train,artifacts/melspecs/76/1335976.npy,128,1292
track_1335977,77/1335977.mp3,152.0,train,artifacts/melspecs/77/1335977.npy,128,1292
track_1335979,79/1335979.mp3,66.8,train,artifacts/melspecs/79/1335979.npy,128,1292
track_1335982,82/1335982.mp3,160.0,train,artifacts/melspecs/82/1335982.npy,128,1292
track_1335993,93/1335993.mp3,276.2,train,artifacts/melspecs/93/1335993.npy,128,1292
track_1336126,26/1336126.mp3,30.9,train,artifacts/melspecs/26/1336126.npy,128,1292
track_1336127,27/1336127.mp3,120.1,train,artifacts/melspecs/27/1336127.npy,128,1292
track_1337210,10/1337210.mp3,35.1,train,artifacts/melspecs/10/1337210.npy,128,1292
track_1338009,09/1338009.mp3,296.9,train,artifacts/melspecs/09/1338009.npy,128,1292
track_1338010,10/1338010.mp3,361.5,train,artifacts/melspecs/10/1338010.npy,128,1292
track_1338011,11/1338011.mp3,258.2,train,artifacts/melspecs/11/1338011.npy,128,1292
track_1338012,12/1338012.mp3,319.5,train,artifacts/melspecs/12/1338012.npy,128,1292
track_1338302,02/1338302.mp3,62.2,train,artifacts/melspecs/02/1338302.npy,128,1292
track_1338303,03/1338303.mp3,76.0,train,artifacts/melspecs/03/1338303.npy,128,1292
track_1338304,04/1338304.mp3,159.6,train,artifacts/melspecs/04/1338304.npy,128,1292
track_1338305,05/1338305.mp3,104.0,train,artifacts/melspecs/05/1338305.npy,128,1292
track_1338306,06/1338306.mp3,103.6,train,artifacts/melspecs/06/1338306.npy,128,1292
track_1338307,07/1338307.mp3,155.3,train,artifacts/melspecs/07/1338307.npy,128,1292
track_1338308,08/1338308.mp3,337.1,train,artifacts/melspecs/08/1338308.npy,128,1292
track_1338309,09/1338309.mp3,163.1,train,artifacts/melspecs/09/1338309.npy,128,1292
track_1338310,10/1338310.mp3,105.1,train,artifacts/melspecs/10/1338310.npy,128,1292
track_1339326,26/1339326.mp3,40.0,train,artifacts/melspecs/26/1339326.npy,128,1292
track_1339327,27/1339327.mp3,70.1,train,artifacts/melspecs/27/1339327.npy,128,1292
track_1339471,71/1339471.mp3,111.4,train,artifacts/melspecs/71/1339471.npy,128,1292
track_1339481,81/1339481.mp3,208.4,train,artifacts/melspecs/81/1339481.npy,128,1292
track_1339596,96/1339596.mp3,153.3,train,artifacts/melspecs/96/1339596.npy,128,1292
track_1339598,98/1339598.mp3,184.5,train,artifacts/melspecs/98/1339598.npy,128,1292
track_1339875,75/1339875.mp3,233.8,train,artifacts/melspecs/75/1339875.npy,128,1292
track_1340334,34/1340334.mp3,177.8,train,artifacts/melspecs/34/1340334.npy,128,1292
track_1340337,37/1340337.mp3,183.2,train,artifacts/melspecs/37/1340337.npy,128,1292
track_1340338,38/1340338.mp3,240.0,train,artifacts/melspecs/38/1340338.npy,128,1292
track_1340782,82/1340782.mp3,35.0,train,artifacts/melspecs/82/1340782.npy,128,1292
track_1340783,83/1340783.mp3,67.0,train,artifacts/melspecs/83/1340783.npy,128,1292
track_1341469,69/1341469.mp3,242.1,train,artifacts/melspecs/69/1341469.npy,128,1292
track_1341573,73/1341573.mp3,60.2,train,artifacts/melspecs/73/1341573.npy,128,1292
track_1341601,01/1341601.mp3,60.9,train,artifacts/melspecs/01/1341601.npy,128,1292
track_1341607,07/1341607.mp3,168.0,train,artifacts/melspecs/07/1341607.npy,128,1292
track_1342005,05/1342005.mp3,286.0,train,artifacts/melspecs/05/1342005.npy,128,1292
track_1342007,07/1342007.mp3,192.1,train,artifacts/melspecs/07/1342007.npy,128,1292
track_1342133,33/1342133.mp3,127.1,train,artifacts/melspecs/33/1342133.npy,128,1292
track_1342134,34/1342134.mp3,127.3,train,artifacts/melspecs/34/1342134.npy,128,1292
track_1342135,35/1342135.mp3,107.8,train,artifacts/melspecs/35/1342135.npy,128,1292
track_1342137,37/1342137.mp3,61.1,train,artifacts/melspecs/37/1342137.npy,128,1292
track_1342572,72/1342572.mp3,265.9,train,artifacts/melspecs/72/1342572.npy,128,1292
track_1342999,99/1342999.mp3,355.2,train,artifacts/melspecs/99/1342999.npy,128,1292
track_1343296,96/1343296.mp3,31.7,train,artifacts/melspecs/96/1343296.npy,128,1292
track_1343297,97/1343297.mp3,130.3,train,artifacts/melspecs/97/1343297.npy,128,1292
track_1343298,98/1343298.mp3,59.7,train,artifacts/melspecs/98/1343298.npy,128,1292
track_1344094,94/1344094.mp3,61.1,train,artifacts/melspecs/94/1344094.npy,128,1292
track_1344095,95/1344095.mp3,113.5,train,artifacts/melspecs/95/1344095.npy,128,1292
track_1344339,39/1344339.mp3,34.0,train,artifacts/melspecs/39/1344339.npy,128,1292
track_1344340,40/1344340.mp3,71.1,train,artifacts/melspecs/40/1344340.npy,128,1292
track_1344957,57/1344957.mp3,68.0,train,artifacts/melspecs/57/1344957.npy,128,1292
track_1344958,58/1344958.mp3,35.1,train,artifacts/melspecs/58/1344958.npy,128,1292
track_1347721,21/1347721.mp3,273.4,train,artifacts/melspecs/21/1347721.npy,128,1292
track_1347863,63/1347863.mp3,118.0,train,artifacts/melspecs/63/1347863.npy,128,1292
track_1348635,35/1348635.mp3,141.3,train,artifacts/melspecs/35/1348635.npy,128,1292
track_1348732,32/1348732.mp3,141.1,train,artifacts/melspecs/32/1348732.npy,128,1292
track_1348736,36/1348736.mp3,129.0,train,artifacts/melspecs/36/1348736.npy,128,1292
track_1349062,62/1349062.mp3,46.0,train,artifacts/melspecs/62/1349062.npy,128,1292
track_1349103,03/1349103.mp3,58.9,train,artifacts/melspecs/03/1349103.npy,128,1292
track_1349109,09/1349109.mp3,59.1,train,artifacts/melspecs/09/1349109.npy,128,1292
track_1349112,12/1349112.mp3,40.6,train,artifacts/melspecs/12/1349112.npy,128,1292
track_1349121,21/1349121.mp3,37.1,train,artifacts/melspecs/21/1349121.npy,128,1292
track_1349135,35/1349135.mp3,89.7,train,artifacts/melspecs/35/1349135.npy,128,1292
track_1349158,58/1349158.mp3,73.0,train,artifacts/melspecs/58/1349158.npy,128,1292
track_1349187,87/1349187.mp3,240.6,train,artifacts/melspecs/87/1349187.npy,128,1292
track_1349874,74/1349874.mp3,173.0,train,artifacts/melspecs/74/1349874.npy,128,1292
track_1350048,48/1350048.mp3,178.4,train,artifacts/melspecs/48/1350048.npy,128,1292
track_1350132,32/1350132.mp3,61.0,train,artifacts/melspecs/32/1350132.npy,128,1292
track_1350170,70/1350170.mp3,281.7,train,artifacts/melspecs/70/1350170.npy,128,1292
track_1350171,71/1350171.mp3,310.3,train,artifacts/melspecs/71/1350171.npy,128,1292
track_1350362,62/1350362.mp3,324.0,train,artifacts/melspecs/62/1350362.npy,128,1292
track_1350371,71/1350371.mp3,35.7,train,artifacts/melspecs/71/1350371.npy,128,1292
track_1352243,43/1352243.mp3,228.0,train,artifacts/melspecs/43/1352243.npy,128,1292
track_1352244,44/1352244.mp3,289.8,train,artifacts/melspecs/44/1352244.npy,128,1292
track_1352245,45/1352245.mp3,320.6,train,artifacts/melspecs/45/1352245.npy,128,1292
track_1352246,46/1352246.mp3,310.3,train,artifacts/melspecs/46/1352246.npy,128,1292
track_1352247,47/1352247.mp3,250.3,train,artifacts/melspecs/47/1352247.npy,128,1292
track_1352248,48/1352248.mp3,365.2,train,artifacts/melspecs/48/1352248.npy,128,1292
track_1352249,49/1352249.mp3,282.9,train,artifacts/melspecs/49/1352249.npy,128,1292
track_1352250,50/1352250.mp3,197.2,train,artifacts/melspecs/50/1352250.npy,128,1292
track_1352251,51/1352251.mp3,243.5,train,artifacts/melspecs/51/1352251.npy,128,1292
track_1352252,52/1352252.mp3,269.2,train,artifacts/melspecs/52/1352252.npy,128,1292
track_1352253,53/1352253.mp3,303.5,train,artifacts/melspecs/53/1352253.npy,128,1292
track_1352254,54/1352254.mp3,281.2,train,artifacts/melspecs/54/1352254.npy,128,1292
track_1353357,57/1353357.mp3,176.6,train,artifacts/melspecs/57/1353357.npy,128,1292
track_1353358,58/1353358.mp3,202.4,train,artifacts/melspecs/58/1353358.npy,128,1292
track_1353359,59/1353359.mp3,224.5,train,artifacts/melspecs/59/1353359.npy,128,1292
track_1353360,60/1353360.mp3,320.0,train,artifacts/melspecs/60/1353360.npy,128,1292
track_1353361,61/1353361.mp3,274.1,train,artifacts/melspecs/61/1353361.npy,128,1292
track_1353362,62/1353362.mp3,185.4,train,artifacts/melspecs/62/1353362.npy,128,1292
track_1353363,63/1353363.mp3,322.7,train,artifacts/melspecs/63/1353363.npy,128,1292
track_1353364,64/1353364.mp3,218.8,train,artifacts/melspecs/64/1353364.npy,128,1292
track_1353365,65/1353365.mp3,212.0,train,artifacts/melspecs/65/1353365.npy,128,1292
track_1353366,66/1353366.mp3,217.0,train,artifacts/melspecs/66/1353366.npy,128,1292
track_1353367,67/1353367.mp3,161.0,train,artifacts/melspecs/67/1353367.npy,128,1292
track_1353368,68/1353368.mp3,172.9,train,artifacts/melspecs/68/1353368.npy,128,1292
track_1353369,69/1353369.mp3,184.7,train,artifacts/melspecs/69/1353369.npy,128,1292
track_1353370,70/1353370.mp3,310.0,train,artifacts/melspecs/70/1353370.npy,128,1292
track_1353371,71/1353371.mp3,234.4,train,artifacts/melspecs/71/1353371.npy,128,1292
track_1353372,72/1353372.mp3,160.8,train,artifacts/melspecs/72/1353372.npy,128,1292
track_1353373,73/1353373.mp3,152.0,train,artifacts/melspecs/73/1353373.npy,128,1292
track_1353374,74/1353374.mp3,223.4,train,artifacts/melspecs/74/1353374.npy,128,1292
track_1353375,75/1353375.mp3,214.7,train,artifacts/melspecs/75/1353375.npy,128,1292
track_1353376,76/1353376.mp3,231.8,train,artifacts/melspecs/76/1353376.npy,128,1292
track_1353819,19/1353819.mp3,126.9,train,artifacts/melspecs/19/1353819.npy,128,1292
track_1353820,20/1353820.mp3,187.5,train,artifacts/melspecs/20/1353820.npy,128,1292
track_1353822,22/1353822.mp3,255.2,train,artifacts/melspecs/22/1353822.npy,128,1292
track_1354124,24/1354124.mp3,186.0,train,artifacts/melspecs/24/1354124.npy,128,1292
track_1354273,73/1354273.mp3,76.2,train,artifacts/melspecs/73/1354273.npy,128,1292
track_1354274,74/1354274.mp3,144.8,train,artifacts/melspecs/74/1354274.npy,128,1292
track_1354275,75/1354275.mp3,45.7,train,artifacts/melspecs/75/1354275.npy,128,1292
track_1354699,99/1354699.mp3,131.8,train,artifacts/melspecs/99/1354699.npy,128,1292
track_1354846,46/1354846.mp3,76.1,train,artifacts/melspecs/46/1354846.npy,128,1292
track_1355015,15/1355015.mp3,97.0,train,artifacts/melspecs/15/1355015.npy,128,1292
track_1355017,17/1355017.mp3,70.8,train,artifacts/melspecs/17/1355017.npy,128,1292
track_1355019,19/1355019.mp3,102.6,train,artifacts/melspecs/19/1355019.npy,128,1292
track_1355020,20/1355020.mp3,93.6,train,artifacts/melspecs/20/1355020.npy,128,1292
track_1355022,22/1355022.mp3,136.8,train,artifacts/melspecs/22/1355022.npy,128,1292
track_1355243,43/1355243.mp3,65.0,train,artifacts/melspecs/43/1355243.npy,128,1292
track_1355557,57/1355557.mp3,54.9,train,artifacts/melspecs/57/1355557.npy,128,1292
track_1355558,58/1355558.mp3,83.2,train,artifacts/melspecs/58/1355558.npy,128,1292
track_1355559,59/1355559.mp3,111.5,train,artifacts/melspecs/59/1355559.npy,128,1292
track_1355560,60/1355560.mp3,123.5,train,artifacts/melspecs/60/1355560.npy,128,1292
track_1356770,70/1356770.mp3,208.8,train,artifacts/melspecs/70/1356770.npy,128,1292
track_1357455,55/1357455.mp3,307.6,train,artifacts/melspecs/55/1357455.npy,128,1292
track_1358391,91/1358391.mp3,149.4,train,artifacts/melspecs/91/1358391.npy,128,1292
track_1358393,93/1358393.mp3,61.4,train,artifacts/melspecs/93/1358393.npy,128,1292
track_1358395,95/1358395.mp3,89.4,train,artifacts/melspecs/95/1358395.npy,128,1292
track_1359325,25/1359325.mp3,40.8,train,artifacts/melspecs/25/1359325.npy,128,1292
track_1359327,27/1359327.mp3,111.5,train,artifacts/melspecs/27/1359327.npy,128,1292
track_1359328,28/1359328.mp3,86.2,train,artifacts/melspecs/28/1359328.npy,128,1292
track_1359331,31/1359331.mp3,251.1,train,artifacts/melspecs/31/1359331.npy,128,1292
track_1359332,32/1359332.mp3,432.1,train,artifacts/melspecs/32/1359332.npy,128,1292
track_1359338,38/1359338.mp3,450.1,train,artifacts/melspecs/38/1359338.npy,128,1292
track_1359959,59/1359959.mp3,201.7,train,artifacts/melspecs/59/1359959.npy,128,1292
track_1360553,53/1360553.mp3,97.0,train,artifacts/melspecs/53/1360553.npy,128,1292
track_1360554,54/1360554.mp3,84.7,train,artifacts/melspecs/54/1360554.npy,128,1292
track_1360557,57/1360557.mp3,62.4,train,artifacts/melspecs/57/1360557.npy,128,1292
track_1360558,58/1360558.mp3,69.9,train,artifacts/melspecs/58/1360558.npy,128,1292
track_1360559,59/1360559.mp3,81.3,train,artifacts/melspecs/59/1360559.npy,128,1292
track_1360560,60/1360560.mp3,57.6,train,artifacts/melspecs/60/1360560.npy,128,1292
track_1360561,61/1360561.mp3,69.0,train,artifacts/melspecs/61/1360561.npy,128,1292
track_1360562,62/1360562.mp3,76.8,train,artifacts/melspecs/62/1360562.npy,128,1292
track_1360563,63/1360563.mp3,86.6,train,artifacts/melspecs/63/1360563.npy,128,1292
track_1361472,72/1361472.mp3,191.7,train,artifacts/melspecs/72/1361472.npy,128,1292
track_1361477,77/1361477.mp3,170.3,train,artifacts/melspecs/77/1361477.npy,128,1292
track_1361522,22/1361522.mp3,334.7,train,artifacts/melspecs/22/1361522.npy,128,1292
track_1361532,32/1361532.mp3,240.1,train,artifacts/melspecs/32/1361532.npy,128,1292
track_1361537,37/1361537.mp3,376.4,train,artifacts/melspecs/37/1361537.npy,128,1292
track_1362214,14/1362214.mp3,151.9,train,artifacts/melspecs/14/1362214.npy,128,1292
track_1363739,39/1363739.mp3,252.7,train,artifacts/melspecs/39/1363739.npy,128,1292
track_1364762,62/1364762.mp3,91.2,train,artifacts/melspecs/62/1364762.npy,128,1292
track_1364764,64/1364764.mp3,52.8,train,artifacts/melspecs/64/1364764.npy,128,1292
track_1365049,49/1365049.mp3,307.5,train,artifacts/melspecs/49/1365049.npy,128,1292
track_1365050,50/1365050.mp3,152.6,train,artifacts/melspecs/50/1365050.npy,128,1292
track_1365052,52/1365052.mp3,169.0,train,artifacts/melspecs/52/1365052.npy,128,1292
track_1365053,53/1365053.mp3,193.0,train,artifacts/melspecs/53/1365053.npy,128,1292
track_1365054,54/1365054.mp3,187.6,train,artifacts/melspecs/54/1365054.npy,128,1292
track_1365055,55/1365055.mp3,182.2,train,artifacts/melspecs/55/1365055.npy,128,1292
track_1365067,67/1365067.mp3,196.8,train,artifacts/melspecs/67/1365067.npy,128,1292
track_1365115,15/1365115.mp3,301.5,train,artifacts/melspecs/15/1365115.npy,128,1292
track_1365119,19/1365119.mp3,406.9,train,artifacts/melspecs/19/1365119.npy,128,1292
track_1365120,20/1365120.mp3,311.7,train,artifacts/melspecs/20/1365120.npy,128,1292
track_1365121,21/1365121.mp3,274.1,train,artifacts/melspecs/21/1365121.npy,128,1292
track_1365123,23/1365123.mp3,305.7,train,artifacts/melspecs/23/1365123.npy,128,1292
track_1365124,24/1365124.mp3,348.0,train,artifacts/melspecs/24/1365124.npy,128,1292
track_1365125,25/1365125.mp3,342.3,train,artifacts/melspecs/25/1365125.npy,128,1292
track_1365126,26/1365126.mp3,278.8,train,artifacts/melspecs/26/1365126.npy,128,1292
track_1365127,27/1365127.mp3,455.3,train,artifacts/melspecs/27/1365127.npy,128,1292
track_1365992,92/1365992.mp3,63.5,train,artifacts/melspecs/92/1365992.npy,128,1292
track_1365994,94/1365994.mp3,87.9,train,artifacts/melspecs/94/1365994.npy,128,1292
track_1365996,96/1365996.mp3,78.8,train,artifacts/melspecs/96/1365996.npy,128,1292
track_1366001,01/1366001.mp3,143.2,train,artifacts/melspecs/01/1366001.npy,128,1292
track_1366003,03/1366003.mp3,42.6,train,artifacts/melspecs/03/1366003.npy,128,1292
track_1366702,02/1366702.mp3,258.9,train,artifacts/melspecs/02/1366702.npy,128,1292
track_1366703,03/1366703.mp3,368.6,train,artifacts/melspecs/03/1366703.npy,128,1292
track_1366704,04/1366704.mp3,289.8,train,artifacts/melspecs/04/1366704.npy,128,1292
track_1366705,05/1366705.mp3,240.0,train,artifacts/melspecs/05/1366705.npy,128,1292
track_1366706,06/1366706.mp3,353.2,train,artifacts/melspecs/06/1366706.npy,128,1292
track_1366707,07/1366707.mp3,248.6,train,artifacts/melspecs/07/1366707.npy,128,1292
track_1366708,08/1366708.mp3,305.2,train,artifacts/melspecs/08/1366708.npy,128,1292
track_1366709,09/1366709.mp3,310.3,train,artifacts/melspecs/09/1366709.npy,128,1292
track_1366710,10/1366710.mp3,204.0,train,artifacts/melspecs/10/1366710.npy,128,1292
track_1366711,11/1366711.mp3,370.3,train,artifacts/melspecs/11/1366711.npy,128,1292
track_1366712,12/1366712.mp3,282.9,train,artifacts/melspecs/12/1366712.npy,128,1292
track_1366861,61/1366861.mp3,50.4,train,artifacts/melspecs/61/1366861.npy,128,1292
track_1366862,62/1366862.mp3,80.6,train,artifacts/melspecs/62/1366862.npy,128,1292
track_1366863,63/1366863.mp3,110.8,train,artifacts/melspecs/63/1366863.npy,128,1292
track_1367372,72/1367372.mp3,334.3,train,artifacts/melspecs/72/1367372.npy,128,1292
track_1369351,51/1369351.mp3,199.1,train,artifacts/melspecs/51/1369351.npy,128,1292
track_1369352,52/1369352.mp3,170.3,train,artifacts/melspecs/52/1369352.npy,128,1292
track_1369353,53/1369353.mp3,169.5,train,artifacts/melspecs/53/1369353.npy,128,1292
track_1369907,07/1369907.mp3,113.8,train,artifacts/melspecs/07/1369907.npy,128,1292
track_1370135,35/1370135.mp3,134.2,train,artifacts/melspecs/35/1370135.npy,128,1292
track_1370142,42/1370142.mp3,111.0,train,artifacts/melspecs/42/1370142.npy,128,1292
track_1370143,43/1370143.mp3,139.0,train,artifacts/melspecs/43/1370143.npy,128,1292
track_1370158,58/1370158.mp3,175.8,train,artifacts/melspecs/58/1370158.npy,128,1292
track_1370357,57/1370357.mp3,113.3,train,artifacts/melspecs/57/1370357.npy,128,1292
track_1370361,61/1370361.mp3,116.3,train,artifacts/melspecs/61/1370361.npy,128,1292
track_1370374,74/1370374.mp3,69.4,train,artifacts/melspecs/74/1370374.npy,128,1292
track_1370378,78/1370378.mp3,69.1,train,artifacts/melspecs/78/1370378.npy,128,1292
track_1370384,84/1370384.mp3,105.6,train,artifacts/melspecs/84/1370384.npy,128,1292
track_1370390,90/1370390.mp3,106.2,train,artifacts/melspecs/90/1370390.npy,128,1292
track_1371330,30/1371330.mp3,274.1,train,artifacts/melspecs/30/1371330.npy,128,1292
track_1371378,78/1371378.mp3,296.0,train,artifacts/melspecs/78/1371378.npy,128,1292
track_1371518,18/1371518.mp3,307.1,train,artifacts/melspecs/18/1371518.npy,128,1292
track_1371535,35/1371535.mp3,125.0,train,artifacts/melspecs/35/1371535.npy,128,1292
track_1371566,66/1371566.mp3,448.2,train,artifacts/melspecs/66/1371566.npy,128,1292
track_1372063,63/1372063.mp3,123.2,train,artifacts/melspecs/63/1372063.npy,128,1292
track_1372066,66/1372066.mp3,147.5,train,artifacts/melspecs/66/1372066.npy,128,1292
track_1372067,67/1372067.mp3,147.5,train,artifacts/melspecs/67/1372067.npy,128,1292
track_1372069,69/1372069.mp3,147.5,train,artifacts/melspecs/69/1372069.npy,128,1292
track_1372070,70/1372070.mp3,147.5,train,artifacts/melspecs/70/1372070.npy,128,1292
track_1372074,74/1372074.mp3,227.6,train,artifacts/melspecs/74/1372074.npy,128,1292
track_1372076,76/1372076.mp3,153.0,train,artifacts/melspecs/76/1372076.npy,128,1292
track_1372078,78/1372078.mp3,153.0,train,artifacts/melspecs/78/1372078.npy,128,1292
track_1372197,97/1372197.mp3,186.7,train,artifacts/melspecs/97/1372197.npy,128,1292
track_1372208,08/1372208.mp3,420.0,train,artifacts/melspecs/08/1372208.npy,128,1292
track_1374308,08/1374308.mp3,144.9,train,artifacts/melspecs/08/1374308.npy,128,1292
track_1374717,17/1374717.mp3,244.5,train,artifacts/melspecs/17/1374717.npy,128,1292
track_1374718,18/1374718.mp3,244.5,train,artifacts/melspecs/18/1374718.npy,128,1292
track_1374720,20/1374720.mp3,244.2,train,artifacts/melspecs/20/1374720.npy,128,1292
track_1374721,21/1374721.mp3,244.9,train,artifacts/melspecs/21/1374721.npy,128,1292
track_1376550,50/1376550.mp3,252.9,train,artifacts/melspecs/50/1376550.npy,128,1292
track_1377217,17/1377217.mp3,296.9,train,artifacts/melspecs/17/1377217.npy,128,1292
track_1377314,14/1377314.mp3,244.2,train,artifacts/melspecs/14/1377314.npy,128,1292
track_1377315,15/1377315.mp3,244.1,train,artifacts/melspecs/15/1377315.npy,128,1292
track_1377316,16/1377316.mp3,244.1,train,artifacts/melspecs/16/1377316.npy,128,1292
track_1377317,17/1377317.mp3,244.1,train,artifacts/melspecs/17/1377317.npy,128,1292
track_1377415,15/1377415.mp3,276.9,train,artifacts/melspecs/15/1377415.npy,128,1292
track_1378008,08/1378008.mp3,262.0,train,artifacts/melspecs/08/1378008.npy,128,1292
track_1378036,36/1378036.mp3,64.7,train,artifacts/melspecs/36/1378036.npy,128,1292
track_1378037,37/1378037.mp3,35.1,train,artifacts/melspecs/37/1378037.npy,128,1292
track_1378101,01/1378101.mp3,240.8,train,artifacts/melspecs/01/1378101.npy,128,1292
track_1379176,76/1379176.mp3,303.5,train,artifacts/melspecs/76/1379176.npy,128,1292
track_1379177,77/1379177.mp3,276.0,train,artifacts/melspecs/77/1379177.npy,128,1292
track_1379178,78/1379178.mp3,337.8,train,artifacts/melspecs/78/1379178.npy,128,1292
track_1379179,79/1379179.mp3,231.5,train,artifacts/melspecs/79/1379179.npy,128,1292
track_1379180,80/1379180.mp3,293.2,train,artifacts/melspecs/80/1379180.npy,128,1292
track_1379181,81/1379181.mp3,268.4,train,artifacts/melspecs/81/1379181.npy,128,1292
track_1379182,82/1379182.mp3,306.9,train,artifacts/melspecs/82/1379182.npy,128,1292
track_1379183,83/1379183.mp3,228.0,train,artifacts/melspecs/83/1379183.npy,128,1292
track_1379184,84/1379184.mp3,313.8,train,artifacts/melspecs/84/1379184.npy,128,1292
track_1379185,85/1379185.mp3,262.3,train,artifacts/melspecs/85/1379185.npy,128,1292
track_1379186,86/1379186.mp3,221.2,train,artifacts/melspecs/86/1379186.npy,128,1292
track_1379187,87/1379187.mp3,303.5,train,artifacts/melspecs/87/1379187.npy,128,1292
track_1380002,02/1380002.mp3,383.8,train,artifacts/melspecs/02/1380002.npy,128,1292
track_1380127,27/1380127.mp3,65.9,train,artifacts/melspecs/27/1380127.npy,128,1292
track_1380128,28/1380128.mp3,113.1,train,artifacts/melspecs/28/1380128.npy,128,1292
track_1380589,89/1380589.mp3,113.8,train,artifacts/melspecs/89/1380589.npy,128,1292
track_1380592,92/1380592.mp3,80.0,train,artifacts/melspecs/92/1380592.npy,128,1292
track_1380595,95/1380595.mp3,118.9,train,artifacts/melspecs/95/1380595.npy,128,1292
track_1380708,08/1380708.mp3,242.4,train,artifacts/melspecs/08/1380708.npy,128,1292
track_1380709,09/1380709.mp3,231.3,train,artifacts/melspecs/09/1380709.npy,128,1292
track_1380710,10/1380710.mp3,351.6,train,artifacts/melspecs/10/1380710.npy,128,1292
track_1380711,11/1380711.mp3,95.9,train,artifacts/melspecs/11/1380711.npy,128,1292
track_1380712,12/1380712.mp3,320.0,train,artifacts/melspecs/12/1380712.npy,128,1292
track_1380732,32/1380732.mp3,178.7,train,artifacts/melspecs/32/1380732.npy,128,1292
track_1380733,33/1380733.mp3,472.7,train,artifacts/melspecs/33/1380733.npy,128,1292
track_1381254,54/1381254.mp3,53.0,train,artifacts/melspecs/54/1381254.npy,128,1292
track_1381258,58/1381258.mp3,126.0,train,artifacts/melspecs/58/1381258.npy,128,1292
track_1383310,10/1383310.mp3,381.8,train,artifacts/melspecs/10/1383310.npy,128,1292
track_1384263,63/1384263.mp3,141.5,train,artifacts/melspecs/63/1384263.npy,128,1292
track_1384548,48/1384548.mp3,89.3,train,artifacts/melspecs/48/1384548.npy,128,1292
track_1384753,53/1384753.mp3,394.0,train,artifacts/melspecs/53/1384753.npy,128,1292
track_1385222,22/1385222.mp3,265.0,train,artifacts/melspecs/22/1385222.npy,128,1292
track_1385230,30/1385230.mp3,330.0,train,artifacts/melspecs/30/1385230.npy,128,1292
track_1385234,34/1385234.mp3,236.4,train,artifacts/melspecs/34/1385234.npy,128,1292
track_1385425,25/1385425.mp3,152.5,train,artifacts/melspecs/25/1385425.npy,128,1292
track_1385579,79/1385579.mp3,275.6,train,artifacts/melspecs/79/1385579.npy,128,1292
track_1385748,48/1385748.mp3,260.1,train,artifacts/melspecs/48/1385748.npy,128,1292
track_1386702,02/1386702.mp3,31.5,train,artifacts/melspecs/02/1386702.npy,128,1292
track_1387049,49/1387049.mp3,276.0,train,artifacts/melspecs/49/1387049.npy,128,1292
track_1387059,59/1387059.mp3,225.0,train,artifacts/melspecs/59/1387059.npy,128,1292
track_1387061,61/1387061.mp3,410.7,train,artifacts/melspecs/61/1387061.npy,128,1292
track_1387067,67/1387067.mp3,418.7,train,artifacts/melspecs/67/1387067.npy,128,1292
track_1387068,68/1387068.mp3,458.7,train,artifacts/melspecs/68/1387068.npy,128,1292
track_1387458,58/1387458.mp3,231.2,train,artifacts/melspecs/58/1387458.npy,128,1292
track_1387549,49/1387549.mp3,36.0,train,artifacts/melspecs/49/1387549.npy,128,1292
track_1387550,50/1387550.mp3,68.0,train,artifacts/melspecs/50/1387550.npy,128,1292
track_1387904,04/1387904.mp3,230.7,train,artifacts/melspecs/04/1387904.npy,128,1292
track_1387966,66/1387966.mp3,70.1,train,artifacts/melspecs/66/1387966.npy,128,1292
track_1387967,67/1387967.mp3,37.0,train,artifacts/melspecs/67/1387967.npy,128,1292
track_1388303,03/1388303.mp3,198.9,train,artifacts/melspecs/03/1388303.npy,128,1292
track_1388591,91/1388591.mp3,378.5,train,artifacts/melspecs/91/1388591.npy,128,1292
track_1388592,92/1388592.mp3,306.9,train,artifacts/melspecs/92/1388592.npy,128,1292
track_1388593,93/1388593.mp3,188.1,train,artifacts/melspecs/93/1388593.npy,128,1292
track_1388594,94/1388594.mp3,310.3,train,artifacts/melspecs/94/1388594.npy,128,1292
track_1388595,95/1388595.mp3,303.6,train,artifacts/melspecs/95/1388595.npy,128,1292
track_1388596,96/1388596.mp3,321.4,train,artifacts/melspecs/96/1388596.npy,128,1292
track_1388597,97/1388597.mp3,449.6,train,artifacts/melspecs/97/1388597.npy,128,1292
track_1388598,98/1388598.mp3,323.4,train,artifacts/melspecs/98/1388598.npy,128,1292
track_1388599,99/1388599.mp3,293.8,train,artifacts/melspecs/99/1388599.npy,128,1292
track_1388600,00/1388600.mp3,405.7,train,artifacts/melspecs/00/1388600.npy,128,1292
track_1388601,01/1388601.mp3,297.0,train,artifacts/melspecs/01/1388601.npy,128,1292
track_1388603,03/1388603.mp3,248.6,train,artifacts/melspecs/03/1388603.npy,128,1292
track_1388767,67/1388767.mp3,250.1,train,artifacts/melspecs/67/1388767.npy,128,1292
track_1389190,90/1389190.mp3,73.0,train,artifacts/melspecs/90/1389190.npy,128,1292
track_1389198,98/1389198.mp3,179.0,train,artifacts/melspecs/98/1389198.npy,128,1292
track_1389364,64/1389364.mp3,217.1,train,artifacts/melspecs/64/1389364.npy,128,1292
track_1389376,76/1389376.mp3,173.0,train,artifacts/melspecs/76/1389376.npy,128,1292
track_1389413,13/1389413.mp3,302.2,train,artifacts/melspecs/13/1389413.npy,128,1292
track_1390447,47/1390447.mp3,111.0,train,artifacts/melspecs/47/1390447.npy,128,1292
track_1390451,51/1390451.mp3,113.2,train,artifacts/melspecs/51/1390451.npy,128,1292
track_1390453,53/1390453.mp3,31.6,train,artifacts/melspecs/53/1390453.npy,128,1292
track_1390648,48/1390648.mp3,226.0,train,artifacts/melspecs/48/1390648.npy,128,1292
track_1391224,24/1391224.mp3,114.4,train,artifacts/melspecs/24/1391224.npy,128,1292
track_1391226,26/1391226.mp3,91.9,train,artifacts/melspecs/26/1391226.npy,128,1292
track_1391227,27/1391227.mp3,64.7,train,artifacts/melspecs/27/1391227.npy,128,1292
track_1391228,28/1391228.mp3,65.7,train,artifacts/melspecs/28/1391228.npy,128,1292
track_1391229,29/1391229.mp3,192.0,train,artifacts/melspecs/29/1391229.npy,128,1292
track_1391230,30/1391230.mp3,144.0,train,artifacts/melspecs/30/1391230.npy,128,1292
track_1391231,31/1391231.mp3,122.1,train,artifacts/melspecs/31/1391231.npy,128,1292
track_1391232,32/1391232.mp3,57.8,train,artifacts/melspecs/32/1391232.npy,128,1292
track_1391233,33/1391233.mp3,84.0,train,artifacts/melspecs/33/1391233.npy,128,1292
track_1391238,38/1391238.mp3,84.0,train,artifacts/melspecs/38/1391238.npy,128,1292
track_1392190,90/1392190.mp3,108.0,train,artifacts/melspecs/90/1392190.npy,128,1292
track_1392192,92/1392192.mp3,144.0,train,artifacts/melspecs/92/1392192.npy,128,1292
track_1392193,93/1392193.mp3,128.0,train,artifacts/melspecs/93/1392193.npy,128,1292
track_1392672,72/1392672.mp3,210.1,train,artifacts/melspecs/72/1392672.npy,128,1292
track_1392685,85/1392685.mp3,210.1,train,artifacts/melspecs/85/1392685.npy,128,1292
track_1392690,90/1392690.mp3,300.1,train,artifacts/melspecs/90/1392690.npy,128,1292
track_1392695,95/1392695.mp3,210.1,train,artifacts/melspecs/95/1392695.npy,128,1292
track_1392696,96/1392696.mp3,210.1,train,artifacts/melspecs/96/1392696.npy,128,1292
track_1392703,03/1392703.mp3,210.1,train,artifacts/melspecs/03/1392703.npy,128,1292
track_1392760,60/1392760.mp3,240.1,train,artifacts/melspecs/60/1392760.npy,128,1292
track_1392761,61/1392761.mp3,300.1,train,artifacts/melspecs/61/1392761.npy,128,1292
track_1392789,89/1392789.mp3,210.1,train,artifacts/melspecs/89/1392789.npy,128,1292
track_1392831,31/1392831.mp3,240.1,train,artifacts/melspecs/31/1392831.npy,128,1292
track_1392836,36/1392836.mp3,270.1,train,artifacts/melspecs/36/1392836.npy,128,1292
track_1392837,37/1392837.mp3,240.1,train,artifacts/melspecs/37/1392837.npy,128,1292
track_1392839,39/1392839.mp3,210.1,train,artifacts/melspecs/39/1392839.npy,128,1292
track_1392840,40/1392840.mp3,240.1,train,artifacts/melspecs/40/1392840.npy,128,1292
track_1392847,47/1392847.mp3,270.1,train,artifacts/melspecs/47/1392847.npy,128,1292
track_1392850,50/1392850.mp3,240.1,train,artifacts/melspecs/50/1392850.npy,128,1292
track_1392853,53/1392853.mp3,300.1,train,artifacts/melspecs/53/1392853.npy,128,1292
track_1392854,54/1392854.mp3,300.1,train,artifacts/melspecs/54/1392854.npy,128,1292
track_1392855,55/1392855.mp3,270.1,train,artifacts/melspecs/55/1392855.npy,128,1292
track_1392972,72/1392972.mp3,135.4,train,artifacts/melspecs/72/1392972.npy,128,1292
track_1392974,74/1392974.mp3,300.1,train,artifacts/melspecs/74/1392974.npy,128,1292
track_1392982,82/1392982.mp3,240.1,train,artifacts/melspecs/82/1392982.npy,128,1292
track_1392984,84/1392984.mp3,240.1,train,artifacts/melspecs/84/1392984.npy,128,1292
track_1393000,00/1393000.mp3,300.1,train,artifacts/melspecs/00/1393000.npy,128,1292
track_1393011,11/1393011.mp3,113.2,train,artifacts/melspecs/11/1393011.npy,128,1292
track_1393015,15/1393015.mp3,240.1,train,artifacts/melspecs/15/1393015.npy,128,1292
track_1393031,31/1393031.mp3,210.1,train,artifacts/melspecs/31/1393031.npy,128,1292
track_1393048,48/1393048.mp3,240.1,train,artifacts/melspecs/48/1393048.npy,128,1292
track_1393049,49/1393049.mp3,240.1,train,artifacts/melspecs/49/1393049.npy,128,1292
track_1393052,52/1393052.mp3,240.1,train,artifacts/melspecs/52/1393052.npy,128,1292
track_1393056,56/1393056.mp3,300.1,train,artifacts/melspecs/56/1393056.npy,128,1292
track_1393076,76/1393076.mp3,270.1,train,artifacts/melspecs/76/1393076.npy,128,1292
track_1393084,84/1393084.mp3,300.1,train,artifacts/melspecs/84/1393084.npy,128,1292
track_1393096,96/1393096.mp3,270.1,train,artifacts/melspecs/96/1393096.npy,128,1292
track_1393098,98/1393098.mp3,210.1,train,artifacts/melspecs/98/1393098.npy,128,1292
track_1393100,00/1393100.mp3,240.1,train,artifacts/melspecs/00/1393100.npy,128,1292
track_1393104,04/1393104.mp3,270.1,train,artifacts/melspecs/04/1393104.npy,128,1292
track_1393108,08/1393108.mp3,270.1,train,artifacts/melspecs/08/1393108.npy,128,1292
track_1393109,09/1393109.mp3,270.1,train,artifacts/melspecs/09/1393109.npy,128,1292
track_1393318,18/1393318.mp3,210.1,train,artifacts/melspecs/18/1393318.npy,128,1292
track_1393319,19/1393319.mp3,210.1,train,artifacts/melspecs/19/1393319.npy,128,1292
track_1393321,21/1393321.mp3,300.1,train,artifacts/melspecs/21/1393321.npy,128,1292
track_1393327,27/1393327.mp3,270.1,train,artifacts/melspecs/27/1393327.npy,128,1292
track_1393330,30/1393330.mp3,210.1,train,artifacts/melspecs/30/1393330.npy,128,1292
track_1393332,32/1393332.mp3,240.1,train,artifacts/melspecs/32/1393332.npy,128,1292
track_1393337,37/1393337.mp3,210.1,train,artifacts/melspecs/37/1393337.npy,128,1292
track_1393339,39/1393339.mp3,300.1,train,artifacts/melspecs/39/1393339.npy,128,1292
track_1393342,42/1393342.mp3,270.1,train,artifacts/melspecs/42/1393342.npy,128,1292
track_1393343,43/1393343.mp3,300.1,train,artifacts/melspecs/43/1393343.npy,128,1292
track_1393393,93/1393393.mp3,240.0,train,artifacts/melspecs/93/1393393.npy,128,1292
track_1393397,97/1393397.mp3,240.0,train,artifacts/melspecs/97/1393397.npy,128,1292
track_1393399,99/1393399.mp3,270.0,train,artifacts/melspecs/99/1393399.npy,128,1292
track_1393400,00/1393400.mp3,210.0,train,artifacts/melspecs/00/1393400.npy,128,1292
track_1393401,01/1393401.mp3,210.0,train,artifacts/melspecs/01/1393401.npy,128,1292
track_1393402,02/1393402.mp3,270.0,train,artifacts/melspecs/02/1393402.npy,128,1292
track_1393403,03/1393403.mp3,270.0,train,artifacts/melspecs/03/1393403.npy,128,1292
track_1393404,04/1393404.mp3,210.0,train,artifacts/melspecs/04/1393404.npy,128,1292
track_1393405,05/1393405.mp3,210.0,train,artifacts/melspecs/05/1393405.npy,128,1292
track_1393406,06/1393406.mp3,270.0,train,artifacts/melspecs/06/1393406.npy,128,1292
track_1393407,07/1393407.mp3,270.0,train,artifacts/melspecs/07/1393407.npy,128,1292
track_1393408,08/1393408.mp3,270.0,train,artifacts/melspecs/08/1393408.npy,128,1292
track_1393409,09/1393409.mp3,90.0,train,artifacts/melspecs/09/1393409.npy,128,1292
track_1393420,20/1393420.mp3,270.0,train,artifacts/melspecs/20/1393420.npy,128,1292
track_1393423,23/1393423.mp3,270.0,train,artifacts/melspecs/23/1393423.npy,128,1292
track_1393426,26/1393426.mp3,270.0,train,artifacts/melspecs/26/1393426.npy,128,1292
track_1393427,27/1393427.mp3,210.0,train,artifacts/melspecs/27/1393427.npy,128,1292
track_1393485,85/1393485.mp3,240.1,train,artifacts/melspecs/85/1393485.npy,128,1292
track_1393487,87/1393487.mp3,270.1,train,artifacts/melspecs/87/1393487.npy,128,1292
track_1393488,88/1393488.mp3,210.1,train,artifacts/melspecs/88/1393488.npy,128,1292
track_1393489,89/1393489.mp3,240.1,train,artifacts/melspecs/89/1393489.npy,128,1292
track_1393529,29/1393529.mp3,49.0,train,artifacts/melspecs/29/1393529.npy,128,1292
track_1393533,33/1393533.mp3,85.4,train,artifacts/melspecs/33/1393533.npy,128,1292
track_1393534,34/1393534.mp3,60.0,train,artifacts/melspecs/34/1393534.npy,128,1292
track_1393569,69/1393569.mp3,270.1,train,artifacts/melspecs/69/1393569.npy,128,1292
track_1393612,12/1393612.mp3,240.1,train,artifacts/melspecs/12/1393612.npy,128,1292
track_1393614,14/1393614.mp3,270.1,train,artifacts/melspecs/14/1393614.npy,128,1292
track_1393617,17/1393617.mp3,270.1,train,artifacts/melspecs/17/1393617.npy,128,1292
track_1393620,20/1393620.mp3,300.1,train,artifacts/melspecs/20/1393620.npy,128,1292
track_1393643,43/1393643.mp3,270.1,train,artifacts/melspecs/43/1393643.npy,128,1292
track_1393645,45/1393645.mp3,270.1,train,artifacts/melspecs/45/1393645.npy,128,1292
track_1393646,46/1393646.mp3,270.1,train,artifacts/melspecs/46/1393646.npy,128,1292
track_1393647,47/1393647.mp3,300.1,train,artifacts/melspecs/47/1393647.npy,128,1292
track_1393683,83/1393683.mp3,270.1,train,artifacts/melspecs/83/1393683.npy,128,1292
track_1394594,94/1394594.mp3,300.0,train,artifacts/melspecs/94/1394594.npy,128,1292
track_1394762,62/1394762.mp3,193.1,train,artifacts/melspecs/62/1394762.npy,128,1292
track_1394779,79/1394779.mp3,115.3,train,artifacts/melspecs/79/1394779.npy,128,1292
track_1394899,99/1394899.mp3,277.8,train,artifacts/melspecs/99/1394899.npy,128,1292
track_1395224,24/1395224.mp3,75.2,train,artifacts/melspecs/24/1395224.npy,128,1292
track_1395227,27/1395227.mp3,108.5,train,artifacts/melspecs/27/1395227.npy,128,1292
track_1395228,28/1395228.mp3,70.2,train,artifacts/melspecs/28/1395228.npy,128,1292
track_1396094,94/1396094.mp3,65.0,train,artifacts/melspecs/94/1396094.npy,128,1292
track_1396101,01/1396101.mp3,80.2,train,artifacts/melspecs/01/1396101.npy,128,1292
track_1396105,05/1396105.mp3,66.9,train,artifacts/melspecs/05/1396105.npy,128,1292
track_1396255,55/1396255.mp3,92.2,train,artifacts/melspecs/55/1396255.npy,128,1292
track_1396257,57/1396257.mp3,65.3,train,artifacts/melspecs/57/1396257.npy,128,1292
track_1396521,21/1396521.mp3,136.3,train,artifacts/melspecs/21/1396521.npy,128,1292
track_1396690,90/1396690.mp3,131.3,train,artifacts/melspecs/90/1396690.npy,128,1292
track_1397164,64/1397164.mp3,204.1,train,artifacts/melspecs/64/1397164.npy,128,1292
track_1397719,19/1397719.mp3,166.5,train,artifacts/melspecs/19/1397719.npy,128,1292
track_1397776,76/1397776.mp3,424.8,train,artifacts/melspecs/76/1397776.npy,128,1292
track_1397777,77/1397777.mp3,424.8,train,artifacts/melspecs/77/1397777.npy,128,1292
track_1399011,11/1399011.mp3,109.6,train,artifacts/melspecs/11/1399011.npy,128,1292
track_1399013,13/1399013.mp3,73.9,train,artifacts/melspecs/13/1399013.npy,128,1292
track_1399014,14/1399014.mp3,118.2,train,artifacts/melspecs/14/1399014.npy,128,1292
track_1399015,15/1399015.mp3,81.3,train,artifacts/melspecs/15/1399015.npy,128,1292
track_1399016,16/1399016.mp3,105.9,train,artifacts/melspecs/16/1399016.npy,128,1292
track_1399017,17/1399017.mp3,85.0,train,artifacts/melspecs/17/1399017.npy,128,1292
track_1399018,18/1399018.mp3,67.4,train,artifacts/melspecs/18/1399018.npy,128,1292
track_1399019,19/1399019.mp3,101.5,train,artifacts/melspecs/19/1399019.npy,128,1292
track_1399020,20/1399020.mp3,106.1,train,artifacts/melspecs/20/1399020.npy,128,1292
track_1399021,21/1399021.mp3,87.5,train,artifacts/melspecs/21/1399021.npy,128,1292
track_1399362,62/1399362.mp3,36.1,train,artifacts/melspecs/62/1399362.npy,128,1292
track_1399363,63/1399363.mp3,69.1,train,artifacts/melspecs/63/1399363.npy,128,1292
track_1399366,66/1399366.mp3,59.5,train,artifacts/melspecs/66/1399366.npy,128,1292
track_1399369,69/1399369.mp3,72.9,train,artifacts/melspecs/69/1399369.npy,128,1292
track_1399371,71/1399371.mp3,279.4,train,artifacts/melspecs/71/1399371.npy,128,1292
track_1399372,72/1399372.mp3,182.8,train,artifacts/melspecs/72/1399372.npy,128,1292
track_1399473,73/1399473.mp3,66.0,train,artifacts/melspecs/73/1399473.npy,128,1292
track_1399474,74/1399474.mp3,64.5,train,artifacts/melspecs/74/1399474.npy,128,1292
track_1399623,23/1399623.mp3,221.9,train,artifacts/melspecs/23/1399623.npy,128,1292
track_1399625,25/1399625.mp3,136.0,train,artifacts/melspecs/25/1399625.npy,128,1292
track_1399626,26/1399626.mp3,186.4,train,artifacts/melspecs/26/1399626.npy,128,1292
track_1399775,75/1399775.mp3,265.8,train,artifacts/melspecs/75/1399775.npy,128,1292
track_1399850,50/1399850.mp3,244.5,train,artifacts/melspecs/50/1399850.npy,128,1292
track_1400064,64/1400064.mp3,217.4,train,artifacts/melspecs/64/1400064.npy,128,1292
track_1400148,48/1400148.mp3,428.6,train,artifacts/melspecs/48/1400148.npy,128,1292
track_1400149,49/1400149.mp3,250.3,train,artifacts/melspecs/49/1400149.npy,128,1292
track_1400150,50/1400150.mp3,141.4,train,artifacts/melspecs/50/1400150.npy,128,1292
track_1400151,51/1400151.mp3,372.0,train,artifacts/melspecs/51/1400151.npy,128,1292
track_1400152,52/1400152.mp3,271.5,train,artifacts/melspecs/52/1400152.npy,128,1292
track_1400153,53/1400153.mp3,245.6,train,artifacts/melspecs/53/1400153.npy,128,1292
track_1400154,54/1400154.mp3,305.8,train,artifacts/melspecs/54/1400154.npy,128,1292
track_1400155,55/1400155.mp3,370.1,train,artifacts/melspecs/55/1400155.npy,128,1292
track_1400156,56/1400156.mp3,312.0,train,artifacts/melspecs/56/1400156.npy,128,1292
track_1400157,57/1400157.mp3,392.5,train,artifacts/melspecs/57/1400157.npy,128,1292
track_1400158,58/1400158.mp3,241.8,train,artifacts/melspecs/58/1400158.npy,128,1292
track_1400159,59/1400159.mp3,330.9,train,artifacts/melspecs/59/1400159.npy,128,1292
track_1400500,00/1400500.mp3,133.4,train,artifacts/melspecs/00/1400500.npy,128,1292
track_1400501,01/1400501.mp3,159.3,train,artifacts/melspecs/01/1400501.npy,128,1292
track_1400502,02/1400502.mp3,82.1,train,artifacts/melspecs/02/1400502.npy,128,1292
track_1400503,03/1400503.mp3,149.4,train,artifacts/melspecs/03/1400503.npy,128,1292
track_1400505,05/1400505.mp3,157.8,train,artifacts/melspecs/05/1400505.npy,128,1292
track_1400506,06/1400506.mp3,126.0,train,artifacts/melspecs/06/1400506.npy,128,1292
track_1400517,17/1400517.mp3,215.6,train,artifacts/melspecs/17/1400517.npy,128,1292
track_1400905,05/1400905.mp3,60.1,train,artifacts/melspecs/05/1400905.npy,128,1292
track_1400906,06/1400906.mp3,46.1,train,artifacts/melspecs/06/1400906.npy,128,1292
track_1400908,08/1400908.mp3,132.1,train,artifacts/melspecs/08/1400908.npy,128,1292
track_1400909,09/1400909.mp3,87.7,train,artifacts/melspecs/09/1400909.npy,128,1292
track_1400910,10/1400910.mp3,57.4,train,artifacts/melspecs/10/1400910.npy,128,1292
track_1400911,11/1400911.mp3,82.4,train,artifacts/melspecs/11/1400911.npy,128,1292
track_1400912,12/1400912.mp3,106.6,train,artifacts/melspecs/12/1400912.npy,128,1292
track_1400913,13/1400913.mp3,66.1,train,artifacts/melspecs/13/1400913.npy,128,1292
track_1401587,87/1401587.mp3,77.7,train,artifacts/melspecs/87/1401587.npy,128,1292
track_1401590,90/1401590.mp3,126.0,train,artifacts/melspecs/90/1401590.npy,128,1292
track_1401593,93/1401593.mp3,104.2,train,artifacts/melspecs/93/1401593.npy,128,1292
track_1401595,95/1401595.mp3,64.0,train,artifacts/melspecs/95/1401595.npy,128,1292
track_1402108,08/1402108.mp3,151.5,train,artifacts/melspecs/08/1402108.npy,128,1292
track_1402111,11/1402111.mp3,102.8,train,artifacts/melspecs/11/1402111.npy,128,1292
track_1402232,32/1402232.mp3,181.0,train,artifacts/melspecs/32/1402232.npy,128,1292
track_1402456,56/1402456.mp3,306.9,train,artifacts/melspecs/56/1402456.npy,128,1292
track_1402926,26/1402926.mp3,210.0,train,artifacts/melspecs/26/1402926.npy,128,1292
track_1402930,30/1402930.mp3,270.0,train,artifacts/melspecs/30/1402930.npy,128,1292
track_1402955,55/1402955.mp3,240.0,train,artifacts/melspecs/55/1402955.npy,128,1292
track_1402966,66/1402966.mp3,270.0,train,artifacts/melspecs/66/1402966.npy,128,1292
track_1402984,84/1402984.mp3,300.0,train,artifacts/melspecs/84/1402984.npy,128,1292
track_1403004,04/1403004.mp3,270.0,train,artifacts/melspecs/04/1403004.npy,128,1292
track_1403020,20/1403020.mp3,240.0,train,artifacts/melspecs/20/1403020.npy,128,1292
track_1403023,23/1403023.mp3,270.0,train,artifacts/melspecs/23/1403023.npy,128,1292
track_1403730,30/1403730.mp3,444.0,train,artifacts/melspecs/30/1403730.npy,128,1292
track_1403960,60/1403960.mp3,64.1,train,artifacts/melspecs/60/1403960.npy,128,1292
track_1403961,61/1403961.mp3,39.1,train,artifacts/melspecs/61/1403961.npy,128,1292
track_1403970,70/1403970.mp3,123.0,train,artifacts/melspecs/70/1403970.npy,128,1292
track_1403975,75/1403975.mp3,109.2,train,artifacts/melspecs/75/1403975.npy,128,1292
track_1404023,23/1404023.mp3,171.2,train,artifacts/melspecs/23/1404023.npy,128,1292
track_1404897,97/1404897.mp3,304.2,train,artifacts/melspecs/97/1404897.npy,128,1292
track_1405006,06/1405006.mp3,101.2,train,artifacts/melspecs/06/1405006.npy,128,1292
track_1405007,07/1405007.mp3,92.6,train,artifacts/melspecs/07/1405007.npy,128,1292
track_1405008,08/1405008.mp3,173.2,train,artifacts/melspecs/08/1405008.npy,128,1292
track_1405009,09/1405009.mp3,212.6,train,artifacts/melspecs/09/1405009.npy,128,1292
track_1405011,11/1405011.mp3,31.8,train,artifacts/melspecs/11/1405011.npy,128,1292
track_1405012,12/1405012.mp3,125.2,train,artifacts/melspecs/12/1405012.npy,128,1292
track_1405073,73/1405073.mp3,103.5,train,artifacts/melspecs/73/1405073.npy,128,1292
track_1405082,82/1405082.mp3,213.9,train,artifacts/melspecs/82/1405082.npy,128,1292
track_1405086,86/1405086.mp3,109.5,train,artifacts/melspecs/86/1405086.npy,128,1292
track_1405177,77/1405177.mp3,258.4,train,artifacts/melspecs/77/1405177.npy,128,1292
track_1405181,81/1405181.mp3,274.9,train,artifacts/melspecs/81/1405181.npy,128,1292
track_1405183,83/1405183.mp3,258.4,train,artifacts/melspecs/83/1405183.npy,128,1292
track_1405229,29/1405229.mp3,328.0,train,artifacts/melspecs/29/1405229.npy,128,1292
track_1405230,30/1405230.mp3,301.5,train,artifacts/melspecs/30/1405230.npy,128,1292
track_1405231,31/1405231.mp3,208.0,train,artifacts/melspecs/31/1405231.npy,128,1292
track_1405232,32/1405232.mp3,98.5,train,artifacts/melspecs/32/1405232.npy,128,1292
track_1405233,33/1405233.mp3,120.0,train,artifacts/melspecs/33/1405233.npy,128,1292
track_1405234,34/1405234.mp3,224.1,train,artifacts/melspecs/34/1405234.npy,128,1292
track_1405470,70/1405470.mp3,96.1,train,artifacts/melspecs/70/1405470.npy,128,1292
track_1405471,71/1405471.mp3,67.3,train,artifacts/melspecs/71/1405471.npy,128,1292
track_1405473,73/1405473.mp3,76.9,train,artifacts/melspecs/73/1405473.npy,128,1292
track_1405474,74/1405474.mp3,86.5,train,artifacts/melspecs/74/1405474.npy,128,1292
track_1405476,76/1405476.mp3,88.5,train,artifacts/melspecs/76/1405476.npy,128,1292
track_1406016,16/1406016.mp3,155.0,train,artifacts/melspecs/16/1406016.npy,128,1292
track_1406057,57/1406057.mp3,207.4,train,artifacts/melspecs/57/1406057.npy,128,1292
track_1406366,66/1406366.mp3,227.2,train,artifacts/melspecs/66/1406366.npy,128,1292
track_1406397,97/1406397.mp3,114.7,train,artifacts/melspecs/97/1406397.npy,128,1292
track_1406401,01/1406401.mp3,90.0,train,artifacts/melspecs/01/1406401.npy,128,1292
track_1407885,85/1407885.mp3,233.2,train,artifacts/melspecs/85/1407885.npy,128,1292
track_1409920,20/1409920.mp3,202.0,train,artifacts/melspecs/20/1409920.npy,128,1292
track_1411915,15/1411915.mp3,277.0,train,artifacts/melspecs/15/1411915.npy,128,1292
track_1412805,05/1412805.mp3,115.4,train,artifacts/melspecs/05/1412805.npy,128,1292
track_1412813,13/1412813.mp3,161.8,train,artifacts/melspecs/13/1412813.npy,128,1292
track_1412817,17/1412817.mp3,266.2,train,artifacts/melspecs/17/1412817.npy,128,1292
track_1412960,60/1412960.mp3,317.5,train,artifacts/melspecs/60/1412960.npy,128,1292
track_1412961,61/1412961.mp3,606.6,train,artifacts/melspecs/61/1412961.npy,128,1292
track_1412962,62/1412962.mp3,316.9,train,artifacts/melspecs/62/1412962.npy,128,1292
track_1412963,63/1412963.mp3,280.3,train,artifacts/melspecs/63/1412963.npy,128,1292
track_1412964,64/1412964.mp3,633.5,train,artifacts/melspecs/64/1412964.npy,128,1292
track_1413009,09/1413009.mp3,47.6,train,artifacts/melspecs/09/1413009.npy,128,1292
track_1413011,11/1413011.mp3,160.0,train,artifacts/melspecs/11/1413011.npy,128,1292
track_1413012,12/1413012.mp3,190.2,train,artifacts/melspecs/12/1413012.npy,128,1292
track_1413879,79/1413879.mp3,283.2,train,artifacts/melspecs/79/1413879.npy,128,1292
track_1413880,80/1413880.mp3,387.9,train,artifacts/melspecs/80/1413880.npy,128,1292
track_1413896,96/1413896.mp3,344.1,train,artifacts/melspecs/96/1413896.npy,128,1292
track_1414417,17/1414417.mp3,248.7,train,artifacts/melspecs/17/1414417.npy,128,1292
track_1414633,33/1414633.mp3,122.3,train,artifacts/melspecs/33/1414633.npy,128,1292
track_1414673,73/1414673.mp3,233.6,train,artifacts/melspecs/73/1414673.npy,128,1292
track_1414674,74/1414674.mp3,323.6,train,artifacts/melspecs/74/1414674.npy,128,1292
track_1414681,81/1414681.mp3,344.8,train,artifacts/melspecs/81/1414681.npy,128,1292
track_1414691,91/1414691.mp3,273.5,train,artifacts/melspecs/91/1414691.npy,128,1292
track_1414694,94/1414694.mp3,181.3,train,artifacts/melspecs/94/1414694.npy,128,1292
track_1414765,65/1414765.mp3,197.9,train,artifacts/melspecs/65/1414765.npy,128,1292
track_1415105,05/1415105.mp3,160.0,train,artifacts/melspecs/05/1415105.npy,128,1292
track_1415106,06/1415106.mp3,144.0,train,artifacts/melspecs/06/1415106.npy,128,1292
track_1415108,08/1415108.mp3,173.7,train,artifacts/melspecs/08/1415108.npy,128,1292
track_1415221,21/1415221.mp3,47.4,train,artifacts/melspecs/21/1415221.npy,128,1292
track_1415222,22/1415222.mp3,45.0,train,artifacts/melspecs/22/1415222.npy,128,1292
track_1415223,23/1415223.mp3,45.8,train,artifacts/melspecs/23/1415223.npy,128,1292
track_1415224,24/1415224.mp3,47.5,train,artifacts/melspecs/24/1415224.npy,128,1292
track_1415328,28/1415328.mp3,46.0,train,artifacts/melspecs/28/1415328.npy,128,1292
track_1415330,30/1415330.mp3,150.6,train,artifacts/melspecs/30/1415330.npy,128,1292
track_1415331,31/1415331.mp3,235.7,train,artifacts/melspecs/31/1415331.npy,128,1292
track_1415740,40/1415740.mp3,34.0,train,artifacts/melspecs/40/1415740.npy,128,1292
track_1415741,41/1415741.mp3,77.1,train,artifacts/melspecs/41/1415741.npy,128,1292
track_1415987,87/1415987.mp3,249.3,train,artifacts/melspecs/87/1415987.npy,128,1292
track_1415990,90/1415990.mp3,206.4,train,artifacts/melspecs/90/1415990.npy,128,1292
track_1415996,96/1415996.mp3,272.2,train,artifacts/melspecs/96/1415996.npy,128,1292
track_1416042,42/1416042.mp3,66.7,train,artifacts/melspecs/42/1416042.npy,128,1292
track_1416189,89/1416189.mp3,202.9,train,artifacts/melspecs/89/1416189.npy,128,1292
track_1416190,90/1416190.mp3,215.2,train,artifacts/melspecs/90/1416190.npy,128,1292
track_1416191,91/1416191.mp3,208.5,train,artifacts/melspecs/91/1416191.npy,128,1292
track_1416199,99/1416199.mp3,209.0,train,artifacts/melspecs/99/1416199.npy,128,1292
track_1416392,92/1416392.mp3,164.1,train,artifacts/melspecs/92/1416392.npy,128,1292
track_1417336,36/1417336.mp3,99.6,train,artifacts/melspecs/36/1417336.npy,128,1292
track_1417340,40/1417340.mp3,76.0,train,artifacts/melspecs/40/1417340.npy,128,1292
track_1417348,48/1417348.mp3,62.0,train,artifacts/melspecs/48/1417348.npy,128,1292
track_1417350,50/1417350.mp3,59.2,train,artifacts/melspecs/50/1417350.npy,128,1292
track_1417906,06/1417906.mp3,164.5,train,artifacts/melspecs/06/1417906.npy,128,1292
track_1418680,80/1418680.mp3,225.2,train,artifacts/melspecs/80/1418680.npy,128,1292
track_1419187,87/1419187.mp3,60.1,train,artifacts/melspecs/87/1419187.npy,128,1292
track_1419188,88/1419188.mp3,31.1,train,artifacts/melspecs/88/1419188.npy,128,1292
track_1419495,95/1419495.mp3,113.1,train,artifacts/melspecs/95/1419495.npy,128,1292
track_1419626,26/1419626.mp3,264.0,train,artifacts/melspecs/26/1419626.npy,128,1292
track_1419628,28/1419628.mp3,419.5,train,artifacts/melspecs/28/1419628.npy,128,1292
track_1419629,29/1419629.mp3,181.4,train,artifacts/melspecs/29/1419629.npy,128,1292
track_1419657,57/1419657.mp3,226.5,train,artifacts/melspecs/57/1419657.npy,128,1292
track_1419659,59/1419659.mp3,192.1,train,artifacts/melspecs/59/1419659.npy,128,1292
track_1419768,68/1419768.mp3,201.0,train,artifacts/melspecs/68/1419768.npy,128,1292
track_1419797,97/1419797.mp3,245.2,train,artifacts/melspecs/97/1419797.npy,128,1292
track_1420409,09/1420409.mp3,215.5,train,artifacts/melspecs/09/1420409.npy,128,1292
track_1420410,10/1420410.mp3,184.8,train,artifacts/melspecs/10/1420410.npy,128,1292
track_1420411,11/1420411.mp3,194.4,train,artifacts/melspecs/11/1420411.npy,128,1292
track_1420412,12/1420412.mp3,200.0,train,artifacts/melspecs/12/1420412.npy,128,1292
track_1420413,13/1420413.mp3,162.5,train,artifacts/melspecs/13/1420413.npy,128,1292
track_1420414,14/1420414.mp3,202.0,train,artifacts/melspecs/14/1420414.npy,128,1292
track_1420415,15/1420415.mp3,156.0,train,artifacts/melspecs/15/1420415.npy,128,1292
track_1420416,16/1420416.mp3,155.4,train,artifacts/melspecs/16/1420416.npy,128,1292
track_1420419,19/1420419.mp3,190.0,train,artifacts/melspecs/19/1420419.npy,128,1292
track_1420420,20/1420420.mp3,217.6,train,artifacts/melspecs/20/1420420.npy,128,1292
track_1420421,21/1420421.mp3,159.0,train,artifacts/melspecs/21/1420421.npy,128,1292
track_1420422,22/1420422.mp3,184.0,train,artifacts/melspecs/22/1420422.npy,128,1292
track_1420423,23/1420423.mp3,157.5,train,artifacts/melspecs/23/1420423.npy,128,1292
track_1420424,24/1420424.mp3,207.4,train,artifacts/melspecs/24/1420424.npy,128,1292
track_1420425,25/1420425.mp3,130.0,train,artifacts/melspecs/25/1420425.npy,128,1292
track_1420426,26/1420426.mp3,189.0,train,artifacts/melspecs/26/1420426.npy,128,1292
track_1420427,27/1420427.mp3,180.0,train,artifacts/melspecs/27/1420427.npy,128,1292
track_1420428,28/1420428.mp3,159.4,train,artifacts/melspecs/28/1420428.npy,128,1292
track_1420429,29/1420429.mp3,170.0,train,artifacts/melspecs/29/1420429.npy,128,1292
track_1420431,31/1420431.mp3,185.8,train,artifacts/melspecs/31/1420431.npy,128,1292
track_1420433,33/1420433.mp3,207.8,train,artifacts/melspecs/33/1420433.npy,128,1292
track_1420434,34/1420434.mp3,175.0,train,artifacts/melspecs/34/1420434.npy,128,1292
track_1420437,37/1420437.mp3,149.0,train,artifacts/melspecs/37/1420437.npy,128,1292
track_1420438,38/1420438.mp3,167.1,train,artifacts/melspecs/38/1420438.npy,128,1292
track_1420439,39/1420439.mp3,152.5,train,artifacts/melspecs/39/1420439.npy,128,1292
track_1420441,41/1420441.mp3,198.0,train,artifacts/melspecs/41/1420441.npy,128,1292
track_1420443,43/1420443.mp3,186.6,train,artifacts/melspecs/43/1420443.npy,128,1292
track_1420444,44/1420444.mp3,157.3,train,artifacts/melspecs/44/1420444.npy,128,1292
track_1420445,45/1420445.mp3,173.0,train,artifacts/melspecs/45/1420445.npy,128,1292
track_1420471,71/1420471.mp3,184.5,train,artifacts/melspecs/71/1420471.npy,128,1292
track_1420475,75/1420475.mp3,224.5,train,artifacts/melspecs/75/1420475.npy,128,1292
track_1420476,76/1420476.mp3,173.5,train,artifacts/melspecs/76/1420476.npy,128,1292
track_1420478,78/1420478.mp3,169.0,train,artifacts/melspecs/78/1420478.npy,128,1292
track_1420479,79/1420479.mp3,184.5,train,artifacts/melspecs/79/1420479.npy,128,1292
track_1420480,80/1420480.mp3,170.0,train,artifacts/melspecs/80/1420480.npy,128,1292
track_1420481,81/1420481.mp3,171.6,train,artifacts/melspecs/81/1420481.npy,128,1292
track_1420484,84/1420484.mp3,146.8,train,artifacts/melspecs/84/1420484.npy,128,1292
track_1420492,92/1420492.mp3,171.9,train,artifacts/melspecs/92/1420492.npy,128,1292
track_1420499,99/1420499.mp3,186.6,train,artifacts/melspecs/99/1420499.npy,128,1292
track_1420500,00/1420500.mp3,192.2,train,artifacts/melspecs/00/1420500.npy,128,1292
track_1420501,01/1420501.mp3,277.1,train,artifacts/melspecs/01/1420501.npy,128,1292
track_1420502,02/1420502.mp3,164.0,train,artifacts/melspecs/02/1420502.npy,128,1292
track_1420503,03/1420503.mp3,200.6,train,artifacts/melspecs/03/1420503.npy,128,1292
track_1420504,04/1420504.mp3,137.6,train,artifacts/melspecs/04/1420504.npy,128,1292
track_1420505,05/1420505.mp3,193.2,train,artifacts/melspecs/05/1420505.npy,128,1292
track_1420506,06/1420506.mp3,142.4,train,artifacts/melspecs/06/1420506.npy,128,1292
track_1420507,07/1420507.mp3,133.0,train,artifacts/melspecs/07/1420507.npy,128,1292
track_1420508,08/1420508.mp3,154.5,train,artifacts/melspecs/08/1420508.npy,128,1292
track_1420509,09/1420509.mp3,162.7,train,artifacts/melspecs/09/1420509.npy,128,1292
track_1420510,10/1420510.mp3,182.8,train,artifacts/melspecs/10/1420510.npy,128,1292
track_1420511,11/1420511.mp3,199.7,train,artifacts/melspecs/11/1420511.npy,128,1292
track_1420699,99/1420699.mp3,252.3,train,artifacts/melspecs/99/1420699.npy,128,1292
track_1420700,00/1420700.mp3,182.9,train,artifacts/melspecs/00/1420700.npy,128,1292
track_1420701,01/1420701.mp3,214.5,train,artifacts/melspecs/01/1420701.npy,128,1292
track_1420702,02/1420702.mp3,181.0,train,artifacts/melspecs/02/1420702.npy,128,1292
track_1420704,04/1420704.mp3,177.0,train,artifacts/melspecs/04/1420704.npy,128,1292
track_1420705,05/1420705.mp3,193.4,train,artifacts/melspecs/05/1420705.npy,128,1292
track_1420706,06/1420706.mp3,181.6,train,artifacts/melspecs/06/1420706.npy,128,1292
track_1420707,07/1420707.mp3,165.5,train,artifacts/melspecs/07/1420707.npy,128,1292
track_0011006,06/11006.mp3,361.7,validation,artifacts/melspecs/06/11006.npy,128,1292
track_0017490,90/17490.mp3,233.7,validation,artifacts/melspecs/90/17490.npy,128,1292
track_0017491,91/17491.mp3,178.7,validation,artifacts/melspecs/91/17491.npy,128,1292
track_0017492,92/17492.mp3,176.5,validation,artifacts/melspecs/92/17492.npy,128,1292
track_0017493,93/17493.mp3,140.1,validation,artifacts/melspecs/93/17493.npy,128,1292
track_0017494,94/17494.mp3,136.4,validation,artifacts/melspecs/94/17494.npy,128,1292
track_0021492,92/21492.mp3,80.0,validation,artifacts/melspecs/92/21492.npy,128,1292
track_0021494,94/21494.mp3,134.5,validation,artifacts/melspecs/94/21494.npy,128,1292
track_0021506,06/21506.mp3,210.1,validation,artifacts/melspecs/06/21506.npy,128,1292
track_0021509,09/21509.mp3,95.3,validation,artifacts/melspecs/09/21509.npy,128,1292
track_0034517,17/34517.mp3,213.3,validation,artifacts/melspecs/17/34517.npy,128,1292
track_0034518,18/34518.mp3,304.7,validation,artifacts/melspecs/18/34518.npy,128,1292
track_0034519,19/34519.mp3,276.1,validation,artifacts/melspecs/19/34519.npy,128,1292
track_0034520,20/34520.mp3,222.2,validation,artifacts/melspecs/20/34520.npy,128,1292
track_0038117,17/38117.mp3,204.7,validation,artifacts/melspecs/17/38117.npy,128,1292
track_0041974,74/41974.mp3,32.0,validation,artifacts/melspecs/74/41974.npy,128,1292
track_0046189,89/46189.mp3,240.8,validation,artifacts/melspecs/89/46189.npy,128,1292
track_0046190,90/46190.mp3,193.7,validation,artifacts/melspecs/90/46190.npy,128,1292
track_0046191,91/46191.mp3,213.7,validation,artifacts/melspecs/91/46191.npy,128,1292
track_0046192,92/46192.mp3,180.4,validation,artifacts/melspecs/92/46192.npy,128,1292
track_0046193,93/46193.mp3,213.6,validation,artifacts/melspecs/93/46193.npy,128,1292
track_0046194,94/46194.mp3,240.3,validation,artifacts/melspecs/94/46194.npy,128,1292
track_0046195,95/46195.mp3,404.7,validation,artifacts/melspecs/95/46195.npy,128,1292
track_0048044,44/48044.mp3,380.2,validation,artifacts/melspecs/44/48044.npy,128,1292
track_0048045,45/48045.mp3,247.2,validation,artifacts/melspecs/45/48045.npy,128,1292
track_0048046,46/48046.mp3,140.0,validation,artifacts/melspecs/46/48046.npy,128,1292
track_0048047,47/48047.mp3,156.2,validation,artifacts/melspecs/47/48047.npy,128,1292
track_0048048,48/48048.mp3,235.6,validation,artifacts/melspecs/48/48048.npy,128,1292
track_0048049,49/48049.mp3,264.8,validation,artifacts/melspecs/49/48049.npy,128,1292
track_0074654,54/74654.mp3,296.0,validation,artifacts/melspecs/54/74654.npy,128,1292
track_0090044,44/90044.mp3,102.2,validation,artifacts/melspecs/44/90044.npy,128,1292
track_0090072,72/90072.mp3,534.0,validation,artifacts/melspecs/72/90072.npy,128,1292
track_0120020,20/120020.mp3,722.0,validation,artifacts/melspecs/20/120020.npy,128,1292
track_0120021,21/120021.mp3,516.0,validation,artifacts/melspecs/21/120021.npy,128,1292
track_0120022,22/120022.mp3,371.5,validation,artifacts/melspecs/22/120022.npy,128,1292
track_0120023,23/120023.mp3,1765.3,validation,artifacts/melspecs/23/120023.npy,128,1292
track_0134414,14/134414.mp3,222.3,validation,artifacts/melspecs/14/134414.npy,128,1292
track_0154788,88/154788.mp3,207.0,validation,artifacts/melspecs/88/154788.npy,128,1292
track_0159781,81/159781.mp3,271.4,validation,artifacts/melspecs/81/159781.npy,128,1292
track_0200920,20/200920.mp3,213.6,validation,artifacts/melspecs/20/200920.npy,128,1292
track_0205734,34/205734.mp3,64.0,validation,artifacts/melspecs/34/205734.npy,128,1292
track_0206006,06/206006.mp3,182.0,validation,artifacts/melspecs/06/206006.npy,128,1292
track_0206011,11/206011.mp3,211.2,validation,artifacts/melspecs/11/206011.npy,128,1292
track_0206014,14/206014.mp3,108.0,validation,artifacts/melspecs/14/206014.npy,128,1292
track_0206073,73/206073.mp3,136.0,validation,artifacts/melspecs/73/206073.npy,128,1292
track_0207461,61/207461.mp3,194.4,validation,artifacts/melspecs/61/207461.npy,128,1292
track_0207464,64/207464.mp3,198.9,validation,artifacts/melspecs/64/207464.npy,128,1292
track_0207469,69/207469.mp3,205.3,validation,artifacts/melspecs/69/207469.npy,128,1292
track_0207471,71/207471.mp3,239.2,validation,artifacts/melspecs/71/207471.npy,128,1292
track_0207490,90/207490.mp3,235.7,validation,artifacts/melspecs/90/207490.npy,128,1292
track_0207501,01/207501.mp3,208.8,validation,artifacts/melspecs/01/207501.npy,128,1292
track_0207506,06/207506.mp3,223.6,validation,artifacts/melspecs/06/207506.npy,128,1292
track_0207517,17/207517.mp3,235.1,validation,artifacts/melspecs/17/207517.npy,128,1292
track_0207532,32/207532.mp3,220.3,validation,artifacts/melspecs/32/207532.npy,128,1292
track_0207545,45/207545.mp3,234.1,validation,artifacts/melspecs/45/207545.npy,128,1292
track_0207562,62/207562.mp3,179.1,validation,artifacts/melspecs/62/207562.npy,128,1292
track_0207564,64/207564.mp3,257.4,validation,artifacts/melspecs/64/207564.npy,128,1292
track_0211412,12/211412.mp3,245.4,validation,artifacts/melspecs/12/211412.npy,128,1292
track_0211415,15/211415.mp3,231.9,validation,artifacts/melspecs/15/211415.npy,128,1292
track_0211416,16/211416.mp3,245.1,validation,artifacts/melspecs/16/211416.npy,128,1292
track_0211417,17/211417.mp3,243.1,validation,artifacts/melspecs/17/211417.npy,128,1292
track_0211418,18/211418.mp3,210.6,validation,artifacts/melspecs/18/211418.npy,128,1292
track_0218559,59/218559.mp3,236.6,validation,artifacts/melspecs/59/218559.npy,128,1292
track_0248094,94/248094.mp3,250.1,validation,artifacts/melspecs/94/248094.npy,128,1292
track_0248109,09/248109.mp3,349.8,validation,artifacts/melspecs/09/248109.npy,128,1292
track_0248259,59/248259.mp3,370.1,validation,artifacts/melspecs/59/248259.npy,128,1292
track_0253542,42/253542.mp3,370.4,validation,artifacts/melspecs/42/253542.npy,128,1292
track_0253543,43/253543.mp3,336.0,validation,artifacts/melspecs/43/253543.npy,128,1292
track_0253672,72/253672.mp3,312.0,validation,artifacts/melspecs/72/253672.npy,128,1292
track_0253678,78/253678.mp3,445.8,validation,artifacts/melspecs/78/253678.npy,128,1292
track_0263535,35/263535.mp3,237.8,validation,artifacts/melspecs/35/263535.npy,128,1292
track_0267747,47/267747.mp3,174.2,validation,artifacts/melspecs/47/267747.npy,128,1292
track_0267762,62/267762.mp3,106.8,validation,artifacts/melspecs/62/267762.npy,128,1292
track_0283089,89/283089.mp3,197.1,validation,artifacts/melspecs/89/283089.npy,128,1292
track_0283090,90/283090.mp3,170.6,validation,artifacts/melspecs/90/283090.npy,128,1292
track_0283091,91/283091.mp3,115.0,validation,artifacts/melspecs/91/283091.npy,128,1292
track_0283092,92/283092.mp3,206.0,validation,artifacts/melspecs/92/283092.npy,128,1292
track_0283093,93/283093.mp3,205.2,validation,artifacts/melspecs/93/283093.npy,128,1292
track_0283094,94/283094.mp3,202.7,validation,artifacts/melspecs/94/283094.npy,128,1292
track_0283095,95/283095.mp3,249.8,validation,artifacts/melspecs/95/283095.npy,128,1292
track_0283097,97/283097.mp3,220.8,validation,artifacts/melspecs/97/283097.npy,128,1292
track_0284365,65/284365.mp3,132.1,validation,artifacts/melspecs/65/284365.npy,128,1292
track_0284520,20/284520.mp3,230.1,validation,artifacts/melspecs/20/284520.npy,128,1292
track_0320956,56/320956.mp3,77.6,validation,artifacts/melspecs/56/320956.npy,128,1292
track_0345767,67/345767.mp3,219.0,validation,artifacts/melspecs/67/345767.npy,128,1292
track_0345781,81/345781.mp3,511.3,validation,artifacts/melspecs/81/345781.npy,128,1292
track_0384141,41/384141.mp3,184.6,validation,artifacts/melspecs/41/384141.npy,128,1292
track_0387400,00/387400.mp3,168.2,validation,artifacts/melspecs/00/387400.npy,128,1292
track_0387420,20/387420.mp3,32.0,validation,artifacts/melspecs/20/387420.npy,128,1292
track_0387421,21/387421.mp3,32.0,validation,artifacts/melspecs/21/387421.npy,128,1292
track_0387422,22/387422.mp3,32.0,validation,artifacts/melspecs/22/387422.npy,128,1292
track_0387430,30/387430.mp3,32.0,validation,artifacts/melspecs/30/387430.npy,128,1292
track_0387432,32/387432.mp3,32.0,validation,artifacts/melspecs/32/387432.npy,128,1292
track_0387438,38/387438.mp3,32.0,validation,artifacts/melspecs/38/387438.npy,128,1292
track_0387439,39/387439.mp3,48.0,validation,artifacts/melspecs/39/387439.npy,128,1292
track_0387441,41/387441.mp3,32.0,validation,artifacts/melspecs/41/387441.npy,128,1292
track_0399196,96/399196.mp3,490.1,validation,artifacts/melspecs/96/399196.npy,128,1292
track_0399197,97/399197.mp3,315.8,validation,artifacts/melspecs/97/399197.npy,128,1292
track_0399200,00/399200.mp3,273.1,validation,artifacts/melspecs/00/399200.npy,128,1292
track_0399201,01/399201.mp3,206.5,validation,artifacts/melspecs/01/399201.npy,128,1292
track_0399204,04/399204.mp3,264.9,validation,artifacts/melspecs/04/399204.npy,128,1292
track_0417214,14/417214.mp3,120.0,validation,artifacts/melspecs/14/417214.npy,128,1292
track_0417217,17/417217.mp3,98.1,validation,artifacts/melspecs/17/417217.npy,128,1292
track_0454968,68/454968.mp3,176.0,validation,artifacts/melspecs/68/454968.npy,128,1292
track_0454971,71/454971.mp3,211.5,validation,artifacts/melspecs/71/454971.npy,128,1292
track_0454989,89/454989.mp3,177.5,validation,artifacts/melspecs/89/454989.npy,128,1292
track_0455025,25/455025.mp3,204.0,validation,artifacts/melspecs/25/455025.npy,128,1292
track_0459346,46/459346.mp3,357.7,validation,artifacts/melspecs/46/459346.npy,128,1292
track_0472082,82/472082.mp3,199.9,validation,artifacts/melspecs/82/472082.npy,128,1292
track_0560075,75/560075.mp3,504.0,validation,artifacts/melspecs/75/560075.npy,128,1292
track_0560076,76/560076.mp3,446.0,validation,artifacts/melspecs/76/560076.npy,128,1292
track_0590867,67/590867.mp3,220.9,validation,artifacts/melspecs/67/590867.npy,128,1292
track_0599963,63/599963.mp3,539.3,validation,artifacts/melspecs/63/599963.npy,128,1292
track_0600037,37/600037.mp3,181.9,validation,artifacts/melspecs/37/600037.npy,128,1292
track_0600059,59/600059.mp3,209.0,validation,artifacts/melspecs/59/600059.npy,128,1292
track_0600112,12/600112.mp3,128.3,validation,artifacts/melspecs/12/600112.npy,128,1292
track_0600140,40/600140.mp3,219.8,validation,artifacts/melspecs/40/600140.npy,128,1292
track_0647520,20/647520.mp3,183.5,validation,artifacts/melspecs/20/647520.npy,128,1292
track_0647521,21/647521.mp3,114.1,validation,artifacts/melspecs/21/647521.npy,128,1292
track_0647522,22/647522.mp3,128.0,validation,artifacts/melspecs/22/647522.npy,128,1292
track_0647524,24/647524.mp3,113.5,validation,artifacts/melspecs/24/647524.npy,128,1292
track_0647525,25/647525.mp3,243.5,validation,artifacts/melspecs/25/647525.npy,128,1292
track_0647527,27/647527.mp3,164.5,validation,artifacts/melspecs/27/647527.npy,128,1292
track_0647528,28/647528.mp3,152.5,validation,artifacts/melspecs/28/647528.npy,128,1292
track_0647529,29/647529.mp3,117.6,validation,artifacts/melspecs/29/647529.npy,128,1292
track_0647530,30/647530.mp3,147.0,validation,artifacts/melspecs/30/647530.npy,128,1292
track_0647531,31/647531.mp3,152.5,validation,artifacts/melspecs/31/647531.npy,128,1292
track_0647532,32/647532.mp3,146.5,validation,artifacts/melspecs/32/647532.npy,128,1292
track_0647533,33/647533.mp3,167.0,validation,artifacts/melspecs/33/647533.npy,128,1292
track_0647534,34/647534.mp3,170.5,validation,artifacts/melspecs/34/647534.npy,128,1292
track_0647535,35/647535.mp3,158.5,validation,artifacts/melspecs/35/647535.npy,128,1292
track_0647536,36/647536.mp3,147.5,validation,artifacts/melspecs/36/647536.npy,128,1292
track_0647537,37/647537.mp3,145.0,validation,artifacts/melspecs/37/647537.npy,128,1292
track_0647538,38/647538.mp3,170.5,validation,artifacts/melspecs/38/647538.npy,128,1292
track_0647539,39/647539.mp3,158.5,validation,artifacts/melspecs/39/647539.npy,128,1292
track_0647540,40/647540.mp3,158.0,validation,artifacts/melspecs/40/647540.npy,128,1292
track_0647541,41/647541.mp3,112.0,validation,artifacts/melspecs/41/647541.npy,128,1292
track_0647559,59/647559.mp3,78.0,validation,artifacts/melspecs/59/647559.npy,128,1292
track_0650174,74/650174.mp3,300.0,validation,artifacts/melspecs/74/650174.npy,128,1292
track_0659885,85/659885.mp3,188.6,validation,artifacts/melspecs/85/659885.npy,128,1292
track_0659886,86/659886.mp3,162.5,validation,artifacts/melspecs/86/659886.npy,128,1292
track_0659887,87/659887.mp3,60.6,validation,artifacts/melspecs/87/659887.npy,128,1292
track_0659888,88/659888.mp3,154.5,validation,artifacts/melspecs/88/659888.npy,128,1292
track_0659889,89/659889.mp3,164.0,validation,artifacts/melspecs/89/659889.npy,128,1292
track_0659890,90/659890.mp3,250.0,validation,artifacts/melspecs/90/659890.npy,128,1292
track_0659891,91/659891.mp3,111.5,validation,artifacts/melspecs/91/659891.npy,128,1292
track_0659892,92/659892.mp3,130.5,validation,artifacts/melspecs/92/659892.npy,128,1292
track_0659893,93/659893.mp3,144.5,validation,artifacts/melspecs/93/659893.npy,128,1292
track_0659894,94/659894.mp3,148.0,validation,artifacts/melspecs/94/659894.npy,128,1292
track_0659895,95/659895.mp3,97.5,validation,artifacts/melspecs/95/659895.npy,128,1292
track_0659896,96/659896.mp3,189.5,validation,artifacts/melspecs/96/659896.npy,128,1292
track_0659897,97/659897.mp3,166.0,validation,artifacts/melspecs/97/659897.npy,128,1292
track_0659898,98/659898.mp3,169.0,validation,artifacts/melspecs/98/659898.npy,128,1292
track_0659899,99/659899.mp3,150.0,validation,artifacts/melspecs/99/659899.npy,128,1292
track_0659900,00/659900.mp3,147.5,validation,artifacts/melspecs/00/659900.npy,128,1292
track_0659901,01/659901.mp3,183.5,validation,artifacts/melspecs/01/659901.npy,128,1292
track_0659902,02/659902.mp3,215.5,validation,artifacts/melspecs/02/659902.npy,128,1292
track_0659903,03/659903.mp3,179.5,validation,artifacts/melspecs/03/659903.npy,128,1292
track_0659904,04/659904.mp3,172.0,validation,artifacts/melspecs/04/659904.npy,128,1292
track_0661609,09/661609.mp3,104.8,validation,artifacts/melspecs/09/661609.npy,128,1292
track_0661754,54/661754.mp3,244.2,validation,artifacts/melspecs/54/661754.npy,128,1292
track_0662051,51/662051.mp3,193.0,validation,artifacts/melspecs/51/662051.npy,128,1292
track_0662085,85/662085.mp3,383.2,validation,artifacts/melspecs/85/662085.npy,128,1292
track_0662087,87/662087.mp3,209.9,validation,artifacts/melspecs/87/662087.npy,128,1292
track_0664811,11/664811.mp3,347.5,validation,artifacts/melspecs/11/664811.npy,128,1292
track_0664812,12/664812.mp3,384.1,validation,artifacts/melspecs/12/664812.npy,128,1292
track_0664823,23/664823.mp3,300.1,validation,artifacts/melspecs/23/664823.npy,128,1292
track_0665086,86/665086.mp3,323.7,validation,artifacts/melspecs/86/665086.npy,128,1292
track_0665776,76/665776.mp3,346.2,validation,artifacts/melspecs/76/665776.npy,128,1292
track_0665777,77/665777.mp3,313.6,validation,artifacts/melspecs/77/665777.npy,128,1292
track_0665789,89/665789.mp3,349.6,validation,artifacts/melspecs/89/665789.npy,128,1292
track_0665790,90/665790.mp3,276.3,validation,artifacts/melspecs/90/665790.npy,128,1292
track_0665836,36/665836.mp3,253.4,validation,artifacts/melspecs/36/665836.npy,128,1292
track_0666115,15/666115.mp3,261.2,validation,artifacts/melspecs/15/666115.npy,128,1292
track_0671173,73/671173.mp3,523.1,validation,artifacts/melspecs/73/671173.npy,128,1292
track_0671174,74/671174.mp3,191.3,validation,artifacts/melspecs/74/671174.npy,128,1292
track_0671175,75/671175.mp3,128.2,validation,artifacts/melspecs/75/671175.npy,128,1292
track_0671176,76/671176.mp3,210.0,validation,artifacts/melspecs/76/671176.npy,128,1292
track_0671177,77/671177.mp3,440.9,validation,artifacts/melspecs/77/671177.npy,128,1292
track_0671179,79/671179.mp3,305.2,validation,artifacts/melspecs/79/671179.npy,128,1292
track_0671180,80/671180.mp3,262.9,validation,artifacts/melspecs/80/671180.npy,128,1292
track_0682358,58/682358.mp3,194.7,validation,artifacts/melspecs/58/682358.npy,128,1292
track_0682365,65/682365.mp3,232.7,validation,artifacts/melspecs/65/682365.npy,128,1292
track_0682398,98/682398.mp3,187.2,validation,artifacts/melspecs/98/682398.npy,128,1292
track_0682474,74/682474.mp3,409.6,validation,artifacts/melspecs/74/682474.npy,128,1292
track_0682504,04/682504.mp3,446.0,validation,artifacts/melspecs/04/682504.npy,128,1292
track_0686356,56/686356.mp3,220.0,validation,artifacts/melspecs/56/686356.npy,128,1292
track_0686357,57/686357.mp3,242.1,validation,artifacts/melspecs/57/686357.npy,128,1292
track_0686358,58/686358.mp3,199.1,validation,artifacts/melspecs/58/686358.npy,128,1292
track_0686359,59/686359.mp3,260.0,validation,artifacts/melspecs/59/686359.npy,128,1292
track_0686360,60/686360.mp3,260.0,validation,artifacts/melspecs/60/686360.npy,128,1292
track_0686361,61/686361.mp3,200.0,validation,artifacts/melspecs/61/686361.npy,128,1292
track_0693668,68/693668.mp3,176.2,validation,artifacts/melspecs/68/693668.npy,128,1292
track_0694167,67/694167.mp3,221.8,validation,artifacts/melspecs/67/694167.npy,128,1292
track_0694449,49/694449.mp3,294.2,validation,artifacts/melspecs/49/694449.npy,128,1292
track_0694450,50/694450.mp3,243.8,validation,artifacts/melspecs/50/694450.npy,128,1292
track_0700735,35/700735.mp3,519.3,validation,artifacts/melspecs/35/700735.npy,128,1292
track_0703933,33/703933.mp3,231.8,validation,artifacts/melspecs/33/703933.npy,128,1292
track_0703954,54/703954.mp3,370.0,validation,artifacts/melspecs/54/703954.npy,128,1292
track_0708401,01/708401.mp3,181.9,validation,artifacts/melspecs/01/708401.npy,128,1292
track_0708459,59/708459.mp3,176.0,validation,artifacts/melspecs/59/708459.npy,128,1292
track_0708461,61/708461.mp3,136.0,validation,artifacts/melspecs/61/708461.npy,128,1292
track_0708462,62/708462.mp3,204.0,validation,artifacts/melspecs/62/708462.npy,128,1292
track_0708466,66/708466.mp3,106.8,validation,artifacts/melspecs/66/708466.npy,128,1292
track_0708467,67/708467.mp3,174.2,validation,artifacts/melspecs/67/708467.npy,128,1292
track_0708468,68/708468.mp3,211.5,validation,artifacts/melspecs/68/708468.npy,128,1292
track_0708472,72/708472.mp3,209.0,validation,artifacts/melspecs/72/708472.npy,128,1292
track_0725212,12/725212.mp3,246.1,validation,artifacts/melspecs/12/725212.npy,128,1292
track_0725225,25/725225.mp3,256.1,validation,artifacts/melspecs/25/725225.npy,128,1292
track_0725228,28/725228.mp3,230.3,validation,artifacts/melspecs/28/725228.npy,128,1292
track_0740958,58/740958.mp3,146.2,validation,artifacts/melspecs/58/740958.npy,128,1292
track_0745584,84/745584.mp3,604.8,validation,artifacts/melspecs/84/745584.npy,128,1292
track_0770168,68/770168.mp3,258.8,validation,artifacts/melspecs/68/770168.npy,128,1292
track_0770973,73/770973.mp3,180.1,validation,artifacts/melspecs/73/770973.npy,128,1292
track_0774286,86/774286.mp3,153.0,validation,artifacts/melspecs/86/774286.npy,128,1292
track_0779309,09/779309.mp3,264.0,validation,artifacts/melspecs/09/779309.npy,128,1292
track_0783626,26/783626.mp3,104.8,validation,artifacts/melspecs/26/783626.npy,128,1292
track_0783627,27/783627.mp3,124.5,validation,artifacts/melspecs/27/783627.npy,128,1292
track_0783661,61/783661.mp3,105.6,validation,artifacts/melspecs/61/783661.npy,128,1292
track_0783926,26/783926.mp3,415.5,validation,artifacts/melspecs/26/783926.npy,128,1292
track_0791687,87/791687.mp3,123.8,validation,artifacts/melspecs/87/791687.npy,128,1292
track_0795410,10/795410.mp3,240.0,validation,artifacts/melspecs/10/795410.npy,128,1292
track_0797380,80/797380.mp3,388.5,validation,artifacts/melspecs/80/797380.npy,128,1292
track_0802317,17/802317.mp3,237.4,validation,artifacts/melspecs/17/802317.npy,128,1292
track_0802318,18/802318.mp3,198.9,validation,artifacts/melspecs/18/802318.npy,128,1292
track_0802319,19/802319.mp3,189.0,validation,artifacts/melspecs/19/802319.npy,128,1292
track_0802320,20/802320.mp3,207.0,validation,artifacts/melspecs/20/802320.npy,128,1292
track_0802321,21/802321.mp3,253.0,validation,artifacts/melspecs/21/802321.npy,128,1292
track_0802322,22/802322.mp3,189.8,validation,artifacts/melspecs/22/802322.npy,128,1292
track_0802323,23/802323.mp3,193.3,validation,artifacts/melspecs/23/802323.npy,128,1292
track_0802324,24/802324.mp3,151.3,validation,artifacts/melspecs/24/802324.npy,128,1292
track_0802325,25/802325.mp3,249.4,validation,artifacts/melspecs/25/802325.npy,128,1292
track_0802326,26/802326.mp3,240.2,validation,artifacts/melspecs/26/802326.npy,128,1292
track_0802327,27/802327.mp3,175.1,validation,artifacts/melspecs/27/802327.npy,128,1292
track_0809473,73/809473.mp3,367.9,validation,artifacts/melspecs/73/809473.npy,128,1292
track_0811117,17/811117.mp3,75.6,validation,artifacts/melspecs/17/811117.npy,128,1292
track_0811118,18/811118.mp3,210.3,validation,artifacts/melspecs/18/811118.npy,128,1292
track_0811119,19/811119.mp3,128.0,validation,artifacts/melspecs/19/811119.npy,128,1292
track_0811120,20/811120.mp3,168.2,validation,artifacts/melspecs/20/811120.npy,128,1292
track_0811121,21/811121.mp3,212.7,validation,artifacts/melspecs/21/811121.npy,128,1292
track_0811122,22/811122.mp3,168.5,validation,artifacts/melspecs/22/811122.npy,128,1292
track_0811124,24/811124.mp3,138.4,validation,artifacts/melspecs/24/811124.npy,128,1292
track_0811125,25/811125.mp3,550.8,validation,artifacts/melspecs/25/811125.npy,128,1292
track_0811126,26/811126.mp3,309.4,validation,artifacts/melspecs/26/811126.npy,128,1292
track_0811127,27/811127.mp3,236.3,validation,artifacts/melspecs/27/811127.npy,128,1292
track_0812226,26/812226.mp3,246.9,validation,artifacts/melspecs/26/812226.npy,128,1292
track_0812276,76/812276.mp3,199.0,validation,artifacts/melspecs/76/812276.npy,128,1292
track_0812277,77/812277.mp3,369.8,validation,artifacts/melspecs/77/812277.npy,128,1292
track_0812278,78/812278.mp3,276.6,validation,artifacts/melspecs/78/812278.npy,128,1292
track_0812324,24/812324.mp3,348.0,validation,artifacts/melspecs/24/812324.npy,128,1292
track_0812325,25/812325.mp3,271.2,validation,artifacts/melspecs/25/812325.npy,128,1292
track_0812326,26/812326.mp3,435.5,validation,artifacts/melspecs/26/812326.npy,128,1292
track_0812327,27/812327.mp3,284.6,validation,artifacts/melspecs/27/812327.npy,128,1292
track_0817677,77/817677.mp3,641.9,validation,artifacts/melspecs/77/817677.npy,128,1292
track_0824298,98/824298.mp3,274.3,validation,artifacts/melspecs/98/824298.npy,128,1292
track_0824300,00/824300.mp3,162.3,validation,artifacts/melspecs/00/824300.npy,128,1292
track_0824305,05/824305.mp3,115.9,validation,artifacts/melspecs/05/824305.npy,128,1292
track_0858779,79/858779.mp3,181.7,validation,artifacts/melspecs/79/858779.npy,128,1292
track_0868184,84/868184.mp3,332.0,validation,artifacts/melspecs/84/868184.npy,128,1292
track_0890454,54/890454.mp3,288.0,validation,artifacts/melspecs/54/890454.npy,128,1292
track_0890456,56/890456.mp3,234.8,validation,artifacts/melspecs/56/890456.npy,128,1292
track_0890465,65/890465.mp3,287.1,validation,artifacts/melspecs/65/890465.npy,128,1292
track_0893398,98/893398.mp3,102.0,validation,artifacts/melspecs/98/893398.npy,128,1292
track_0893400,00/893400.mp3,54.0,validation,artifacts/melspecs/00/893400.npy,128,1292
track_0893401,01/893401.mp3,42.0,validation,artifacts/melspecs/01/893401.npy,128,1292
track_0893402,02/893402.mp3,70.0,validation,artifacts/melspecs/02/893402.npy,128,1292
track_0893403,03/893403.mp3,40.0,validation,artifacts/melspecs/03/893403.npy,128,1292
track_0895956,56/895956.mp3,280.0,validation,artifacts/melspecs/56/895956.npy,128,1292
track_0897135,35/897135.mp3,425.0,validation,artifacts/melspecs/35/897135.npy,128,1292
track_0900713,13/900713.mp3,272.0,validation,artifacts/melspecs/13/900713.npy,128,1292
track_0902758,58/902758.mp3,350.7,validation,artifacts/melspecs/58/902758.npy,128,1292
track_0908094,94/908094.mp3,255.6,validation,artifacts/melspecs/94/908094.npy,128,1292
track_0911666,66/911666.mp3,138.9,validation,artifacts/melspecs/66/911666.npy,128,1292
track_0911674,74/911674.mp3,226.4,validation,artifacts/melspecs/74/911674.npy,128,1292
track_0911675,75/911675.mp3,218.0,validation,artifacts/melspecs/75/911675.npy,128,1292
track_0911677,77/911677.mp3,168.3,validation,artifacts/melspecs/77/911677.npy,128,1292
track_0911679,79/911679.mp3,313.2,validation,artifacts/melspecs/79/911679.npy,128,1292
track_0911680,80/911680.mp3,311.7,validation,artifacts/melspecs/80/911680.npy,128,1292
track_0911682,82/911682.mp3,252.0,validation,artifacts/melspecs/82/911682.npy,128,1292
track_0915494,94/915494.mp3,321.4,validation,artifacts/melspecs/94/915494.npy,128,1292
track_0915495,95/915495.mp3,624.1,validation,artifacts/melspecs/95/915495.npy,128,1292
track_0917542,42/917542.mp3,184.8,validation,artifacts/melspecs/42/917542.npy,128,1292
track_0917543,43/917543.mp3,221.2,validation,artifacts/melspecs/43/917543.npy,128,1292
track_0917546,46/917546.mp3,167.6,validation,artifacts/melspecs/46/917546.npy,128,1292
track_0919995,95/919995.mp3,124.0,validation,artifacts/melspecs/95/919995.npy,128,1292
track_0920193,93/920193.mp3,234.1,validation,artifacts/melspecs/93/920193.npy,128,1292
track_0920194,94/920194.mp3,239.0,validation,artifacts/melspecs/94/920194.npy,128,1292
track_0920195,95/920195.mp3,233.4,validation,artifacts/melspecs/95/920195.npy,128,1292
track_0920196,96/920196.mp3,218.7,validation,artifacts/melspecs/96/920196.npy,128,1292
track_0920197,97/920197.mp3,124.2,validation,artifacts/melspecs/97/920197.npy,128,1292
track_0920434,34/920434.mp3,227.3,validation,artifacts/melspecs/34/920434.npy,128,1292
track_0920435,35/920435.mp3,302.8,validation,artifacts/melspecs/35/920435.npy,128,1292
track_0920436,36/920436.mp3,105.5,validation,artifacts/melspecs/36/920436.npy,128,1292
track_0920437,37/920437.mp3,232.3,validation,artifacts/melspecs/37/920437.npy,128,1292
track_0920440,40/920440.mp3,302.4,validation,artifacts/melspecs/40/920440.npy,128,1292
track_0920480,80/920480.mp3,208.0,validation,artifacts/melspecs/80/920480.npy,128,1292
track_0920493,93/920493.mp3,207.9,validation,artifacts/melspecs/93/920493.npy,128,1292
track_0923463,63/923463.mp3,72.0,validation,artifacts/melspecs/63/923463.npy,128,1292
track_0923464,64/923464.mp3,71.0,validation,artifacts/melspecs/64/923464.npy,128,1292
track_0935785,85/935785.mp3,248.0,validation,artifacts/melspecs/85/935785.npy,128,1292
track_0935787,87/935787.mp3,203.0,validation,artifacts/melspecs/87/935787.npy,128,1292
track_0937093,93/937093.mp3,226.0,validation,artifacts/melspecs/93/937093.npy,128,1292
track_0937624,24/937624.mp3,456.0,validation,artifacts/melspecs/24/937624.npy,128,1292
track_0947016,16/947016.mp3,122.9,validation,artifacts/melspecs/16/947016.npy,128,1292
track_0947017,17/947017.mp3,68.1,validation,artifacts/melspecs/17/947017.npy,128,1292
track_0947018,18/947018.mp3,144.0,validation,artifacts/melspecs/18/947018.npy,128,1292
track_0947019,19/947019.mp3,116.0,validation,artifacts/melspecs/19/947019.npy,128,1292
track_0947021,21/947021.mp3,123.9,validation,artifacts/melspecs/21/947021.npy,128,1292
track_0947022,22/947022.mp3,100.1,validation,artifacts/melspecs/22/947022.npy,128,1292
track_0947780,80/947780.mp3,220.0,validation,artifacts/melspecs/80/947780.npy,128,1292
track_0947781,81/947781.mp3,250.0,validation,artifacts/melspecs/81/947781.npy,128,1292
track_0947782,82/947782.mp3,220.0,validation,artifacts/melspecs/82/947782.npy,128,1292
track_0947783,83/947783.mp3,204.0,validation,artifacts/melspecs/83/947783.npy,128,1292
track_0947784,84/947784.mp3,250.0,validation,artifacts/melspecs/84/947784.npy,128,1292
track_0947785,85/947785.mp3,216.0,validation,artifacts/melspecs/85/947785.npy,128,1292
track_0947786,86/947786.mp3,216.0,validation,artifacts/melspecs/86/947786.npy,128,1292
track_0947787,87/947787.mp3,214.0,validation,artifacts/melspecs/87/947787.npy,128,1292
track_0947788,88/947788.mp3,220.0,validation,artifacts/melspecs/88/947788.npy,128,1292
track_0947789,89/947789.mp3,204.0,validation,artifacts/melspecs/89/947789.npy,128,1292
track_0952214,14/952214.mp3,315.5,validation,artifacts/melspecs/14/952214.npy,128,1292
track_0955880,80/955880.mp3,355.5,validation,artifacts/melspecs/80/955880.npy,128,1292
track_0959961,61/959961.mp3,157.5,validation,artifacts/melspecs/61/959961.npy,128,1292
track_0959966,66/959966.mp3,235.9,validation,artifacts/melspecs/66/959966.npy,128,1292
track_0959967,67/959967.mp3,298.0,validation,artifacts/melspecs/67/959967.npy,128,1292
track_0959969,69/959969.mp3,212.6,validation,artifacts/melspecs/69/959969.npy,128,1292
track_0959970,70/959970.mp3,216.6,validation,artifacts/melspecs/70/959970.npy,128,1292
track_0961258,58/961258.mp3,64.1,validation,artifacts/melspecs/58/961258.npy,128,1292
track_0961259,59/961259.mp3,86.0,validation,artifacts/melspecs/59/961259.npy,128,1292
track_0961260,60/961260.mp3,92.1,validation,artifacts/melspecs/60/961260.npy,128,1292
track_0961261,61/961261.mp3,138.1,validation,artifacts/melspecs/61/961261.npy,128,1292
track_0961262,62/961262.mp3,94.2,validation,artifacts/melspecs/62/961262.npy,128,1292
track_0961263,63/961263.mp3,49.7,validation,artifacts/melspecs/63/961263.npy,128,1292
track_0961264,64/961264.mp3,142.2,validation,artifacts/melspecs/64/961264.npy,128,1292
track_0962582,82/962582.mp3,186.7,validation,artifacts/melspecs/82/962582.npy,128,1292
track_0962583,83/962583.mp3,179.2,validation,artifacts/melspecs/83/962583.npy,128,1292
track_0962584,84/962584.mp3,151.2,validation,artifacts/melspecs/84/962584.npy,128,1292
track_0962585,85/962585.mp3,216.0,validation,artifacts/melspecs/85/962585.npy,128,1292
track_0962586,86/962586.mp3,187.8,validation,artifacts/melspecs/86/962586.npy,128,1292
track_0962587,87/962587.mp3,147.0,validation,artifacts/melspecs/87/962587.npy,128,1292
track_0962588,88/962588.mp3,195.1,validation,artifacts/melspecs/88/962588.npy,128,1292
track_0962591,91/962591.mp3,135.4,validation,artifacts/melspecs/91/962591.npy,128,1292
track_0963304,04/963304.mp3,61.0,validation,artifacts/melspecs/04/963304.npy,128,1292
track_0963305,05/963305.mp3,150.0,validation,artifacts/melspecs/05/963305.npy,128,1292
track_0965541,41/965541.mp3,279.4,validation,artifacts/melspecs/41/965541.npy,128,1292
track_0966294,94/966294.mp3,53.2,validation,artifacts/melspecs/94/966294.npy,128,1292
track_0969333,33/969333.mp3,270.0,validation,artifacts/melspecs/33/969333.npy,128,1292
track_0970482,82/970482.mp3,175.0,validation,artifacts/melspecs/82/970482.npy,128,1292
track_0971581,81/971581.mp3,227.0,validation,artifacts/melspecs/81/971581.npy,128,1292
track_0972343,43/972343.mp3,291.3,validation,artifacts/melspecs/43/972343.npy,128,1292
track_0974948,48/974948.mp3,244.7,validation,artifacts/melspecs/48/974948.npy,128,1292
track_0974965,65/974965.mp3,279.2,validation,artifacts/melspecs/65/974965.npy,128,1292
track_0979833,33/979833.mp3,310.5,validation,artifacts/melspecs/33/979833.npy,128,1292
track_0979834,34/979834.mp3,332.0,validation,artifacts/melspecs/34/979834.npy,128,1292
track_0979835,35/979835.mp3,302.8,validation,artifacts/melspecs/35/979835.npy,128,1292
track_0979836,36/979836.mp3,299.0,validation,artifacts/melspecs/36/979836.npy,128,1292
track_0979837,37/979837.mp3,307.5,validation,artifacts/melspecs/37/979837.npy,128,1292
track_0979838,38/979838.mp3,283.5,validation,artifacts/melspecs/38/979838.npy,128,1292
track_0979839,39/979839.mp3,331.0,validation,artifacts/melspecs/39/979839.npy,128,1292
track_0979840,40/979840.mp3,300.5,validation,artifacts/melspecs/40/979840.npy,128,1292
track_0979841,41/979841.mp3,311.0,validation,artifacts/melspecs/41/979841.npy,128,1292
track_0979842,42/979842.mp3,299.8,validation,artifacts/melspecs/42/979842.npy,128,1292
track_0979843,43/979843.mp3,329.0,validation,artifacts/melspecs/43/979843.npy,128,1292
track_0979844,44/979844.mp3,307.5,validation,artifacts/melspecs/44/979844.npy,128,1292
track_0979845,45/979845.mp3,327.0,validation,artifacts/melspecs/45/979845.npy,128,1292
track_0979846,46/979846.mp3,315.5,validation,artifacts/melspecs/46/979846.npy,128,1292
track_0979847,47/979847.mp3,302.0,validation,artifacts/melspecs/47/979847.npy,128,1292
track_0979848,48/979848.mp3,304.5,validation,artifacts/melspecs/48/979848.npy,128,1292
track_0979849,49/979849.mp3,320.0,validation,artifacts/melspecs/49/979849.npy,128,1292
track_0979850,50/979850.mp3,325.0,validation,artifacts/melspecs/50/979850.npy,128,1292
track_0979851,51/979851.mp3,314.0,validation,artifacts/melspecs/51/979851.npy,128,1292
track_0979852,52/979852.mp3,319.5,validation,artifacts/melspecs/52/979852.npy,128,1292
track_0979853,53/979853.mp3,310.5,validation,artifacts/melspecs/53/979853.npy,128,1292
track_0979854,54/979854.mp3,311.0,validation,artifacts/melspecs/54/979854.npy,128,1292
track_0979855,55/979855.mp3,290.0,validation,artifacts/melspecs/55/979855.npy,128,1292
track_0979856,56/979856.mp3,343.3,validation,artifacts/melspecs/56/979856.npy,128,1292
track_0979857,57/979857.mp3,305.5,validation,artifacts/melspecs/57/979857.npy,128,1292
track_0979858,58/979858.mp3,312.5,validation,artifacts/melspecs/58/979858.npy,128,1292
track_0979859,59/979859.mp3,319.5,validation,artifacts/melspecs/59/979859.npy,128,1292
track_0979860,60/979860.mp3,315.5,validation,artifacts/melspecs/60/979860.npy,128,1292
track_0979861,61/979861.mp3,294.5,validation,artifacts/melspecs/61/979861.npy,128,1292
track_0979862,62/979862.mp3,316.0,validation,artifacts/melspecs/62/979862.npy,128,1292
track_0979863,63/979863.mp3,299.3,validation,artifacts/melspecs/63/979863.npy,128,1292
track_0979864,64/979864.mp3,318.0,validation,artifacts/melspecs/64/979864.npy,128,1292
track_0979865,65/979865.mp3,317.0,validation,artifacts/melspecs/65/979865.npy,128,1292
track_0979866,66/979866.mp3,310.5,validation,artifacts/melspecs/66/979866.npy,128,1292
track_0979867,67/979867.mp3,320.5,validation,artifacts/melspecs/67/979867.npy,128,1292
track_0979868,68/979868.mp3,315.3,validation,artifacts/melspecs/68/979868.npy,128,1292
track_0979869,69/979869.mp3,307.0,validation,artifacts/melspecs/69/979869.npy,128,1292
track_0979870,70/979870.mp3,340.5,validation,artifacts/melspecs/70/979870.npy,128,1292
track_0979871,71/979871.mp3,328.0,validation,artifacts/melspecs/71/979871.npy,128,1292
track_0979872,72/979872.mp3,302.6,validation,artifacts/melspecs/72/979872.npy,128,1292
track_0982407,07/982407.mp3,165.0,validation,artifacts/melspecs/07/982407.npy,128,1292
track_0982408,08/982408.mp3,165.0,validation,artifacts/melspecs/08/982408.npy,128,1292
track_0983594,94/983594.mp3,64.0,validation,artifacts/melspecs/94/983594.npy,128,1292
track_0984990,90/984990.mp3,332.2,validation,artifacts/melspecs/90/984990.npy,128,1292
track_0984992,92/984992.mp3,251.4,validation,artifacts/melspecs/92/984992.npy,128,1292
track_0991710,10/991710.mp3,115.2,validation,artifacts/melspecs/10/991710.npy,128,1292
track_0991715,15/991715.mp3,103.8,validation,artifacts/melspecs/15/991715.npy,128,1292
track_0991717,17/991717.mp3,105.5,validation,artifacts/melspecs/17/991717.npy,128,1292
track_0991719,19/991719.mp3,108.6,validation,artifacts/melspecs/19/991719.npy,128,1292
track_0991720,20/991720.mp3,136.1,validation,artifacts/melspecs/20/991720.npy,128,1292
track_0991722,22/991722.mp3,30.0,validation,artifacts/melspecs/22/991722.npy,128,1292
track_0991725,25/991725.mp3,38.8,validation,artifacts/melspecs/25/991725.npy,128,1292
track_0991728,28/991728.mp3,115.2,validation,artifacts/melspecs/28/991728.npy,128,1292
track_0997879,79/997879.mp3,205.0,validation,artifacts/melspecs/79/997879.npy,128,1292
track_0998102,02/998102.mp3,205.0,validation,artifacts/melspecs/02/998102.npy,128,1292
track_1002052,52/1002052.mp3,213.0,validation,artifacts/melspecs/52/1002052.npy,128,1292
track_1006083,83/1006083.mp3,248.4,validation,artifacts/melspecs/83/1006083.npy,128,1292
track_1011698,98/1011698.mp3,203.7,validation,artifacts/melspecs/98/1011698.npy,128,1292
track_1013840,40/1013840.mp3,125.5,validation,artifacts/melspecs/40/1013840.npy,128,1292
track_1014546,46/1014546.mp3,170.0,validation,artifacts/melspecs/46/1014546.npy,128,1292
track_1028839,39/1028839.mp3,190.4,validation,artifacts/melspecs/39/1028839.npy,128,1292
track_1028840,40/1028840.mp3,190.4,validation,artifacts/melspecs/40/1028840.npy,128,1292
track_1029554,54/1029554.mp3,188.0,validation,artifacts/melspecs/54/1029554.npy,128,1292
track_1030263,63/1030263.mp3,288.1,validation,artifacts/melspecs/63/1030263.npy,128,1292
track_1031105,05/1031105.mp3,130.0,validation,artifacts/melspecs/05/1031105.npy,128,1292
track_1031432,32/1031432.mp3,190.0,validation,artifacts/melspecs/32/1031432.npy,128,1292
track_1031691,91/1031691.mp3,223.4,validation,artifacts/melspecs/91/1031691.npy,128,1292
track_1032856,56/1032856.mp3,200.0,validation,artifacts/melspecs/56/1032856.npy,128,1292
track_1033843,43/1033843.mp3,51.2,validation,artifacts/melspecs/43/1033843.npy,128,1292
track_1033880,80/1033880.mp3,59.7,validation,artifacts/melspecs/80/1033880.npy,128,1292
track_1033882,82/1033882.mp3,36.6,validation,artifacts/melspecs/82/1033882.npy,128,1292
track_1034771,71/1034771.mp3,231.0,validation,artifacts/melspecs/71/1034771.npy,128,1292
track_1034772,72/1034772.mp3,227.2,validation,artifacts/melspecs/72/1034772.npy,128,1292
track_1034780,80/1034780.mp3,208.0,validation,artifacts/melspecs/80/1034780.npy,128,1292
track_1037487,87/1037487.mp3,201.7,validation,artifacts/melspecs/87/1037487.npy,128,1292
track_1037681,81/1037681.mp3,175.0,validation,artifacts/melspecs/81/1037681.npy,128,1292
track_1040514,14/1040514.mp3,278.7,validation,artifacts/melspecs/14/1040514.npy,128,1292
track_1041332,32/1041332.mp3,385.0,validation,artifacts/melspecs/32/1041332.npy,128,1292
track_1045248,48/1045248.mp3,184.0,validation,artifacts/melspecs/48/1045248.npy,128,1292
track_1045249,49/1045249.mp3,111.9,validation,artifacts/melspecs/49/1045249.npy,128,1292
track_1045251,51/1045251.mp3,159.9,validation,artifacts/melspecs/51/1045251.npy,128,1292
track_1046763,63/1046763.mp3,152.6,validation,artifacts/melspecs/63/1046763.npy,128,1292
track_1048149,49/1048149.mp3,169.7,validation,artifacts/melspecs/49/1048149.npy,128,1292
track_1048152,52/1048152.mp3,168.9,validation,artifacts/melspecs/52/1048152.npy,128,1292
track_1048156,56/1048156.mp3,234.0,validation,artifacts/melspecs/56/1048156.npy,128,1292
track_1048230,30/1048230.mp3,160.0,validation,artifacts/melspecs/30/1048230.npy,128,1292
track_1051169,69/1051169.mp3,188.0,validation,artifacts/melspecs/69/1051169.npy,128,1292
track_1053051,51/1053051.mp3,154.2,validation,artifacts/melspecs/51/1053051.npy,128,1292
track_1053053,53/1053053.mp3,183.9,validation,artifacts/melspecs/53/1053053.npy,128,1292
track_1053054,54/1053054.mp3,212.0,validation,artifacts/melspecs/54/1053054.npy,128,1292
track_1053468,68/1053468.mp3,170.9,validation,artifacts/melspecs/68/1053468.npy,128,1292
track_1053502,02/1053502.mp3,254.5,validation,artifacts/melspecs/02/1053502.npy,128,1292
track_1053503,03/1053503.mp3,369.0,validation,artifacts/melspecs/03/1053503.npy,128,1292
track_1053504,04/1053504.mp3,328.5,validation,artifacts/melspecs/04/1053504.npy,128,1292
track_1053505,05/1053505.mp3,265.0,validation,artifacts/melspecs/05/1053505.npy,128,1292
track_1053506,06/1053506.mp3,278.5,validation,artifacts/melspecs/06/1053506.npy,128,1292
track_1053507,07/1053507.mp3,353.5,validation,artifacts/melspecs/07/1053507.npy,128,1292
track_1053508,08/1053508.mp3,314.5,validation,artifacts/melspecs/08/1053508.npy,128,1292
track_1053509,09/1053509.mp3,264.0,validation,artifacts/melspecs/09/1053509.npy,128,1292
track_1053510,10/1053510.mp3,286.0,validation,artifacts/melspecs/10/1053510.npy,128,1292
track_1053511,11/1053511.mp3,287.6,validation,artifacts/melspecs/11/1053511.npy,128,1292
track_1055646,46/1055646.mp3,759.9,validation,artifacts/melspecs/46/1055646.npy,128,1292
track_1055930,30/1055930.mp3,245.0,validation,artifacts/melspecs/30/1055930.npy,128,1292
track_1055931,31/1055931.mp3,194.8,validation,artifacts/melspecs/31/1055931.npy,128,1292
track_1055932,32/1055932.mp3,225.8,validation,artifacts/melspecs/32/1055932.npy,128,1292
track_1055933,33/1055933.mp3,278.7,validation,artifacts/melspecs/33/1055933.npy,128,1292
track_1055934,34/1055934.mp3,160.6,validation,artifacts/melspecs/34/1055934.npy,128,1292
track_1055935,35/1055935.mp3,258.7,validation,artifacts/melspecs/35/1055935.npy,128,1292
track_1062497,97/1062497.mp3,247.5,validation,artifacts/melspecs/97/1062497.npy,128,1292
track_1062498,98/1062498.mp3,213.0,validation,artifacts/melspecs/98/1062498.npy,128,1292
track_1062499,99/1062499.mp3,245.0,validation,artifacts/melspecs/99/1062499.npy,128,1292
track_1062500,00/1062500.mp3,225.5,validation,artifacts/melspecs/00/1062500.npy,128,1292
track_1062501,01/1062501.mp3,328.0,validation,artifacts/melspecs/01/1062501.npy,128,1292
track_1062502,02/1062502.mp3,211.3,validation,artifacts/melspecs/02/1062502.npy,128,1292
track_1062503,03/1062503.mp3,228.0,validation,artifacts/melspecs/03/1062503.npy,128,1292
track_1062504,04/1062504.mp3,230.0,validation,artifacts/melspecs/04/1062504.npy,128,1292
track_1062505,05/1062505.mp3,187.5,validation,artifacts/melspecs/05/1062505.npy,128,1292
track_1062506,06/1062506.mp3,522.5,validation,artifacts/melspecs/06/1062506.npy,128,1292
track_1065432,32/1065432.mp3,190.0,validation,artifacts/melspecs/32/1065432.npy,128,1292
track_1066028,28/1066028.mp3,240.0,validation,artifacts/melspecs/28/1066028.npy,128,1292
track_1068405,05/1068405.mp3,216.0,validation,artifacts/melspecs/05/1068405.npy,128,1292
track_1068406,06/1068406.mp3,219.5,validation,artifacts/melspecs/06/1068406.npy,128,1292
track_1068617,17/1068617.mp3,1997.1,validation,artifacts/melspecs/17/1068617.npy,128,1292
track_1068955,55/1068955.mp3,131.1,validation,artifacts/melspecs/55/1068955.npy,128,1292
track_1070424,24/1070424.mp3,479.5,validation,artifacts/melspecs/24/1070424.npy,128,1292
track_1070646,46/1070646.mp3,198.8,validation,artifacts/melspecs/46/1070646.npy,128,1292
track_1070647,47/1070647.mp3,196.9,validation,artifacts/melspecs/47/1070647.npy,128,1292
track_1071475,75/1071475.mp3,130.0,validation,artifacts/melspecs/75/1071475.npy,128,1292
track_1073099,99/1073099.mp3,542.0,validation,artifacts/melspecs/99/1073099.npy,128,1292
track_1073653,53/1073653.mp3,320.0,validation,artifacts/melspecs/53/1073653.npy,128,1292
track_1073654,54/1073654.mp3,180.9,validation,artifacts/melspecs/54/1073654.npy,128,1292
track_1073655,55/1073655.mp3,266.8,validation,artifacts/melspecs/55/1073655.npy,128,1292
track_1074137,37/1074137.mp3,176.6,validation,artifacts/melspecs/37/1074137.npy,128,1292
track_1075261,61/1075261.mp3,156.0,validation,artifacts/melspecs/61/1075261.npy,128,1292
track_1076489,89/1076489.mp3,181.4,validation,artifacts/melspecs/89/1076489.npy,128,1292
track_1076690,90/1076690.mp3,293.2,validation,artifacts/melspecs/90/1076690.npy,128,1292
track_1076691,91/1076691.mp3,285.0,validation,artifacts/melspecs/91/1076691.npy,128,1292
track_1077735,35/1077735.mp3,115.3,validation,artifacts/melspecs/35/1077735.npy,128,1292
track_1077736,36/1077736.mp3,62.4,validation,artifacts/melspecs/36/1077736.npy,128,1292
track_1077911,11/1077911.mp3,263.3,validation,artifacts/melspecs/11/1077911.npy,128,1292
track_1078428,28/1078428.mp3,627.6,validation,artifacts/melspecs/28/1078428.npy,128,1292
track_1078434,34/1078434.mp3,357.0,validation,artifacts/melspecs/34/1078434.npy,128,1292
track_1078442,42/1078442.mp3,266.8,validation,artifacts/melspecs/42/1078442.npy,128,1292
track_1078448,48/1078448.mp3,255.1,validation,artifacts/melspecs/48/1078448.npy,128,1292
track_1078693,93/1078693.mp3,436.0,validation,artifacts/melspecs/93/1078693.npy,128,1292
track_1078694,94/1078694.mp3,384.0,validation,artifacts/melspecs/94/1078694.npy,128,1292
track_1080986,86/1080986.mp3,380.7,validation,artifacts/melspecs/86/1080986.npy,128,1292
track_1080990,90/1080990.mp3,306.7,validation,artifacts/melspecs/90/1080990.npy,128,1292
track_1080993,93/1080993.mp3,349.9,validation,artifacts/melspecs/93/1080993.npy,128,1292
track_1080994,94/1080994.mp3,343.8,validation,artifacts/melspecs/94/1080994.npy,128,1292
track_1080995,95/1080995.mp3,273.8,validation,artifacts/melspecs/95/1080995.npy,128,1292
track_1080999,99/1080999.mp3,234.0,validation,artifacts/melspecs/99/1080999.npy,128,1292
track_1081000,00/1081000.mp3,382.5,validation,artifacts/melspecs/00/1081000.npy,128,1292
track_1081002,02/1081002.mp3,300.0,validation,artifacts/melspecs/02/1081002.npy,128,1292
track_1081003,03/1081003.mp3,560.5,validation,artifacts/melspecs/03/1081003.npy,128,1292
track_1081004,04/1081004.mp3,249.1,validation,artifacts/melspecs/04/1081004.npy,128,1292
track_1081801,01/1081801.mp3,137.2,validation,artifacts/melspecs/01/1081801.npy,128,1292
track_1082340,40/1082340.mp3,512.3,validation,artifacts/melspecs/40/1082340.npy,128,1292
track_1082691,91/1082691.mp3,224.1,validation,artifacts/melspecs/91/1082691.npy,128,1292
track_1083409,09/1083409.mp3,242.9,validation,artifacts/melspecs/09/1083409.npy,128,1292
track_1083411,11/1083411.mp3,63.3,validation,artifacts/melspecs/11/1083411.npy,128,1292
track_1083412,12/1083412.mp3,70.8,validation,artifacts/melspecs/12/1083412.npy,128,1292
track_1083413,13/1083413.mp3,44.9,validation,artifacts/melspecs/13/1083413.npy,128,1292
track_1084678,78/1084678.mp3,267.2,validation,artifacts/melspecs/78/1084678.npy,128,1292
track_1084710,10/1084710.mp3,261.5,validation,artifacts/melspecs/10/1084710.npy,128,1292
track_1084722,22/1084722.mp3,159.6,validation,artifacts/melspecs/22/1084722.npy,128,1292
track_1084723,23/1084723.mp3,100.8,validation,artifacts/melspecs/23/1084723.npy,128,1292
track_1084724,24/1084724.mp3,288.5,validation,artifacts/melspecs/24/1084724.npy,128,1292
track_1084738,38/1084738.mp3,124.9,validation,artifacts/melspecs/38/1084738.npy,128,1292
track_1084739,39/1084739.mp3,73.1,validation,artifacts/melspecs/39/1084739.npy,128,1292
track_1084740,40/1084740.mp3,117.9,validation,artifacts/melspecs/40/1084740.npy,128,1292
track_1084742,42/1084742.mp3,42.9,validation,artifacts/melspecs/42/1084742.npy,128,1292
track_1084743,43/1084743.mp3,166.9,validation,artifacts/melspecs/43/1084743.npy,128,1292
track_1084744,44/1084744.mp3,132.1,validation,artifacts/melspecs/44/1084744.npy,128,1292
track_1084976,76/1084976.mp3,168.0,validation,artifacts/melspecs/76/1084976.npy,128,1292
track_1085279,79/1085279.mp3,147.4,validation,artifacts/melspecs/79/1085279.npy,128,1292
track_1085281,81/1085281.mp3,77.2,validation,artifacts/melspecs/81/1085281.npy,128,1292
track_1085282,82/1085282.mp3,74.9,validation,artifacts/melspecs/82/1085282.npy,128,1292
track_1085283,83/1085283.mp3,102.6,validation,artifacts/melspecs/83/1085283.npy,128,1292
track_1088388,88/1088388.mp3,293.0,validation,artifacts/melspecs/88/1088388.npy,128,1292
track_1088852,52/1088852.mp3,236.1,validation,artifacts/melspecs/52/1088852.npy,128,1292
track_1089913,13/1089913.mp3,128.3,validation,artifacts/melspecs/13/1089913.npy,128,1292
track_1089916,16/1089916.mp3,129.6,validation,artifacts/melspecs/16/1089916.npy,128,1292
track_1089917,17/1089917.mp3,124.8,validation,artifacts/melspecs/17/1089917.npy,128,1292
track_1089919,19/1089919.mp3,167.8,validation,artifacts/melspecs/19/1089919.npy,128,1292
track_1089921,21/1089921.mp3,170.7,validation,artifacts/melspecs/21/1089921.npy,128,1292
track_1089923,23/1089923.mp3,149.0,validation,artifacts/melspecs/23/1089923.npy,128,1292
track_1089925,25/1089925.mp3,158.6,validation,artifacts/melspecs/25/1089925.npy,128,1292
track_1089927,27/1089927.mp3,181.0,validation,artifacts/melspecs/27/1089927.npy,128,1292
track_1090463,63/1090463.mp3,120.0,validation,artifacts/melspecs/63/1090463.npy,128,1292
track_1090464,64/1090464.mp3,120.6,validation,artifacts/melspecs/64/1090464.npy,128,1292
track_1090465,65/1090465.mp3,139.2,validation,artifacts/melspecs/65/1090465.npy,128,1292
track_1090466,66/1090466.mp3,128.1,validation,artifacts/melspecs/66/1090466.npy,128,1292
track_1090467,67/1090467.mp3,76.0,validation,artifacts/melspecs/67/1090467.npy,128,1292
track_1090468,68/1090468.mp3,103.3,validation,artifacts/melspecs/68/1090468.npy,128,1292
track_1090469,69/1090469.mp3,115.0,validation,artifacts/melspecs/69/1090469.npy,128,1292
track_1090470,70/1090470.mp3,120.3,validation,artifacts/melspecs/70/1090470.npy,128,1292
track_1090471,71/1090471.mp3,138.2,validation,artifacts/melspecs/71/1090471.npy,128,1292
track_1090546,46/1090546.mp3,540.1,validation,artifacts/melspecs/46/1090546.npy,128,1292
track_1091885,85/1091885.mp3,165.0,validation,artifacts/melspecs/85/1091885.npy,128,1292
track_1093612,12/1093612.mp3,157.8,validation,artifacts/melspecs/12/1093612.npy,128,1292
track_1094053,53/1094053.mp3,117.5,validation,artifacts/melspecs/53/1094053.npy,128,1292
track_1098067,67/1098067.mp3,240.9,validation,artifacts/melspecs/67/1098067.npy,128,1292
track_1100288,88/1100288.mp3,137.0,validation,artifacts/melspecs/88/1100288.npy,128,1292
track_1103583,83/1103583.mp3,160.8,validation,artifacts/melspecs/83/1103583.npy,128,1292
track_1107063,63/1107063.mp3,52.7,validation,artifacts/melspecs/63/1107063.npy,128,1292
track_1107067,67/1107067.mp3,133.0,validation,artifacts/melspecs/67/1107067.npy,128,1292
track_1107068,68/1107068.mp3,128.1,validation,artifacts/melspecs/68/1107068.npy,128,1292
track_1107582,82/1107582.mp3,167.5,validation,artifacts/melspecs/82/1107582.npy,128,1292
track_1107947,47/1107947.mp3,130.0,validation,artifacts/melspecs/47/1107947.npy,128,1292
track_1109997,97/1109997.mp3,70.0,validation,artifacts/melspecs/97/1109997.npy,128,1292
track_1109998,98/1109998.mp3,57.6,validation,artifacts/melspecs/98/1109998.npy,128,1292
track_1110000,00/1110000.mp3,89.1,validation,artifacts/melspecs/00/1110000.npy,128,1292
track_1110001,01/1110001.mp3,70.6,validation,artifacts/melspecs/01/1110001.npy,128,1292
track_1110002,02/1110002.mp3,38.5,validation,artifacts/melspecs/02/1110002.npy,128,1292
track_1110004,04/1110004.mp3,89.1,validation,artifacts/melspecs/04/1110004.npy,128,1292
track_1110005,05/1110005.mp3,76.9,validation,artifacts/melspecs/05/1110005.npy,128,1292
track_1110006,06/1110006.mp3,179.2,validation,artifacts/melspecs/06/1110006.npy,128,1292
track_1110007,07/1110007.mp3,72.2,validation,artifacts/melspecs/07/1110007.npy,128,1292
track_1110008,08/1110008.mp3,86.4,validation,artifacts/melspecs/08/1110008.npy,128,1292
track_1110009,09/1110009.mp3,42.4,validation,artifacts/melspecs/09/1110009.npy,128,1292
track_1110010,10/1110010.mp3,153.6,validation,artifacts/melspecs/10/1110010.npy,128,1292
track_1110011,11/1110011.mp3,49.6,validation,artifacts/melspecs/11/1110011.npy,128,1292
track_1110012,12/1110012.mp3,53.4,validation,artifacts/melspecs/12/1110012.npy,128,1292
track_1110013,13/1110013.mp3,111.9,validation,artifacts/melspecs/13/1110013.npy,128,1292
track_1110014,14/1110014.mp3,36.3,validation,artifacts/melspecs/14/1110014.npy,128,1292
track_1110015,15/1110015.mp3,131.1,validation,artifacts/melspecs/15/1110015.npy,128,1292
track_1110016,16/1110016.mp3,101.3,validation,artifacts/melspecs/16/1110016.npy,128,1292
track_1110017,17/1110017.mp3,101.1,validation,artifacts/melspecs/17/1110017.npy,128,1292
track_1110018,18/1110018.mp3,104.0,validation,artifacts/melspecs/18/1110018.npy,128,1292
track_1110019,19/1110019.mp3,201.9,validation,artifacts/melspecs/19/1110019.npy,128,1292
track_1110020,20/1110020.mp3,60.9,validation,artifacts/melspecs/20/1110020.npy,128,1292
track_1110021,21/1110021.mp3,326.2,validation,artifacts/melspecs/21/1110021.npy,128,1292
track_1110022,22/1110022.mp3,52.0,validation,artifacts/melspecs/22/1110022.npy,128,1292
track_1110023,23/1110023.mp3,94.1,validation,artifacts/melspecs/23/1110023.npy,128,1292
track_1110024,24/1110024.mp3,59.2,validation,artifacts/melspecs/24/1110024.npy,128,1292
track_1110025,25/1110025.mp3,100.6,validation,artifacts/melspecs/25/1110025.npy,128,1292
track_1110026,26/1110026.mp3,33.3,validation,artifacts/melspecs/26/1110026.npy,128,1292
track_1110027,27/1110027.mp3,95.9,validation,artifacts/melspecs/27/1110027.npy,128,1292
track_1110028,28/1110028.mp3,56.0,validation,artifacts/melspecs/28/1110028.npy,128,1292
track_1110029,29/1110029.mp3,79.7,validation,artifacts/melspecs/29/1110029.npy,128,1292
track_1110030,30/1110030.mp3,58.4,validation,artifacts/melspecs/30/1110030.npy,128,1292
track_1110031,31/1110031.mp3,56.9,validation,artifacts/melspecs/31/1110031.npy,128,1292
track_1110032,32/1110032.mp3,63.0,validation,artifacts/melspecs/32/1110032.npy,128,1292
track_1110033,33/1110033.mp3,63.0,validation,artifacts/melspecs/33/1110033.npy,128,1292
track_1110034,34/1110034.mp3,140.5,validation,artifacts/melspecs/34/1110034.npy,128,1292
track_1110035,35/1110035.mp3,82.8,validation,artifacts/melspecs/35/1110035.npy,128,1292
track_1110036,36/1110036.mp3,91.6,validation,artifacts/melspecs/36/1110036.npy,128,1292
track_1110037,37/1110037.mp3,192.8,validation,artifacts/melspecs/37/1110037.npy,128,1292
track_1110059,59/1110059.mp3,133.0,validation,artifacts/melspecs/59/1110059.npy,128,1292
track_1110060,60/1110060.mp3,159.4,validation,artifacts/melspecs/60/1110060.npy,128,1292
track_1110061,61/1110061.mp3,116.6,validation,artifacts/melspecs/61/1110061.npy,128,1292
track_1110062,62/1110062.mp3,96.0,validation,artifacts/melspecs/62/1110062.npy,128,1292
track_1110063,63/1110063.mp3,217.8,validation,artifacts/melspecs/63/1110063.npy,128,1292
track_1110064,64/1110064.mp3,193.2,validation,artifacts/melspecs/64/1110064.npy,128,1292
track_1110065,65/1110065.mp3,81.6,validation,artifacts/melspecs/65/1110065.npy,128,1292
track_1110066,66/1110066.mp3,131.6,validation,artifacts/melspecs/66/1110066.npy,128,1292
track_1110067,67/1110067.mp3,53.2,validation,artifacts/melspecs/67/1110067.npy,128,1292
track_1110068,68/1110068.mp3,187.5,validation,artifacts/melspecs/68/1110068.npy,128,1292
track_1110069,69/1110069.mp3,186.0,validation,artifacts/melspecs/69/1110069.npy,128,1292
track_1110070,70/1110070.mp3,90.9,validation,artifacts/melspecs/70/1110070.npy,128,1292
track_1110071,71/1110071.mp3,117.0,validation,artifacts/melspecs/71/1110071.npy,128,1292
track_1110072,72/1110072.mp3,174.7,validation,artifacts/melspecs/72/1110072.npy,128,1292
track_1110073,73/1110073.mp3,328.8,validation,artifacts/melspecs/73/1110073.npy,128,1292
track_1110074,74/1110074.mp3,84.0,validation,artifacts/melspecs/74/1110074.npy,128,1292
track_1110075,75/1110075.mp3,177.3,validation,artifacts/melspecs/75/1110075.npy,128,1292
track_1110076,76/1110076.mp3,220.0,validation,artifacts/melspecs/76/1110076.npy,128,1292
track_1110077,77/1110077.mp3,94.1,validation,artifacts/melspecs/77/1110077.npy,128,1292
track_1110078,78/1110078.mp3,186.0,validation,artifacts/melspecs/78/1110078.npy,128,1292
track_1110079,79/1110079.mp3,154.7,validation,artifacts/melspecs/79/1110079.npy,128,1292
track_1110080,80/1110080.mp3,223.8,validation,artifacts/melspecs/80/1110080.npy,128,1292
track_1110081,81/1110081.mp3,79.2,validation,artifacts/melspecs/81/1110081.npy,128,1292
track_1110083,83/1110083.mp3,153.9,validation,artifacts/melspecs/83/1110083.npy,128,1292
track_1110084,84/1110084.mp3,298.7,validation,artifacts/melspecs/84/1110084.npy,128,1292
track_1110085,85/1110085.mp3,104.9,validation,artifacts/melspecs/85/1110085.npy,128,1292
track_1110086,86/1110086.mp3,139.0,validation,artifacts/melspecs/86/1110086.npy,128,1292
track_1110087,87/1110087.mp3,161.5,validation,artifacts/melspecs/87/1110087.npy,128,1292
track_1110088,88/1110088.mp3,95.2,validation,artifacts/melspecs/88/1110088.npy,128,1292
track_1110089,89/1110089.mp3,116.9,validation,artifacts/melspecs/89/1110089.npy,128,1292
track_1110514,14/1110514.mp3,104.6,validation,artifacts/melspecs/14/1110514.npy,128,1292
track_1110515,15/1110515.mp3,146.9,validation,artifacts/melspecs/15/1110515.npy,128,1292
track_1110516,16/1110516.mp3,67.2,validation,artifacts/melspecs/16/1110516.npy,128,1292
track_1110517,17/1110517.mp3,30.0,validation,artifacts/melspecs/17/1110517.npy,128,1292
track_1110518,18/1110518.mp3,59.5,validation,artifacts/melspecs/18/1110518.npy,128,1292
track_1110519,19/1110519.mp3,127.5,validation,artifacts/melspecs/19/1110519.npy,128,1292
track_1110520,20/1110520.mp3,167.7,validation,artifacts/melspecs/20/1110520.npy,128,1292
track_1110521,21/1110521.mp3,204.6,validation,artifacts/melspecs/21/1110521.npy,128,1292
track_1110522,22/1110522.mp3,222.0,validation,artifacts/melspecs/22/1110522.npy,128,1292
track_1110523,23/1110523.mp3,76.4,validation,artifacts/melspecs/23/1110523.npy,128,1292
track_1110524,24/1110524.mp3,106.4,validation,artifacts/melspecs/24/1110524.npy,128,1292
track_1110525,25/1110525.mp3,90.0,validation,artifacts/melspecs/25/1110525.npy,128,1292
track_1110526,26/1110526.mp3,69.5,validation,artifacts/melspecs/26/1110526.npy,128,1292
track_1110527,27/1110527.mp3,183.6,validation,artifacts/melspecs/27/1110527.npy,128,1292
track_1110528,28/1110528.mp3,170.0,validation,artifacts/melspecs/28/1110528.npy,128,1292
track_1110747,47/1110747.mp3,64.0,validation,artifacts/melspecs/47/1110747.npy,128,1292
track_1110748,48/1110748.mp3,169.4,validation,artifacts/melspecs/48/1110748.npy,128,1292
track_1110749,49/1110749.mp3,37.2,validation,artifacts/melspecs/49/1110749.npy,128,1292
track_1110750,50/1110750.mp3,86.0,validation,artifacts/melspecs/50/1110750.npy,128,1292
track_1110751,51/1110751.mp3,220.5,validation,artifacts/melspecs/51/1110751.npy,128,1292
track_1110752,52/1110752.mp3,86.3,validation,artifacts/melspecs/52/1110752.npy,128,1292
track_1110753,53/1110753.mp3,110.1,validation,artifacts/melspecs/53/1110753.npy,128,1292
track_1110754,54/1110754.mp3,187.0,validation,artifacts/melspecs/54/1110754.npy,128,1292
track_1110755,55/1110755.mp3,170.9,validation,artifacts/melspecs/55/1110755.npy,128,1292
track_1110756,56/1110756.mp3,32.4,validation,artifacts/melspecs/56/1110756.npy,128,1292
track_1110757,57/1110757.mp3,223.6,validation,artifacts/melspecs/57/1110757.npy,128,1292
track_1110758,58/1110758.mp3,73.8,validation,artifacts/melspecs/58/1110758.npy,128,1292
track_1110759,59/1110759.mp3,122.1,validation,artifacts/melspecs/59/1110759.npy,128,1292
track_1110760,60/1110760.mp3,138.5,validation,artifacts/melspecs/60/1110760.npy,128,1292
track_1110761,61/1110761.mp3,86.2,validation,artifacts/melspecs/61/1110761.npy,128,1292
track_1110762,62/1110762.mp3,84.1,validation,artifacts/melspecs/62/1110762.npy,128,1292
track_1110763,63/1110763.mp3,58.8,validation,artifacts/melspecs/63/1110763.npy,128,1292
track_1110764,64/1110764.mp3,195.8,validation,artifacts/melspecs/64/1110764.npy,128,1292
track_1110765,65/1110765.mp3,274.7,validation,artifacts/melspecs/65/1110765.npy,128,1292
track_1110766,66/1110766.mp3,220.7,validation,artifacts/melspecs/66/1110766.npy,128,1292
track_1110767,67/1110767.mp3,187.5,validation,artifacts/melspecs/67/1110767.npy,128,1292
track_1110768,68/1110768.mp3,187.7,validation,artifacts/melspecs/68/1110768.npy,128,1292
track_1110769,69/1110769.mp3,59.0,validation,artifacts/melspecs/69/1110769.npy,128,1292
track_1110770,70/1110770.mp3,154.5,validation,artifacts/melspecs/70/1110770.npy,128,1292
track_1110771,71/1110771.mp3,58.3,validation,artifacts/melspecs/71/1110771.npy,128,1292
track_1110772,72/1110772.mp3,112.5,validation,artifacts/melspecs/72/1110772.npy,128,1292
track_1110773,73/1110773.mp3,82.8,validation,artifacts/melspecs/73/1110773.npy,128,1292
track_1110774,74/1110774.mp3,47.8,validation,artifacts/melspecs/74/1110774.npy,128,1292
track_1110775,75/1110775.mp3,96.5,validation,artifacts/melspecs/75/1110775.npy,128,1292
track_1110776,76/1110776.mp3,147.3,validation,artifacts/melspecs/76/1110776.npy,128,1292
track_1110777,77/1110777.mp3,216.0,validation,artifacts/melspecs/77/1110777.npy,128,1292
track_1110778,78/1110778.mp3,83.8,validation,artifacts/melspecs/78/1110778.npy,128,1292
track_1110779,79/1110779.mp3,101.4,validation,artifacts/melspecs/79/1110779.npy,128,1292
track_1110780,80/1110780.mp3,176.2,validation,artifacts/melspecs/80/1110780.npy,128,1292
track_1110781,81/1110781.mp3,181.7,validation,artifacts/melspecs/81/1110781.npy,128,1292
track_1110782,82/1110782.mp3,67.7,validation,artifacts/melspecs/82/1110782.npy,128,1292
track_1110783,83/1110783.mp3,160.9,validation,artifacts/melspecs/83/1110783.npy,128,1292
track_1110784,84/1110784.mp3,77.1,validation,artifacts/melspecs/84/1110784.npy,128,1292
track_1110785,85/1110785.mp3,160.8,validation,artifacts/melspecs/85/1110785.npy,128,1292
track_1110786,86/1110786.mp3,251.0,validation,artifacts/melspecs/86/1110786.npy,128,1292
track_1110787,87/1110787.mp3,88.8,validation,artifacts/melspecs/87/1110787.npy,128,1292
track_1110788,88/1110788.mp3,69.7,validation,artifacts/melspecs/88/1110788.npy,128,1292
track_1110818,18/1110818.mp3,232.4,validation,artifacts/melspecs/18/1110818.npy,128,1292
track_1111131,31/1111131.mp3,449.6,validation,artifacts/melspecs/31/1111131.npy,128,1292
track_1111991,91/1111991.mp3,112.8,validation,artifacts/melspecs/91/1111991.npy,128,1292
track_1111992,92/1111992.mp3,272.4,validation,artifacts/melspecs/92/1111992.npy,128,1292
track_1111993,93/1111993.mp3,110.4,validation,artifacts/melspecs/93/1111993.npy,128,1292
track_1111994,94/1111994.mp3,120.0,validation,artifacts/melspecs/94/1111994.npy,128,1292
track_1111995,95/1111995.mp3,94.2,validation,artifacts/melspecs/95/1111995.npy,128,1292
track_1111996,96/1111996.mp3,144.0,validation,artifacts/melspecs/96/1111996.npy,128,1292
track_1111997,97/1111997.mp3,138.7,validation,artifacts/melspecs/97/1111997.npy,128,1292
track_1111998,98/1111998.mp3,141.0,validation,artifacts/melspecs/98/1111998.npy,128,1292
track_1111999,99/1111999.mp3,73.4,validation,artifacts/melspecs/99/1111999.npy,128,1292
track_1112000,00/1112000.mp3,88.8,validation,artifacts/melspecs/00/1112000.npy,128,1292
track_1112001,01/1112001.mp3,165.6,validation,artifacts/melspecs/01/1112001.npy,128,1292
track_1112002,02/1112002.mp3,96.0,validation,artifacts/melspecs/02/1112002.npy,128,1292
track_1112003,03/1112003.mp3,146.6,validation,artifacts/melspecs/03/1112003.npy,128,1292
track_1112004,04/1112004.mp3,121.4,validation,artifacts/melspecs/04/1112004.npy,128,1292
track_1112005,05/1112005.mp3,234.9,validation,artifacts/melspecs/05/1112005.npy,128,1292
track_1113647,47/1113647.mp3,211.2,validation,artifacts/melspecs/47/1113647.npy,128,1292
track_1115302,02/1115302.mp3,231.1,validation,artifacts/melspecs/02/1115302.npy,128,1292
track_1115674,74/1115674.mp3,59.4,validation,artifacts/melspecs/74/1115674.npy,128,1292
track_1115675,75/1115675.mp3,55.3,validation,artifacts/melspecs/75/1115675.npy,128,1292
track_1115676,76/1115676.mp3,60.0,validation,artifacts/melspecs/76/1115676.npy,128,1292
track_1115677,77/1115677.mp3,58.8,validation,artifacts/melspecs/77/1115677.npy,128,1292
track_1115679,79/1115679.mp3,84.5,validation,artifacts/melspecs/79/1115679.npy,128,1292
track_1115680,80/1115680.mp3,147.3,validation,artifacts/melspecs/80/1115680.npy,128,1292
track_1115681,81/1115681.mp3,61.1,validation,artifacts/melspecs/81/1115681.npy,128,1292
track_1115682,82/1115682.mp3,90.0,validation,artifacts/melspecs/82/1115682.npy,128,1292
track_1115683,83/1115683.mp3,41.4,validation,artifacts/melspecs/83/1115683.npy,128,1292
track_1115684,84/1115684.mp3,60.0,validation,artifacts/melspecs/84/1115684.npy,128,1292
track_1116158,58/1116158.mp3,282.3,validation,artifacts/melspecs/58/1116158.npy,128,1292
track_1117463,63/1117463.mp3,104.7,validation,artifacts/melspecs/63/1117463.npy,128,1292
track_1118534,34/1118534.mp3,168.2,validation,artifacts/melspecs/34/1118534.npy,128,1292
track_1119808,08/1119808.mp3,350.0,validation,artifacts/melspecs/08/1119808.npy,128,1292
track_1119816,16/1119816.mp3,358.0,validation,artifacts/melspecs/16/1119816.npy,128,1292
track_1120043,43/1120043.mp3,172.8,validation,artifacts/melspecs/43/1120043.npy,128,1292
track_1123491,91/1123491.mp3,222.4,validation,artifacts/melspecs/91/1123491.npy,128,1292
track_1123888,88/1123888.mp3,232.1,validation,artifacts/melspecs/88/1123888.npy,128,1292
track_1123889,89/1123889.mp3,272.5,validation,artifacts/melspecs/89/1123889.npy,128,1292
track_1126335,35/1126335.mp3,532.9,validation,artifacts/melspecs/35/1126335.npy,128,1292
track_1129409,09/1129409.mp3,252.0,validation,artifacts/melspecs/09/1129409.npy,128,1292
track_1129411,11/1129411.mp3,281.0,validation,artifacts/melspecs/11/1129411.npy,128,1292
track_1129413,13/1129413.mp3,202.0,validation,artifacts/melspecs/13/1129413.npy,128,1292
track_1130514,14/1130514.mp3,409.8,validation,artifacts/melspecs/14/1130514.npy,128,1292
track_1130521,21/1130521.mp3,233.2,validation,artifacts/melspecs/21/1130521.npy,128,1292
track_1130527,27/1130527.mp3,536.6,validation,artifacts/melspecs/27/1130527.npy,128,1292
track_1131565,65/1131565.mp3,300.6,validation,artifacts/melspecs/65/1131565.npy,128,1292
track_1131566,66/1131566.mp3,268.3,validation,artifacts/melspecs/66/1131566.npy,128,1292
track_1131567,67/1131567.mp3,202.8,validation,artifacts/melspecs/67/1131567.npy,128,1292
track_1131568,68/1131568.mp3,240.0,validation,artifacts/melspecs/68/1131568.npy,128,1292
track_1131569,69/1131569.mp3,372.0,validation,artifacts/melspecs/69/1131569.npy,128,1292
track_1131570,70/1131570.mp3,375.7,validation,artifacts/melspecs/70/1131570.npy,128,1292
track_1131571,71/1131571.mp3,282.7,validation,artifacts/melspecs/71/1131571.npy,128,1292
track_1131572,72/1131572.mp3,361.4,validation,artifacts/melspecs/72/1131572.npy,128,1292
track_1131573,73/1131573.mp3,258.7,validation,artifacts/melspecs/73/1131573.npy,128,1292
track_1131574,74/1131574.mp3,270.3,validation,artifacts/melspecs/74/1131574.npy,128,1292
track_1131614,14/1131614.mp3,277.4,validation,artifacts/melspecs/14/1131614.npy,128,1292
track_1132160,60/1132160.mp3,91.5,validation,artifacts/melspecs/60/1132160.npy,128,1292
track_1133636,36/1133636.mp3,240.0,validation,artifacts/melspecs/36/1133636.npy,128,1292
track_1134764,64/1134764.mp3,132.0,validation,artifacts/melspecs/64/1134764.npy,128,1292
track_1135157,57/1135157.mp3,175.0,validation,artifacts/melspecs/57/1135157.npy,128,1292
track_1135523,23/1135523.mp3,170.7,validation,artifacts/melspecs/23/1135523.npy,128,1292
track_1136296,96/1136296.mp3,307.3,validation,artifacts/melspecs/96/1136296.npy,128,1292
track_1136297,97/1136297.mp3,256.2,validation,artifacts/melspecs/97/1136297.npy,128,1292
track_1136680,80/1136680.mp3,156.0,validation,artifacts/melspecs/80/1136680.npy,128,1292
track_1137775,75/1137775.mp3,168.0,validation,artifacts/melspecs/75/1137775.npy,128,1292
track_1141662,62/1141662.mp3,320.0,validation,artifacts/melspecs/62/1141662.npy,128,1292
track_1141663,63/1141663.mp3,332.1,validation,artifacts/melspecs/63/1141663.npy,128,1292
track_1141664,64/1141664.mp3,231.8,validation,artifacts/melspecs/64/1141664.npy,128,1292
track_1141666,66/1141666.mp3,292.3,validation,artifacts/melspecs/66/1141666.npy,128,1292
track_1141667,67/1141667.mp3,106.1,validation,artifacts/melspecs/67/1141667.npy,128,1292
track_1142668,68/1142668.mp3,265.0,validation,artifacts/melspecs/68/1142668.npy,128,1292
track_1142732,32/1142732.mp3,229.4,validation,artifacts/melspecs/32/1142732.npy,128,1292
track_1142735,35/1142735.mp3,252.9,validation,artifacts/melspecs/35/1142735.npy,128,1292
track_1143406,06/1143406.mp3,309.4,validation,artifacts/melspecs/06/1143406.npy,128,1292
track_1143797,97/1143797.mp3,314.5,validation,artifacts/melspecs/97/1143797.npy,128,1292
track_1143811,11/1143811.mp3,264.3,validation,artifacts/melspecs/11/1143811.npy,128,1292
track_1143814,14/1143814.mp3,346.3,validation,artifacts/melspecs/14/1143814.npy,128,1292
track_1143815,15/1143815.mp3,265.2,validation,artifacts/melspecs/15/1143815.npy,128,1292
track_1143816,16/1143816.mp3,134.7,validation,artifacts/melspecs/16/1143816.npy,128,1292
track_1143857,57/1143857.mp3,142.9,validation,artifacts/melspecs/57/1143857.npy,128,1292
track_1143858,58/1143858.mp3,294.3,validation,artifacts/melspecs/58/1143858.npy,128,1292
track_1143942,42/1143942.mp3,235.0,validation,artifacts/melspecs/42/1143942.npy,128,1292
track_1143977,77/1143977.mp3,96.3,validation,artifacts/melspecs/77/1143977.npy,128,1292
track_1147338,38/1147338.mp3,161.7,validation,artifacts/melspecs/38/1147338.npy,128,1292
track_1147339,39/1147339.mp3,172.2,validation,artifacts/melspecs/39/1147339.npy,128,1292
track_1147340,40/1147340.mp3,203.7,validation,artifacts/melspecs/40/1147340.npy,128,1292
track_1147341,41/1147341.mp3,125.6,validation,artifacts/melspecs/41/1147341.npy,128,1292
track_1147359,59/1147359.mp3,132.9,validation,artifacts/melspecs/59/1147359.npy,128,1292
track_1147360,60/1147360.mp3,303.1,validation,artifacts/melspecs/60/1147360.npy,128,1292
track_1147361,61/1147361.mp3,185.3,validation,artifacts/melspecs/61/1147361.npy,128,1292
track_1147362,62/1147362.mp3,363.6,validation,artifacts/melspecs/62/1147362.npy,128,1292
track_1148029,29/1148029.mp3,37.0,validation,artifacts/melspecs/29/1148029.npy,128,1292
track_1148033,33/1148033.mp3,45.0,validation,artifacts/melspecs/33/1148033.npy,128,1292
track_1148035,35/1148035.mp3,55.0,validation,artifacts/melspecs/35/1148035.npy,128,1292
track_1149313,13/1149313.mp3,417.4,validation,artifacts/melspecs/13/1149313.npy,128,1292
track_1150030,30/1150030.mp3,105.0,validation,artifacts/melspecs/30/1150030.npy,128,1292
track_1150032,32/1150032.mp3,55.0,validation,artifacts/melspecs/32/1150032.npy,128,1292
track_1150512,12/1150512.mp3,268.7,validation,artifacts/melspecs/12/1150512.npy,128,1292
track_1150771,71/1150771.mp3,150.0,validation,artifacts/melspecs/71/1150771.npy,128,1292
track_1150778,78/1150778.mp3,62.5,validation,artifacts/melspecs/78/1150778.npy,128,1292
track_1150798,98/1150798.mp3,30.5,validation,artifacts/melspecs/98/1150798.npy,128,1292
track_1151544,44/1151544.mp3,145.5,validation,artifacts/melspecs/44/1151544.npy,128,1292
track_1151545,45/1151545.mp3,110.1,validation,artifacts/melspecs/45/1151545.npy,128,1292
track_1151546,46/1151546.mp3,130.7,validation,artifacts/melspecs/46/1151546.npy,128,1292
track_1151548,48/1151548.mp3,157.5,validation,artifacts/melspecs/48/1151548.npy,128,1292
track_1151551,51/1151551.mp3,44.5,validation,artifacts/melspecs/51/1151551.npy,128,1292
track_1151552,52/1151552.mp3,92.1,validation,artifacts/melspecs/52/1151552.npy,128,1292
track_1151553,53/1151553.mp3,48.2,validation,artifacts/melspecs/53/1151553.npy,128,1292
track_1151554,54/1151554.mp3,119.5,validation,artifacts/melspecs/54/1151554.npy,128,1292
track_1151555,55/1151555.mp3,257.5,validation,artifacts/melspecs/55/1151555.npy,128,1292
track_1151556,56/1151556.mp3,152.4,validation,artifacts/melspecs/56/1151556.npy,128,1292
track_1151559,59/1151559.mp3,75.2,validation,artifacts/melspecs/59/1151559.npy,128,1292
track_1152031,31/1152031.mp3,251.0,validation,artifacts/melspecs/31/1152031.npy,128,1292
track_1152032,32/1152032.mp3,270.9,validation,artifacts/melspecs/32/1152032.npy,128,1292
track_1152037,37/1152037.mp3,209.4,validation,artifacts/melspecs/37/1152037.npy,128,1292
track_1152039,39/1152039.mp3,209.7,validation,artifacts/melspecs/39/1152039.npy,128,1292
track_1152085,85/1152085.mp3,98.0,validation,artifacts/melspecs/85/1152085.npy,128,1292
track_1152086,86/1152086.mp3,144.0,validation,artifacts/melspecs/86/1152086.npy,128,1292
track_1152619,19/1152619.mp3,128.3,validation,artifacts/melspecs/19/1152619.npy,128,1292
track_1152620,20/1152620.mp3,119.9,validation,artifacts/melspecs/20/1152620.npy,128,1292
track_1152622,22/1152622.mp3,102.0,validation,artifacts/melspecs/22/1152622.npy,128,1292
track_1152623,23/1152623.mp3,121.5,validation,artifacts/melspecs/23/1152623.npy,128,1292
track_1152625,25/1152625.mp3,268.3,validation,artifacts/melspecs/25/1152625.npy,128,1292
track_1152635,35/1152635.mp3,308.7,validation,artifacts/melspecs/35/1152635.npy,128,1292
track_1152636,36/1152636.mp3,135.2,validation,artifacts/melspecs/36/1152636.npy,128,1292
track_1152638,38/1152638.mp3,267.7,validation,artifacts/melspecs/38/1152638.npy,128,1292
track_1152647,47/1152647.mp3,60.0,validation,artifacts/melspecs/47/1152647.npy,128,1292
track_1152648,48/1152648.mp3,110.1,validation,artifacts/melspecs/48/1152648.npy,128,1292
track_1153107,07/1153107.mp3,300.0,validation,artifacts/melspecs/07/1153107.npy,128,1292
track_1154511,11/1154511.mp3,668.0,validation,artifacts/melspecs/11/1154511.npy,128,1292
track_1154516,16/1154516.mp3,60.8,validation,artifacts/melspecs/16/1154516.npy,128,1292
track_1154517,17/1154517.mp3,30.0,validation,artifacts/melspecs/17/1154517.npy,128,1292
track_1154518,18/1154518.mp3,145.0,validation,artifacts/melspecs/18/1154518.npy,128,1292
track_1155054,54/1155054.mp3,179.1,validation,artifacts/melspecs/54/1155054.npy,128,1292
track_1155055,55/1155055.mp3,162.3,validation,artifacts/melspecs/55/1155055.npy,128,1292
track_1155056,56/1155056.mp3,203.1,validation,artifacts/melspecs/56/1155056.npy,128,1292
track_1155057,57/1155057.mp3,248.1,validation,artifacts/melspecs/57/1155057.npy,128,1292
track_1155058,58/1155058.mp3,214.2,validation,artifacts/melspecs/58/1155058.npy,128,1292
track_1155059,59/1155059.mp3,307.5,validation,artifacts/melspecs/59/1155059.npy,128,1292
track_1155060,60/1155060.mp3,166.5,validation,artifacts/melspecs/60/1155060.npy,128,1292
track_1155061,61/1155061.mp3,196.8,validation,artifacts/melspecs/61/1155061.npy,128,1292
track_1155551,51/1155551.mp3,177.0,validation,artifacts/melspecs/51/1155551.npy,128,1292
track_1155559,59/1155559.mp3,129.0,validation,artifacts/melspecs/59/1155559.npy,128,1292
track_1156317,17/1156317.mp3,248.4,validation,artifacts/melspecs/17/1156317.npy,128,1292
track_1156578,78/1156578.mp3,30.9,validation,artifacts/melspecs/78/1156578.npy,128,1292
track_1156579,79/1156579.mp3,180.0,validation,artifacts/melspecs/79/1156579.npy,128,1292
track_1157371,71/1157371.mp3,123.1,validation,artifacts/melspecs/71/1157371.npy,128,1292
track_1158007,07/1158007.mp3,412.5,validation,artifacts/melspecs/07/1158007.npy,128,1292
track_1158370,70/1158370.mp3,125.5,validation,artifacts/melspecs/70/1158370.npy,128,1292
track_1161930,30/1161930.mp3,128.6,validation,artifacts/melspecs/30/1161930.npy,128,1292
track_1162939,39/1162939.mp3,125.5,validation,artifacts/melspecs/39/1162939.npy,128,1292
track_1166813,13/1166813.mp3,192.0,validation,artifacts/melspecs/13/1166813.npy,128,1292
track_1168030,30/1168030.mp3,90.9,validation,artifacts/melspecs/30/1168030.npy,128,1292
track_1169396,96/1169396.mp3,195.0,validation,artifacts/melspecs/96/1169396.npy,128,1292
track_1169939,39/1169939.mp3,180.0,validation,artifacts/melspecs/39/1169939.npy,128,1292
track_1169942,42/1169942.mp3,224.1,validation,artifacts/melspecs/42/1169942.npy,128,1292
track_1169943,43/1169943.mp3,210.9,validation,artifacts/melspecs/43/1169943.npy,128,1292
track_1170328,28/1170328.mp3,140.4,validation,artifacts/melspecs/28/1170328.npy,128,1292
track_1171314,14/1171314.mp3,392.6,validation,artifacts/melspecs/14/1171314.npy,128,1292
track_1177099,99/1177099.mp3,238.8,validation,artifacts/melspecs/99/1177099.npy,128,1292
track_1177391,91/1177391.mp3,239.0,validation,artifacts/melspecs/91/1177391.npy,128,1292
track_1177887,87/1177887.mp3,219.0,validation,artifacts/melspecs/87/1177887.npy,128,1292
track_1185774,74/1185774.mp3,114.1,validation,artifacts/melspecs/74/1185774.npy,128,1292
track_1185779,79/1185779.mp3,109.2,validation,artifacts/melspecs/79/1185779.npy,128,1292
track_1185795,95/1185795.mp3,121.2,validation,artifacts/melspecs/95/1185795.npy,128,1292
track_1189408,08/1189408.mp3,167.5,validation,artifacts/melspecs/08/1189408.npy,128,1292
track_1190621,21/1190621.mp3,174.3,validation,artifacts/melspecs/21/1190621.npy,128,1292
track_1195819,19/1195819.mp3,261.9,validation,artifacts/melspecs/19/1195819.npy,128,1292
track_1195820,20/1195820.mp3,248.8,validation,artifacts/melspecs/20/1195820.npy,128,1292
track_1195824,24/1195824.mp3,332.2,validation,artifacts/melspecs/24/1195824.npy,128,1292
track_1195825,25/1195825.mp3,147.3,validation,artifacts/melspecs/25/1195825.npy,128,1292
track_1195826,26/1195826.mp3,475.7,validation,artifacts/melspecs/26/1195826.npy,128,1292
track_1195830,30/1195830.mp3,377.2,validation,artifacts/melspecs/30/1195830.npy,128,1292
track_1195831,31/1195831.mp3,349.8,validation,artifacts/melspecs/31/1195831.npy,128,1292
track_1195866,66/1195866.mp3,200.5,validation,artifacts/melspecs/66/1195866.npy,128,1292
track_1195879,79/1195879.mp3,117.8,validation,artifacts/melspecs/79/1195879.npy,128,1292
track_1195882,82/1195882.mp3,105.0,validation,artifacts/melspecs/82/1195882.npy,128,1292
track_1195883,83/1195883.mp3,128.0,validation,artifacts/melspecs/83/1195883.npy,128,1292
track_1195884,84/1195884.mp3,149.4,validation,artifacts/melspecs/84/1195884.npy,128,1292
track_1195885,85/1195885.mp3,102.8,validation,artifacts/melspecs/85/1195885.npy,128,1292
track_1195889,89/1195889.mp3,125.3,validation,artifacts/melspecs/89/1195889.npy,128,1292
track_1195900,00/1195900.mp3,103.0,validation,artifacts/melspecs/00/1195900.npy,128,1292
track_1195904,04/1195904.mp3,81.8,validation,artifacts/melspecs/04/1195904.npy,128,1292
track_1195913,13/1195913.mp3,103.0,validation,artifacts/melspecs/13/1195913.npy,128,1292
track_1195914,14/1195914.mp3,65.7,validation,artifacts/melspecs/14/1195914.npy,128,1292
track_1195915,15/1195915.mp3,72.2,validation,artifacts/melspecs/15/1195915.npy,128,1292
track_1195916,16/1195916.mp3,119.2,validation,artifacts/melspecs/16/1195916.npy,128,1292
track_1195919,19/1195919.mp3,73.1,validation,artifacts/melspecs/19/1195919.npy,128,1292
track_1195920,20/1195920.mp3,104.7,validation,artifacts/melspecs/20/1195920.npy,128,1292
track_1195927,27/1195927.mp3,96.0,validation,artifacts/melspecs/27/1195927.npy,128,1292
track_1195933,33/1195933.mp3,77.0,validation,artifacts/melspecs/33/1195933.npy,128,1292
track_1195935,35/1195935.mp3,133.1,validation,artifacts/melspecs/35/1195935.npy,128,1292
track_1195937,37/1195937.mp3,99.6,validation,artifacts/melspecs/37/1195937.npy,128,1292
track_1195940,40/1195940.mp3,94.2,validation,artifacts/melspecs/40/1195940.npy,128,1292
track_1196203,03/1196203.mp3,148.8,validation,artifacts/melspecs/03/1196203.npy,128,1292
track_1196205,05/1196205.mp3,161.1,validation,artifacts/melspecs/05/1196205.npy,128,1292
track_1196206,06/1196206.mp3,356.0,validation,artifacts/melspecs/06/1196206.npy,128,1292
track_1196208,08/1196208.mp3,264.0,validation,artifacts/melspecs/08/1196208.npy,128,1292
track_1196209,09/1196209.mp3,252.0,validation,artifacts/melspecs/09/1196209.npy,128,1292
track_1203659,59/1203659.mp3,210.0,validation,artifacts/melspecs/59/1203659.npy,128,1292
track_1203672,72/1203672.mp3,200.0,validation,artifacts/melspecs/72/1203672.npy,128,1292
track_1209623,23/1209623.mp3,137.1,validation,artifacts/melspecs/23/1209623.npy,128,1292
track_1209625,25/1209625.mp3,136.3,validation,artifacts/melspecs/25/1209625.npy,128,1292
track_1209626,26/1209626.mp3,152.8,validation,artifacts/melspecs/26/1209626.npy,128,1292
track_1209628,28/1209628.mp3,84.9,validation,artifacts/melspecs/28/1209628.npy,128,1292
track_1209631,31/1209631.mp3,108.1,validation,artifacts/melspecs/31/1209631.npy,128,1292
track_1209634,34/1209634.mp3,32.0,validation,artifacts/melspecs/34/1209634.npy,128,1292
track_1209638,38/1209638.mp3,100.0,validation,artifacts/melspecs/38/1209638.npy,128,1292
track_1209640,40/1209640.mp3,30.9,validation,artifacts/melspecs/40/1209640.npy,128,1292
track_1209645,45/1209645.mp3,123.0,validation,artifacts/melspecs/45/1209645.npy,128,1292
track_1209646,46/1209646.mp3,124.9,validation,artifacts/melspecs/46/1209646.npy,128,1292
track_1209648,48/1209648.mp3,119.9,validation,artifacts/melspecs/48/1209648.npy,128,1292
track_1210594,94/1210594.mp3,400.6,validation,artifacts/melspecs/94/1210594.npy,128,1292
track_1210595,95/1210595.mp3,344.1,validation,artifacts/melspecs/95/1210595.npy,128,1292
track_1219697,97/1219697.mp3,199.3,validation,artifacts/melspecs/97/1219697.npy,128,1292
track_1219698,98/1219698.mp3,239.9,validation,artifacts/melspecs/98/1219698.npy,128,1292
track_1219701,01/1219701.mp3,124.6,validation,artifacts/melspecs/01/1219701.npy,128,1292
track_1219702,02/1219702.mp3,208.4,validation,artifacts/melspecs/02/1219702.npy,128,1292
track_1219878,78/1219878.mp3,115.6,validation,artifacts/melspecs/78/1219878.npy,128,1292
track_1221563,63/1221563.mp3,146.2,validation,artifacts/melspecs/63/1221563.npy,128,1292
track_1221564,64/1221564.mp3,168.3,validation,artifacts/melspecs/64/1221564.npy,128,1292
track_1221565,65/1221565.mp3,126.1,validation,artifacts/melspecs/65/1221565.npy,128,1292
track_1221583,83/1221583.mp3,124.6,validation,artifacts/melspecs/83/1221583.npy,128,1292
track_1221848,48/1221848.mp3,203.2,validation,artifacts/melspecs/48/1221848.npy,128,1292
track_1221852,52/1221852.mp3,187.3,validation,artifacts/melspecs/52/1221852.npy,128,1292
track_1221864,64/1221864.mp3,232.5,validation,artifacts/melspecs/64/1221864.npy,128,1292
track_1222778,78/1222778.mp3,82.8,validation,artifacts/melspecs/78/1222778.npy,128,1292
track_1222783,83/1222783.mp3,209.3,validation,artifacts/melspecs/83/1222783.npy,128,1292
track_1222847,47/1222847.mp3,120.2,validation,artifacts/melspecs/47/1222847.npy,128,1292
track_1222857,57/1222857.mp3,87.0,validation,artifacts/melspecs/57/1222857.npy,128,1292
track_1222860,60/1222860.mp3,106.2,validation,artifacts/melspecs/60/1222860.npy,128,1292
track_1222862,62/1222862.mp3,289.1,validation,artifacts/melspecs/62/1222862.npy,128,1292
track_1222864,64/1222864.mp3,322.0,validation,artifacts/melspecs/64/1222864.npy,128,1292
track_1222867,67/1222867.mp3,134.2,validation,artifacts/melspecs/67/1222867.npy,128,1292
track_1222868,68/1222868.mp3,362.9,validation,artifacts/melspecs/68/1222868.npy,128,1292
track_1222933,33/1222933.mp3,280.0,validation,artifacts/melspecs/33/1222933.npy,128,1292
track_1222934,34/1222934.mp3,330.0,validation,artifacts/melspecs/34/1222934.npy,128,1292
track_1223074,74/1223074.mp3,127.9,validation,artifacts/melspecs/74/1223074.npy,128,1292
track_1223147,47/1223147.mp3,196.0,validation,artifacts/melspecs/47/1223147.npy,128,1292
track_1224660,60/1224660.mp3,89.8,validation,artifacts/melspecs/60/1224660.npy,128,1292
track_1224661,61/1224661.mp3,89.0,validation,artifacts/melspecs/61/1224661.npy,128,1292
track_1224662,62/1224662.mp3,464.2,validation,artifacts/melspecs/62/1224662.npy,128,1292
track_1224761,61/1224761.mp3,142.7,validation,artifacts/melspecs/61/1224761.npy,128,1292
track_1228239,39/1228239.mp3,126.1,validation,artifacts/melspecs/39/1228239.npy,128,1292
track_1229310,10/1229310.mp3,240.0,validation,artifacts/melspecs/10/1229310.npy,128,1292
track_1229418,18/1229418.mp3,203.8,validation,artifacts/melspecs/18/1229418.npy,128,1292
track_1229963,63/1229963.mp3,247.4,validation,artifacts/melspecs/63/1229963.npy,128,1292
track_1234069,69/1234069.mp3,315.0,validation,artifacts/melspecs/69/1234069.npy,128,1292
track_1235672,72/1235672.mp3,256.3,validation,artifacts/melspecs/72/1235672.npy,128,1292
track_1235674,74/1235674.mp3,261.0,validation,artifacts/melspecs/74/1235674.npy,128,1292
track_1235676,76/1235676.mp3,288.7,validation,artifacts/melspecs/76/1235676.npy,128,1292
track_1235792,92/1235792.mp3,248.1,validation,artifacts/melspecs/92/1235792.npy,128,1292
track_1235794,94/1235794.mp3,269.5,validation,artifacts/melspecs/94/1235794.npy,128,1292
track_1236105,05/1236105.mp3,138.0,validation,artifacts/melspecs/05/1236105.npy,128,1292
track_1236106,06/1236106.mp3,144.2,validation,artifacts/melspecs/06/1236106.npy,128,1292
track_1236108,08/1236108.mp3,108.8,validation,artifacts/melspecs/08/1236108.npy,128,1292
track_1236109,09/1236109.mp3,104.0,validation,artifacts/melspecs/09/1236109.npy,128,1292
track_1236110,10/1236110.mp3,124.9,validation,artifacts/melspecs/10/1236110.npy,128,1292
track_1236111,11/1236111.mp3,131.2,validation,artifacts/melspecs/11/1236111.npy,128,1292
track_1236112,12/1236112.mp3,141.5,validation,artifacts/melspecs/12/1236112.npy,128,1292
track_1236113,13/1236113.mp3,146.3,validation,artifacts/melspecs/13/1236113.npy,128,1292
track_1236321,21/1236321.mp3,207.3,validation,artifacts/melspecs/21/1236321.npy,128,1292
track_1236323,23/1236323.mp3,187.6,validation,artifacts/melspecs/23/1236323.npy,128,1292
track_1237333,33/1237333.mp3,176.2,validation,artifacts/melspecs/33/1237333.npy,128,1292
track_1237336,36/1237336.mp3,240.1,validation,artifacts/melspecs/36/1237336.npy,128,1292
track_1243717,17/1243717.mp3,222.7,validation,artifacts/melspecs/17/1243717.npy,128,1292
track_1243718,18/1243718.mp3,157.3,validation,artifacts/melspecs/18/1243718.npy,128,1292
track_1243720,20/1243720.mp3,185.2,validation,artifacts/melspecs/20/1243720.npy,128,1292
track_1243729,29/1243729.mp3,198.7,validation,artifacts/melspecs/29/1243729.npy,128,1292
track_1243731,31/1243731.mp3,144.0,validation,artifacts/melspecs/31/1243731.npy,128,1292
track_1243741,41/1243741.mp3,198.9,validation,artifacts/melspecs/41/1243741.npy,128,1292
track_1244445,45/1244445.mp3,268.4,validation,artifacts/melspecs/45/1244445.npy,128,1292
track_1244465,65/1244465.mp3,401.9,validation,artifacts/melspecs/65/1244465.npy,128,1292
track_1245155,55/1245155.mp3,40.0,validation,artifacts/melspecs/55/1245155.npy,128,1292
track_1245720,20/1245720.mp3,370.2,validation,artifacts/melspecs/20/1245720.npy,128,1292
track_1246352,52/1246352.mp3,181.0,validation,artifacts/melspecs/52/1246352.npy,128,1292
track_1246827,27/1246827.mp3,264.0,validation,artifacts/melspecs/27/1246827.npy,128,1292
track_1246828,28/1246828.mp3,146.1,validation,artifacts/melspecs/28/1246828.npy,128,1292
track_1246831,31/1246831.mp3,105.2,validation,artifacts/melspecs/31/1246831.npy,128,1292
track_1246832,32/1246832.mp3,180.0,validation,artifacts/melspecs/32/1246832.npy,128,1292
track_1246833,33/1246833.mp3,112.0,validation,artifacts/melspecs/33/1246833.npy,128,1292
track_1247308,08/1247308.mp3,307.2,validation,artifacts/melspecs/08/1247308.npy,128,1292
track_1247374,74/1247374.mp3,253.8,validation,artifacts/melspecs/74/1247374.npy,128,1292
track_1248247,47/1248247.mp3,194.0,validation,artifacts/melspecs/47/1248247.npy,128,1292
track_1248253,53/1248253.mp3,225.0,validation,artifacts/melspecs/53/1248253.npy,128,1292
track_1248254,54/1248254.mp3,156.8,validation,artifacts/melspecs/54/1248254.npy,128,1292
track_1248256,56/1248256.mp3,171.5,validation,artifacts/melspecs/56/1248256.npy,128,1292
track_1248257,57/1248257.mp3,168.0,validation,artifacts/melspecs/57/1248257.npy,128,1292
track_1248258,58/1248258.mp3,135.5,validation,artifacts/melspecs/58/1248258.npy,128,1292
track_1248263,63/1248263.mp3,208.8,validation,artifacts/melspecs/63/1248263.npy,128,1292
track_1248272,72/1248272.mp3,226.3,validation,artifacts/melspecs/72/1248272.npy,128,1292
track_1248274,74/1248274.mp3,191.0,validation,artifacts/melspecs/74/1248274.npy,128,1292
track_1248276,76/1248276.mp3,176.7,validation,artifacts/melspecs/76/1248276.npy,128,1292
track_1248278,78/1248278.mp3,165.7,validation,artifacts/melspecs/78/1248278.npy,128,1292
track_1248600,00/1248600.mp3,225.7,validation,artifacts/melspecs/00/1248600.npy,128,1292
track_1248601,01/1248601.mp3,185.2,validation,artifacts/melspecs/01/1248601.npy,128,1292
track_1248603,03/1248603.mp3,157.3,validation,artifacts/melspecs/03/1248603.npy,128,1292
track_1248606,06/1248606.mp3,144.0,validation,artifacts/melspecs/06/1248606.npy,128,1292
track_1248609,09/1248609.mp3,111.9,validation,artifacts/melspecs/09/1248609.npy,128,1292
track_1248611,11/1248611.mp3,198.7,validation,artifacts/melspecs/11/1248611.npy,128,1292
track_1248617,17/1248617.mp3,198.9,validation,artifacts/melspecs/17/1248617.npy,128,1292
track_1248618,18/1248618.mp3,170.9,validation,artifacts/melspecs/18/1248618.npy,128,1292
track_1248623,23/1248623.mp3,155.8,validation,artifacts/melspecs/23/1248623.npy,128,1292
track_1253257,57/1253257.mp3,330.1,validation,artifacts/melspecs/57/1253257.npy,128,1292
track_1253818,18/1253818.mp3,32.0,validation,artifacts/melspecs/18/1253818.npy,128,1292
track_1253819,19/1253819.mp3,34.0,validation,artifacts/melspecs/19/1253819.npy,128,1292
track_1255622,22/1255622.mp3,252.0,validation,artifacts/melspecs/22/1255622.npy,128,1292
track_1255638,38/1255638.mp3,225.3,validation,artifacts/melspecs/38/1255638.npy,128,1292
track_1255639,39/1255639.mp3,317.4,validation,artifacts/melspecs/39/1255639.npy,128,1292
track_1255642,42/1255642.mp3,281.9,validation,artifacts/melspecs/42/1255642.npy,128,1292
track_1255644,44/1255644.mp3,224.0,validation,artifacts/melspecs/44/1255644.npy,128,1292
track_1255645,45/1255645.mp3,328.0,validation,artifacts/melspecs/45/1255645.npy,128,1292
track_1258578,78/1258578.mp3,299.1,validation,artifacts/melspecs/78/1258578.npy,128,1292
track_1258976,76/1258976.mp3,228.6,validation,artifacts/melspecs/76/1258976.npy,128,1292
track_1268048,48/1268048.mp3,166.1,validation,artifacts/melspecs/48/1268048.npy,128,1292
track_1268057,57/1268057.mp3,87.0,validation,artifacts/melspecs/57/1268057.npy,128,1292
track_1268077,77/1268077.mp3,90.7,validation,artifacts/melspecs/77/1268077.npy,128,1292
track_1268084,84/1268084.mp3,60.8,validation,artifacts/melspecs/84/1268084.npy,128,1292
track_1268460,60/1268460.mp3,222.6,validation,artifacts/melspecs/60/1268460.npy,128,1292
track_1271619,19/1271619.mp3,33.0,validation,artifacts/melspecs/19/1271619.npy,128,1292
track_1271622,22/1271622.mp3,31.0,validation,artifacts/melspecs/22/1271622.npy,128,1292
track_1274420,20/1274420.mp3,374.3,validation,artifacts/melspecs/20/1274420.npy,128,1292
track_1278069,69/1278069.mp3,433.2,validation,artifacts/melspecs/69/1278069.npy,128,1292
track_1278253,53/1278253.mp3,164.0,validation,artifacts/melspecs/53/1278253.npy,128,1292
track_1280420,20/1280420.mp3,290.5,validation,artifacts/melspecs/20/1280420.npy,128,1292
track_1281242,42/1281242.mp3,200.0,validation,artifacts/melspecs/42/1281242.npy,128,1292
track_1281244,44/1281244.mp3,237.1,validation,artifacts/melspecs/44/1281244.npy,128,1292
track_1281245,45/1281245.mp3,196.8,validation,artifacts/melspecs/45/1281245.npy,128,1292
track_1281246,46/1281246.mp3,206.5,validation,artifacts/melspecs/46/1281246.npy,128,1292
track_1281247,47/1281247.mp3,257.9,validation,artifacts/melspecs/47/1281247.npy,128,1292
track_1281248,48/1281248.mp3,195.8,validation,artifacts/melspecs/48/1281248.npy,128,1292
track_1281389,89/1281389.mp3,157.4,validation,artifacts/melspecs/89/1281389.npy,128,1292
track_1285787,87/1285787.mp3,228.1,validation,artifacts/melspecs/87/1285787.npy,128,1292
track_1288103,03/1288103.mp3,178.6,validation,artifacts/melspecs/03/1288103.npy,128,1292
track_1288424,24/1288424.mp3,516.0,validation,artifacts/melspecs/24/1288424.npy,128,1292
track_1291146,46/1291146.mp3,220.1,validation,artifacts/melspecs/46/1291146.npy,128,1292
track_1291482,82/1291482.mp3,104.5,validation,artifacts/melspecs/82/1291482.npy,128,1292
track_1297357,57/1297357.mp3,225.0,validation,artifacts/melspecs/57/1297357.npy,128,1292
track_1301827,27/1301827.mp3,292.0,validation,artifacts/melspecs/27/1301827.npy,128,1292
track_1302668,68/1302668.mp3,238.2,validation,artifacts/melspecs/68/1302668.npy,128,1292
track_1302671,71/1302671.mp3,157.3,validation,artifacts/melspecs/71/1302671.npy,128,1292
track_1302674,74/1302674.mp3,151.2,validation,artifacts/melspecs/74/1302674.npy,128,1292
track_1302675,75/1302675.mp3,181.6,validation,artifacts/melspecs/75/1302675.npy,128,1292
track_1302678,78/1302678.mp3,208.6,validation,artifacts/melspecs/78/1302678.npy,128,1292
track_1305479,79/1305479.mp3,180.0,validation,artifacts/melspecs/79/1305479.npy,128,1292
track_1305637,37/1305637.mp3,384.6,validation,artifacts/melspecs/37/1305637.npy,128,1292
track_1307829,29/1307829.mp3,235.2,validation,artifacts/melspecs/29/1307829.npy,128,1292
track_1310346,46/1310346.mp3,192.0,validation,artifacts/melspecs/46/1310346.npy,128,1292
track_1310656,56/1310656.mp3,246.1,validation,artifacts/melspecs/56/1310656.npy,128,1292
track_1315836,36/1315836.mp3,298.9,validation,artifacts/melspecs/36/1315836.npy,128,1292
track_1316274,74/1316274.mp3,218.4,validation,artifacts/melspecs/74/1316274.npy,128,1292
track_1316280,80/1316280.mp3,154.1,validation,artifacts/melspecs/80/1316280.npy,128,1292
track_1316281,81/1316281.mp3,157.8,validation,artifacts/melspecs/81/1316281.npy,128,1292
track_1316284,84/1316284.mp3,196.2,validation,artifacts/melspecs/84/1316284.npy,128,1292
track_1316651,51/1316651.mp3,208.7,validation,artifacts/melspecs/51/1316651.npy,128,1292
track_1319991,91/1319991.mp3,156.3,validation,artifacts/melspecs/91/1319991.npy,128,1292
track_1319992,92/1319992.mp3,108.5,validation,artifacts/melspecs/92/1319992.npy,128,1292
track_1319993,93/1319993.mp3,149.4,validation,artifacts/melspecs/93/1319993.npy,128,1292
track_1319994,94/1319994.mp3,163.8,validation,artifacts/melspecs/94/1319994.npy,128,1292
track_1319995,95/1319995.mp3,183.7,validation,artifacts/melspecs/95/1319995.npy,128,1292
track_1319996,96/1319996.mp3,125.0,validation,artifacts/melspecs/96/1319996.npy,128,1292
track_1319997,97/1319997.mp3,115.6,validation,artifacts/melspecs/97/1319997.npy,128,1292
track_1319998,98/1319998.mp3,143.7,validation,artifacts/melspecs/98/1319998.npy,128,1292
track_1319999,99/1319999.mp3,173.3,validation,artifacts/melspecs/99/1319999.npy,128,1292
track_1320000,00/1320000.mp3,138.8,validation,artifacts/melspecs/00/1320000.npy,128,1292
track_1320001,01/1320001.mp3,140.8,validation,artifacts/melspecs/01/1320001.npy,128,1292
track_1320002,02/1320002.mp3,147.0,validation,artifacts/melspecs/02/1320002.npy,128,1292
track_1320003,03/1320003.mp3,71.7,validation,artifacts/melspecs/03/1320003.npy,128,1292
track_1320004,04/1320004.mp3,158.2,validation,artifacts/melspecs/04/1320004.npy,128,1292
track_1320005,05/1320005.mp3,121.5,validation,artifacts/melspecs/05/1320005.npy,128,1292
track_1320006,06/1320006.mp3,118.7,validation,artifacts/melspecs/06/1320006.npy,128,1292
track_1320007,07/1320007.mp3,162.0,validation,artifacts/melspecs/07/1320007.npy,128,1292
track_1320008,08/1320008.mp3,141.9,validation,artifacts/melspecs/08/1320008.npy,128,1292
track_1320009,09/1320009.mp3,185.8,validation,artifacts/melspecs/09/1320009.npy,128,1292
track_1320010,10/1320010.mp3,182.2,validation,artifacts/melspecs/10/1320010.npy,128,1292
track_1320011,11/1320011.mp3,165.4,validation,artifacts/melspecs/11/1320011.npy,128,1292
track_1320012,12/1320012.mp3,114.5,validation,artifacts/melspecs/12/1320012.npy,128,1292
track_1320013,13/1320013.mp3,166.4,validation,artifacts/melspecs/13/1320013.npy,128,1292
track_1320014,14/1320014.mp3,201.6,validation,artifacts/melspecs/14/1320014.npy,128,1292
track_1320015,15/1320015.mp3,148.1,validation,artifacts/melspecs/15/1320015.npy,128,1292
track_1320016,16/1320016.mp3,155.3,validation,artifacts/melspecs/16/1320016.npy,128,1292
track_1320017,17/1320017.mp3,159.1,validation,artifacts/melspecs/17/1320017.npy,128,1292
track_1320018,18/1320018.mp3,217.8,validation,artifacts/melspecs/18/1320018.npy,128,1292
track_1320019,19/1320019.mp3,151.0,validation,artifacts/melspecs/19/1320019.npy,128,1292
track_1320020,20/1320020.mp3,156.3,validation,artifacts/melspecs/20/1320020.npy,128,1292
track_1320021,21/1320021.mp3,141.4,validation,artifacts/melspecs/21/1320021.npy,128,1292
track_1320022,22/1320022.mp3,138.4,validation,artifacts/melspecs/22/1320022.npy,128,1292
track_1320023,23/1320023.mp3,79.8,validation,artifacts/melspecs/23/1320023.npy,128,1292
track_1320024,24/1320024.mp3,170.7,validation,artifacts/melspecs/24/1320024.npy,128,1292
track_1320025,25/1320025.mp3,242.8,validation,artifacts/melspecs/25/1320025.npy,128,1292
track_1320026,26/1320026.mp3,104.4,validation,artifacts/melspecs/26/1320026.npy,128,1292
track_1320027,27/1320027.mp3,157.4,validation,artifacts/melspecs/27/1320027.npy,128,1292
track_1320028,28/1320028.mp3,158.1,validation,artifacts/melspecs/28/1320028.npy,128,1292
track_1320029,29/1320029.mp3,153.8,validation,artifacts/melspecs/29/1320029.npy,128,1292
track_1320030,30/1320030.mp3,124.3,validation,artifacts/melspecs/30/1320030.npy,128,1292
track_1320031,31/1320031.mp3,190.1,validation,artifacts/melspecs/31/1320031.npy,128,1292
track_1320859,59/1320859.mp3,276.4,validation,artifacts/melspecs/59/1320859.npy,128,1292
track_1320935,35/1320935.mp3,147.0,validation,artifacts/melspecs/35/1320935.npy,128,1292
track_1320948,48/1320948.mp3,134.0,validation,artifacts/melspecs/48/1320948.npy,128,1292
track_1320952,52/1320952.mp3,280.0,validation,artifacts/melspecs/52/1320952.npy,128,1292
track_1321707,07/1321707.mp3,392.7,validation,artifacts/melspecs/07/1321707.npy,128,1292
track_1321708,08/1321708.mp3,190.5,validation,artifacts/melspecs/08/1321708.npy,128,1292
track_1321709,09/1321709.mp3,472.6,validation,artifacts/melspecs/09/1321709.npy,128,1292
track_1321710,10/1321710.mp3,291.9,validation,artifacts/melspecs/10/1321710.npy,128,1292
track_1321711,11/1321711.mp3,442.5,validation,artifacts/melspecs/11/1321711.npy,128,1292
track_1321712,12/1321712.mp3,383.6,validation,artifacts/melspecs/12/1321712.npy,128,1292
track_1321713,13/1321713.mp3,409.5,validation,artifacts/melspecs/13/1321713.npy,128,1292
track_1321714,14/1321714.mp3,343.5,validation,artifacts/melspecs/14/1321714.npy,128,1292
track_1321715,15/1321715.mp3,434.1,validation,artifacts/melspecs/15/1321715.npy,128,1292
track_1321716,16/1321716.mp3,405.1,validation,artifacts/melspecs/16/1321716.npy,128,1292
track_1321717,17/1321717.mp3,323.0,validation,artifacts/melspecs/17/1321717.npy,128,1292
track_1321718,18/1321718.mp3,401.3,validation,artifacts/melspecs/18/1321718.npy,128,1292
track_1321719,19/1321719.mp3,30.1,validation,artifacts/melspecs/19/1321719.npy,128,1292
track_1321720,20/1321720.mp3,288.1,validation,artifacts/melspecs/20/1321720.npy,128,1292
track_1321722,22/1321722.mp3,411.0,validation,artifacts/melspecs/22/1321722.npy,128,1292
track_1321723,23/1321723.mp3,677.5,validation,artifacts/melspecs/23/1321723.npy,128,1292
track_1321724,24/1321724.mp3,429.7,validation,artifacts/melspecs/24/1321724.npy,128,1292
track_1321725,25/1321725.mp3,414.8,validation,artifacts/melspecs/25/1321725.npy,128,1292
track_1321726,26/1321726.mp3,395.5,validation,artifacts/melspecs/26/1321726.npy,128,1292
track_1321727,27/1321727.mp3,276.2,validation,artifacts/melspecs/27/1321727.npy,128,1292
track_1321728,28/1321728.mp3,453.2,validation,artifacts/melspecs/28/1321728.npy,128,1292
track_1321729,29/1321729.mp3,480.4,validation,artifacts/melspecs/29/1321729.npy,128,1292
track_1321730,30/1321730.mp3,350.7,validation,artifacts/melspecs/30/1321730.npy,128,1292
track_1321731,31/1321731.mp3,339.7,validation,artifacts/melspecs/31/1321731.npy,128,1292
track_1321732,32/1321732.mp3,479.6,validation,artifacts/melspecs/32/1321732.npy,128,1292
track_1321733,33/1321733.mp3,276.6,validation,artifacts/melspecs/33/1321733.npy,128,1292
track_1321734,34/1321734.mp3,84.1,validation,artifacts/melspecs/34/1321734.npy,128,1292
track_1321735,35/1321735.mp3,375.2,validation,artifacts/melspecs/35/1321735.npy,128,1292
track_1321736,36/1321736.mp3,468.4,validation,artifacts/melspecs/36/1321736.npy,128,1292
track_1321737,37/1321737.mp3,406.4,validation,artifacts/melspecs/37/1321737.npy,128,1292
track_1321738,38/1321738.mp3,255.1,validation,artifacts/melspecs/38/1321738.npy,128,1292
track_1321739,39/1321739.mp3,473.7,validation,artifacts/melspecs/39/1321739.npy,128,1292
track_1321740,40/1321740.mp3,412.8,validation,artifacts/melspecs/40/1321740.npy,128,1292
track_1321741,41/1321741.mp3,350.0,validation,artifacts/melspecs/41/1321741.npy,128,1292
track_1321742,42/1321742.mp3,395.8,validation,artifacts/melspecs/42/1321742.npy,128,1292
track_1321743,43/1321743.mp3,386.3,validation,artifacts/melspecs/43/1321743.npy,128,1292
track_1321744,44/1321744.mp3,295.5,validation,artifacts/melspecs/44/1321744.npy,128,1292
track_1321745,45/1321745.mp3,199.8,validation,artifacts/melspecs/45/1321745.npy,128,1292
track_1321746,46/1321746.mp3,281.8,validation,artifacts/melspecs/46/1321746.npy,128,1292
track_1323014,14/1323014.mp3,251.0,validation,artifacts/melspecs/14/1323014.npy,128,1292
track_1323796,96/1323796.mp3,303.4,validation,artifacts/melspecs/96/1323796.npy,128,1292
track_1323797,97/1323797.mp3,433.6,validation,artifacts/melspecs/97/1323797.npy,128,1292
track_1323799,99/1323799.mp3,318.2,validation,artifacts/melspecs/99/1323799.npy,128,1292
track_1328505,05/1328505.mp3,232.5,validation,artifacts/melspecs/05/1328505.npy,128,1292
track_1328507,07/1328507.mp3,232.5,validation,artifacts/melspecs/07/1328507.npy,128,1292
track_1330193,93/1330193.mp3,448.1,validation,artifacts/melspecs/93/1330193.npy,128,1292
track_1330194,94/1330194.mp3,298.8,validation,artifacts/melspecs/94/1330194.npy,128,1292
track_1330195,95/1330195.mp3,249.9,validation,artifacts/melspecs/95/1330195.npy,128,1292
track_1330198,98/1330198.mp3,262.2,validation,artifacts/melspecs/98/1330198.npy,128,1292
track_1330199,99/1330199.mp3,326.9,validation,artifacts/melspecs/99/1330199.npy,128,1292
track_1331776,76/1331776.mp3,220.0,validation,artifacts/melspecs/76/1331776.npy,128,1292
track_1331963,63/1331963.mp3,250.0,validation,artifacts/melspecs/63/1331963.npy,128,1292
track_1331964,64/1331964.mp3,170.0,validation,artifacts/melspecs/64/1331964.npy,128,1292
track_1333681,81/1333681.mp3,240.0,validation,artifacts/melspecs/81/1333681.npy,128,1292
track_1334551,51/1334551.mp3,397.3,validation,artifacts/melspecs/51/1334551.npy,128,1292
track_1334552,52/1334552.mp3,207.4,validation,artifacts/melspecs/52/1334552.npy,128,1292
track_1334553,53/1334553.mp3,302.8,validation,artifacts/melspecs/53/1334553.npy,128,1292
track_1334554,54/1334554.mp3,265.0,validation,artifacts/melspecs/54/1334554.npy,128,1292
track_1334555,55/1334555.mp3,664.0,validation,artifacts/melspecs/55/1334555.npy,128,1292
track_1334556,56/1334556.mp3,356.3,validation,artifacts/melspecs/56/1334556.npy,128,1292
track_1334557,57/1334557.mp3,343.2,validation,artifacts/melspecs/57/1334557.npy,128,1292
track_1334558,58/1334558.mp3,416.3,validation,artifacts/melspecs/58/1334558.npy,128,1292
track_1336283,83/1336283.mp3,225.0,validation,artifacts/melspecs/83/1336283.npy,128,1292
track_1336287,87/1336287.mp3,244.0,validation,artifacts/melspecs/87/1336287.npy,128,1292
track_1338394,94/1338394.mp3,142.3,validation,artifacts/melspecs/94/1338394.npy,128,1292
track_1338396,96/1338396.mp3,247.5,validation,artifacts/melspecs/96/1338396.npy,128,1292
track_1338398,98/1338398.mp3,182.9,validation,artifacts/melspecs/98/1338398.npy,128,1292
track_1339087,87/1339087.mp3,118.3,validation,artifacts/melspecs/87/1339087.npy,128,1292
track_1339143,43/1339143.mp3,181.1,validation,artifacts/melspecs/43/1339143.npy,128,1292
track_1339227,27/1339227.mp3,169.6,validation,artifacts/melspecs/27/1339227.npy,128,1292
track_1339233,33/1339233.mp3,170.0,validation,artifacts/melspecs/33/1339233.npy,128,1292
track_1339236,36/1339236.mp3,163.5,validation,artifacts/melspecs/36/1339236.npy,128,1292
track_1339250,50/1339250.mp3,136.6,validation,artifacts/melspecs/50/1339250.npy,128,1292
track_1339317,17/1339317.mp3,140.4,validation,artifacts/melspecs/17/1339317.npy,128,1292
track_1339318,18/1339318.mp3,144.1,validation,artifacts/melspecs/18/1339318.npy,128,1292
track_1339319,19/1339319.mp3,203.2,validation,artifacts/melspecs/19/1339319.npy,128,1292
track_1339320,20/1339320.mp3,192.1,validation,artifacts/melspecs/20/1339320.npy,128,1292
track_1339444,44/1339444.mp3,211.9,validation,artifacts/melspecs/44/1339444.npy,128,1292
track_1339446,46/1339446.mp3,380.5,validation,artifacts/melspecs/46/1339446.npy,128,1292
track_1340278,78/1340278.mp3,164.3,validation,artifacts/melspecs/78/1340278.npy,128,1292
track_1340327,27/1340327.mp3,147.2,validation,artifacts/melspecs/27/1340327.npy,128,1292
track_1340328,28/1340328.mp3,229.0,validation,artifacts/melspecs/28/1340328.npy,128,1292
track_1340329,29/1340329.mp3,256.1,validation,artifacts/melspecs/29/1340329.npy,128,1292
track_1343434,34/1343434.mp3,414.4,validation,artifacts/melspecs/34/1343434.npy,128,1292
track_1343436,36/1343436.mp3,416.3,validation,artifacts/melspecs/36/1343436.npy,128,1292
track_1343549,49/1343549.mp3,363.8,validation,artifacts/melspecs/49/1343549.npy,128,1292
track_1346563,63/1346563.mp3,251.7,validation,artifacts/melspecs/63/1346563.npy,128,1292
track_1346564,64/1346564.mp3,197.9,validation,artifacts/melspecs/64/1346564.npy,128,1292
track_1346565,65/1346565.mp3,401.5,validation,artifacts/melspecs/65/1346565.npy,128,1292
track_1346566,66/1346566.mp3,384.0,validation,artifacts/melspecs/66/1346566.npy,128,1292
track_1346571,71/1346571.mp3,282.2,validation,artifacts/melspecs/71/1346571.npy,128,1292
track_1346670,70/1346670.mp3,268.0,validation,artifacts/melspecs/70/1346670.npy,128,1292
track_1346672,72/1346672.mp3,580.7,validation,artifacts/melspecs/72/1346672.npy,128,1292
track_1346673,73/1346673.mp3,260.6,validation,artifacts/melspecs/73/1346673.npy,128,1292
track_1346677,77/1346677.mp3,436.8,validation,artifacts/melspecs/77/1346677.npy,128,1292
track_1348055,55/1348055.mp3,75.3,validation,artifacts/melspecs/55/1348055.npy,128,1292
track_1348085,85/1348085.mp3,273.9,validation,artifacts/melspecs/85/1348085.npy,128,1292
track_1348091,91/1348091.mp3,122.9,validation,artifacts/melspecs/91/1348091.npy,128,1292
track_1348095,95/1348095.mp3,55.9,validation,artifacts/melspecs/95/1348095.npy,128,1292
track_1348602,02/1348602.mp3,320.1,validation,artifacts/melspecs/02/1348602.npy,128,1292
track_1348658,58/1348658.mp3,290.0,validation,artifacts/melspecs/58/1348658.npy,128,1292
track_1348664,64/1348664.mp3,223.0,validation,artifacts/melspecs/64/1348664.npy,128,1292
track_1349931,31/1349931.mp3,228.2,validation,artifacts/melspecs/31/1349931.npy,128,1292
track_1352822,22/1352822.mp3,55.6,validation,artifacts/melspecs/22/1352822.npy,128,1292
track_1352849,49/1352849.mp3,619.9,validation,artifacts/melspecs/49/1352849.npy,128,1292
track_1352850,50/1352850.mp3,624.6,validation,artifacts/melspecs/50/1352850.npy,128,1292
track_1353670,70/1353670.mp3,77.0,validation,artifacts/melspecs/70/1353670.npy,128,1292
track_1357549,49/1357549.mp3,93.9,validation,artifacts/melspecs/49/1357549.npy,128,1292
track_1361381,81/1361381.mp3,107.0,validation,artifacts/melspecs/81/1361381.npy,128,1292
track_1361384,84/1361384.mp3,110.0,validation,artifacts/melspecs/84/1361384.npy,128,1292
track_1361569,69/1361569.mp3,103.0,validation,artifacts/melspecs/69/1361569.npy,128,1292
track_1361571,71/1361571.mp3,105.0,validation,artifacts/melspecs/71/1361571.npy,128,1292
track_1361677,77/1361677.mp3,340.8,validation,artifacts/melspecs/77/1361677.npy,128,1292
track_1361698,98/1361698.mp3,522.8,validation,artifacts/melspecs/98/1361698.npy,128,1292
track_1361870,70/1361870.mp3,441.8,validation,artifacts/melspecs/70/1361870.npy,128,1292
track_1362268,68/1362268.mp3,54.9,validation,artifacts/melspecs/68/1362268.npy,128,1292
track_1362282,82/1362282.mp3,30.0,validation,artifacts/melspecs/82/1362282.npy,128,1292
track_1362730,30/1362730.mp3,235.2,validation,artifacts/melspecs/30/1362730.npy,128,1292
track_1364318,18/1364318.mp3,264.6,validation,artifacts/melspecs/18/1364318.npy,128,1292
track_1364321,21/1364321.mp3,264.6,validation,artifacts/melspecs/21/1364321.npy,128,1292
track_1368942,42/1368942.mp3,201.0,validation,artifacts/melspecs/42/1368942.npy,128,1292
track_1368945,45/1368945.mp3,256.0,validation,artifacts/melspecs/45/1368945.npy,128,1292
track_1368948,48/1368948.mp3,180.0,validation,artifacts/melspecs/48/1368948.npy,128,1292
track_1368951,51/1368951.mp3,300.0,validation,artifacts/melspecs/51/1368951.npy,128,1292
track_1368954,54/1368954.mp3,217.0,validation,artifacts/melspecs/54/1368954.npy,128,1292
track_1368958,58/1368958.mp3,164.0,validation,artifacts/melspecs/58/1368958.npy,128,1292
track_1368962,62/1368962.mp3,73.7,validation,artifacts/melspecs/62/1368962.npy,128,1292
track_1368964,64/1368964.mp3,210.0,validation,artifacts/melspecs/64/1368964.npy,128,1292
track_1368969,69/1368969.mp3,70.0,validation,artifacts/melspecs/69/1368969.npy,128,1292
track_1368970,70/1368970.mp3,304.0,validation,artifacts/melspecs/70/1368970.npy,128,1292
track_1371056,56/1371056.mp3,312.0,validation,artifacts/melspecs/56/1371056.npy,128,1292
track_1371808,08/1371808.mp3,221.7,validation,artifacts/melspecs/08/1371808.npy,128,1292
track_1371972,72/1371972.mp3,204.5,validation,artifacts/melspecs/72/1371972.npy,128,1292
track_1371975,75/1371975.mp3,159.3,validation,artifacts/melspecs/75/1371975.npy,128,1292
track_1371977,77/1371977.mp3,275.7,validation,artifacts/melspecs/77/1371977.npy,128,1292
track_1371978,78/1371978.mp3,167.3,validation,artifacts/melspecs/78/1371978.npy,128,1292
track_1372030,30/1372030.mp3,205.8,validation,artifacts/melspecs/30/1372030.npy,128,1292
track_1379224,24/1379224.mp3,313.1,validation,artifacts/melspecs/24/1379224.npy,128,1292
track_1381133,33/1381133.mp3,287.2,validation,artifacts/melspecs/33/1381133.npy,128,1292
track_1381650,50/1381650.mp3,132.6,validation,artifacts/melspecs/50/1381650.npy,128,1292
track_1381652,52/1381652.mp3,134.1,validation,artifacts/melspecs/52/1381652.npy,128,1292
track_1387997,97/1387997.mp3,161.2,validation,artifacts/melspecs/97/1387997.npy,128,1292
track_1388002,02/1388002.mp3,323.0,validation,artifacts/melspecs/02/1388002.npy,128,1292
track_1389459,59/1389459.mp3,113.4,validation,artifacts/melspecs/59/1389459.npy,128,1292
track_1389460,60/1389460.mp3,106.4,validation,artifacts/melspecs/60/1389460.npy,128,1292
track_1389462,62/1389462.mp3,98.2,validation,artifacts/melspecs/62/1389462.npy,128,1292
track_1390345,45/1390345.mp3,306.9,validation,artifacts/melspecs/45/1390345.npy,128,1292
track_1392592,92/1392592.mp3,108.1,validation,artifacts/melspecs/92/1392592.npy,128,1292
track_1394981,81/1394981.mp3,155.8,validation,artifacts/melspecs/81/1394981.npy,128,1292
track_1396501,01/1396501.mp3,160.8,validation,artifacts/melspecs/01/1396501.npy,128,1292
track_1396502,02/1396502.mp3,141.9,validation,artifacts/melspecs/02/1396502.npy,128,1292
track_1396986,86/1396986.mp3,385.0,validation,artifacts/melspecs/86/1396986.npy,128,1292
track_1396989,89/1396989.mp3,373.0,validation,artifacts/melspecs/89/1396989.npy,128,1292
track_1396990,90/1396990.mp3,236.7,validation,artifacts/melspecs/90/1396990.npy,128,1292
track_1396996,96/1396996.mp3,234.0,validation,artifacts/melspecs/96/1396996.npy,128,1292
track_1397015,15/1397015.mp3,207.9,validation,artifacts/melspecs/15/1397015.npy,128,1292
track_1399795,95/1399795.mp3,266.9,validation,artifacts/melspecs/95/1399795.npy,128,1292
track_1399796,96/1399796.mp3,297.6,validation,artifacts/melspecs/96/1399796.npy,128,1292
track_1399799,99/1399799.mp3,236.9,validation,artifacts/melspecs/99/1399799.npy,128,1292
track_1403262,62/1403262.mp3,56.9,validation,artifacts/melspecs/62/1403262.npy,128,1292
track_1403263,63/1403263.mp3,104.9,validation,artifacts/melspecs/63/1403263.npy,128,1292
track_1404918,18/1404918.mp3,140.9,validation,artifacts/melspecs/18/1404918.npy,128,1292
track_1404966,66/1404966.mp3,108.0,validation,artifacts/melspecs/66/1404966.npy,128,1292
track_1407371,71/1407371.mp3,69.6,validation,artifacts/melspecs/71/1407371.npy,128,1292
track_1407372,72/1407372.mp3,44.4,validation,artifacts/melspecs/72/1407372.npy,128,1292
track_1407550,50/1407550.mp3,72.0,validation,artifacts/melspecs/50/1407550.npy,128,1292
track_1407552,52/1407552.mp3,32.0,validation,artifacts/melspecs/52/1407552.npy,128,1292
track_1407553,53/1407553.mp3,64.0,validation,artifacts/melspecs/53/1407553.npy,128,1292
track_1407652,52/1407652.mp3,46.1,validation,artifacts/melspecs/52/1407652.npy,128,1292
track_1407655,55/1407655.mp3,63.9,validation,artifacts/melspecs/55/1407655.npy,128,1292
track_1407656,56/1407656.mp3,46.1,validation,artifacts/melspecs/56/1407656.npy,128,1292
track_1407657,57/1407657.mp3,48.0,validation,artifacts/melspecs/57/1407657.npy,128,1292
track_1407660,60/1407660.mp3,44.4,validation,artifacts/melspecs/60/1407660.npy,128,1292
track_1407661,61/1407661.mp3,64.0,validation,artifacts/melspecs/61/1407661.npy,128,1292
track_1407836,36/1407836.mp3,202.8,validation,artifacts/melspecs/36/1407836.npy,128,1292
track_1407838,38/1407838.mp3,221.3,validation,artifacts/melspecs/38/1407838.npy,128,1292
track_1407840,40/1407840.mp3,201.7,validation,artifacts/melspecs/40/1407840.npy,128,1292
track_1414210,10/1414210.mp3,205.0,validation,artifacts/melspecs/10/1414210.npy,128,1292
track_1414220,20/1414220.mp3,208.0,validation,artifacts/melspecs/20/1414220.npy,128,1292
track_1417805,05/1417805.mp3,113.5,validation,artifacts/melspecs/05/1417805.npy,128,1292
track_1417806,06/1417806.mp3,116.1,validation,artifacts/melspecs/06/1417806.npy,128,1292
track_1420642,42/1420642.mp3,92.0,validation,artifacts/melspecs/42/1420642.npy,128,1292
track_1420645,45/1420645.mp3,111.0,validation,artifacts/melspecs/45/1420645.npy,128,1292
track_1420651,51/1420651.mp3,105.0,validation,artifacts/melspecs/51/1420651.npy,128,1292
track_1421522,22/1421522.mp3,175.0,validation,artifacts/melspecs/22/1421522.npy,128,1292
track_0006719,19/6719.mp3,190.2,test,artifacts/melspecs/19/6719.npy,128,1292
track_0006720,20/6720.mp3,132.4,test,artifacts/melspecs/20/6720.npy,128,1292
track_0006721,21/6721.mp3,151.6,test,artifacts/melspecs/21/6721.npy,128,1292
track_0006722,22/6722.mp3,177.2,test,artifacts/melspecs/22/6722.npy,128,1292
track_0006723,23/6723.mp3,213.8,test,artifacts/melspecs/23/6723.npy,128,1292
track_0006724,24/6724.mp3,155.5,test,artifacts/melspecs/24/6724.npy,128,1292
track_0006725,25/6725.mp3,231.5,test,artifacts/melspecs/25/6725.npy,128,1292
track_0006726,26/6726.mp3,186.0,test,artifacts/melspecs/26/6726.npy,128,1292
track_0006727,27/6727.mp3,160.4,test,artifacts/melspecs/27/6727.npy,128,1292
track_0006728,28/6728.mp3,240.6,test,artifacts/melspecs/28/6728.npy,128,1292
track_0006729,29/6729.mp3,210.6,test,artifacts/melspecs/29/6729.npy,128,1292
track_0006730,30/6730.mp3,206.6,test,artifacts/melspecs/30/6730.npy,128,1292
track_0006731,31/6731.mp3,171.6,test,artifacts/melspecs/31/6731.npy,128,1292
track_0006732,32/6732.mp3,189.8,test,artifacts/melspecs/32/6732.npy,128,1292
track_0007358,58/7358.mp3,240.6,test,artifacts/melspecs/58/7358.npy,128,1292
track_0007359,59/7359.mp3,225.8,test,artifacts/melspecs/59/7359.npy,128,1292
track_0007360,60/7360.mp3,232.6,test,artifacts/melspecs/60/7360.npy,128,1292
track_0007361,61/7361.mp3,168.4,test,artifacts/melspecs/61/7361.npy,128,1292
track_0007362,62/7362.mp3,237.4,test,artifacts/melspecs/62/7362.npy,128,1292
track_0007363,63/7363.mp3,237.7,test,artifacts/melspecs/63/7363.npy,128,1292
track_0007364,64/7364.mp3,145.4,test,artifacts/melspecs/64/7364.npy,128,1292
track_0011839,39/11839.mp3,212.2,test,artifacts/melspecs/39/11839.npy,128,1292
track_0011840,40/11840.mp3,178.8,test,artifacts/melspecs/40/11840.npy,128,1292
track_0011841,41/11841.mp3,120.4,test,artifacts/melspecs/41/11841.npy,128,1292
track_0011842,42/11842.mp3,91.9,test,artifacts/melspecs/42/11842.npy,128,1292
track_0011843,43/11843.mp3,97.0,test,artifacts/melspecs/43/11843.npy,128,1292
track_0011844,44/11844.mp3,102.3,test,artifacts/melspecs/44/11844.npy,128,1292
track_0011845,45/11845.mp3,204.9,test,artifacts/melspecs/45/11845.npy,128,1292
track_0016038,38/16038.mp3,190.0,test,artifacts/melspecs/38/16038.npy,128,1292
track_0024017,17/24017.mp3,268.4,test,artifacts/melspecs/17/24017.npy,128,1292
track_0024019,19/24019.mp3,238.0,test,artifacts/melspecs/19/24019.npy,128,1292
track_0024023,23/24023.mp3,106.1,test,artifacts/melspecs/23/24023.npy,128,1292
track_0024024,24/24024.mp3,242.8,test,artifacts/melspecs/24/24024.npy,128,1292
track_0024319,19/24319.mp3,86.4,test,artifacts/melspecs/19/24319.npy,128,1292
track_0024836,36/24836.mp3,99.2,test,artifacts/melspecs/36/24836.npy,128,1292
track_0024839,39/24839.mp3,36.0,test,artifacts/melspecs/39/24839.npy,128,1292
track_0025245,45/25245.mp3,148.9,test,artifacts/melspecs/45/25245.npy,128,1292
track_0025250,50/25250.mp3,214.2,test,artifacts/melspecs/50/25250.npy,128,1292
track_0025252,52/25252.mp3,209.5,test,artifacts/melspecs/52/25252.npy,128,1292
track_0026321,21/26321.mp3,405.3,test,artifacts/melspecs/21/26321.npy,128,1292
track_0033449,49/33449.mp3,167.1,test,artifacts/melspecs/49/33449.npy,128,1292
track_0033450,50/33450.mp3,178.9,test,artifacts/melspecs/50/33450.npy,128,1292
track_0033451,51/33451.mp3,224.6,test,artifacts/melspecs/51/33451.npy,128,1292
track_0033452,52/33452.mp3,171.1,test,artifacts/melspecs/52/33452.npy,128,1292
track_0033453,53/33453.mp3,196.4,test,artifacts/melspecs/53/33453.npy,128,1292
track_0034008,08/34008.mp3,190.1,test,artifacts/melspecs/08/34008.npy,128,1292
track_0034009,09/34009.mp3,172.3,test,artifacts/melspecs/09/34009.npy,128,1292
track_0034010,10/34010.mp3,169.2,test,artifacts/melspecs/10/34010.npy,128,1292
track_0034015,15/34015.mp3,195.4,test,artifacts/melspecs/15/34015.npy,128,1292
track_0038767,67/38767.mp3,48.0,test,artifacts/melspecs/67/38767.npy,128,1292
track_0038768,68/38768.mp3,70.6,test,artifacts/melspecs/68/38768.npy,128,1292
track_0038769,69/38769.mp3,66.5,test,artifacts/melspecs/69/38769.npy,128,1292
track_0038770,70/38770.mp3,64.1,test,artifacts/melspecs/70/38770.npy,128,1292
track_0038771,71/38771.mp3,55.7,test,artifacts/melspecs/71/38771.npy,128,1292
track_0038772,72/38772.mp3,58.7,test,artifacts/melspecs/72/38772.npy,128,1292
track_0038773,73/38773.mp3,196.6,test,artifacts/melspecs/73/38773.npy,128,1292
track_0038774,74/38774.mp3,75.1,test,artifacts/melspecs/74/38774.npy,128,1292
track_0038775,75/38775.mp3,63.6,test,artifacts/melspecs/75/38775.npy,128,1292
track_0038776,76/38776.mp3,111.4,test,artifacts/melspecs/76/38776.npy,128,1292
track_0039025,25/39025.mp3,286.3,test,artifacts/melspecs/25/39025.npy,128,1292
track_0039028,28/39028.mp3,197.6,test,artifacts/melspecs/28/39028.npy,128,1292
track_0039036,36/39036.mp3,173.7,test,artifacts/melspecs/36/39036.npy,128,1292
track_0039052,52/39052.mp3,234.9,test,artifacts/melspecs/52/39052.npy,128,1292
track_0040620,20/40620.mp3,290.1,test,artifacts/melspecs/20/40620.npy,128,1292
track_0040635,35/40635.mp3,141.8,test,artifacts/melspecs/35/40635.npy,128,1292
track_0040636,36/40636.mp3,136.5,test,artifacts/melspecs/36/40636.npy,128,1292
track_0040637,37/40637.mp3,135.9,test,artifacts/melspecs/37/40637.npy,128,1292
track_0040638,38/40638.mp3,152.7,test,artifacts/melspecs/38/40638.npy,128,1292
track_0040639,39/40639.mp3,127.2,test,artifacts/melspecs/39/40639.npy,128,1292
track_0040640,40/40640.mp3,90.6,test,artifacts/melspecs/40/40640.npy,128,1292
track_0044670,70/44670.mp3,265.4,test,artifacts/melspecs/70/44670.npy,128,1292
track_0044675,75/44675.mp3,216.9,test,artifacts/melspecs/75/44675.npy,128,1292
track_0044676,76/44676.mp3,246.3,test,artifacts/melspecs/76/44676.npy,128,1292
track_0046563,63/46563.mp3,192.8,test,artifacts/melspecs/63/46563.npy,128,1292
track_0046565,65/46565.mp3,137.9,test,artifacts/melspecs/65/46565.npy,128,1292
track_0046570,70/46570.mp3,113.0,test,artifacts/melspecs/70/46570.npy,128,1292
track_0046571,71/46571.mp3,279.4,test,artifacts/melspecs/71/46571.npy,128,1292
track_0048719,19/48719.mp3,288.0,test,artifacts/melspecs/19/48719.npy,128,1292
track_0048720,20/48720.mp3,281.1,test,artifacts/melspecs/20/48720.npy,128,1292
track_0048721,21/48721.mp3,171.0,test,artifacts/melspecs/21/48721.npy,128,1292
track_0048722,22/48722.mp3,283.1,test,artifacts/melspecs/22/48722.npy,128,1292
track_0048723,23/48723.mp3,249.5,test,artifacts/melspecs/23/48723.npy,128,1292
track_0048724,24/48724.mp3,217.6,test,artifacts/melspecs/24/48724.npy,128,1292
track_0048725,25/48725.mp3,204.3,test,artifacts/melspecs/25/48725.npy,128,1292
track_0048726,26/48726.mp3,136.9,test,artifacts/melspecs/26/48726.npy,128,1292
track_0048727,27/48727.mp3,269.5,test,artifacts/melspecs/27/48727.npy,128,1292
track_0073149,49/73149.mp3,272.5,test,artifacts/melspecs/49/73149.npy,128,1292
track_0073154,54/73154.mp3,164.1,test,artifacts/melspecs/54/73154.npy,128,1292
track_0073157,57/73157.mp3,159.6,test,artifacts/melspecs/57/73157.npy,128,1292
track_0079745,45/79745.mp3,202.1,test,artifacts/melspecs/45/79745.npy,128,1292
track_0079746,46/79746.mp3,250.0,test,artifacts/melspecs/46/79746.npy,128,1292
track_0079747,47/79747.mp3,346.6,test,artifacts/melspecs/47/79747.npy,128,1292
track_0079748,48/79748.mp3,441.1,test,artifacts/melspecs/48/79748.npy,128,1292
track_0079749,49/79749.mp3,362.7,test,artifacts/melspecs/49/79749.npy,128,1292
track_0079750,50/79750.mp3,371.7,test,artifacts/melspecs/50/79750.npy,128,1292
track_0079751,51/79751.mp3,261.3,test,artifacts/melspecs/51/79751.npy,128,1292
track_0079752,52/79752.mp3,440.0,test,artifacts/melspecs/52/79752.npy,128,1292
track_0079753,53/79753.mp3,194.7,test,artifacts/melspecs/53/79753.npy,128,1292
track_0079754,54/79754.mp3,220.9,test,artifacts/melspecs/54/79754.npy,128,1292
track_0079755,55/79755.mp3,229.0,test,artifacts/melspecs/55/79755.npy,128,1292
track_0079756,56/79756.mp3,238.8,test,artifacts/melspecs/56/79756.npy,128,1292
track_0079757,57/79757.mp3,285.6,test,artifacts/melspecs/57/79757.npy,128,1292
track_0079758,58/79758.mp3,302.0,test,artifacts/melspecs/58/79758.npy,128,1292
track_0079759,59/79759.mp3,140.0,test,artifacts/melspecs/59/79759.npy,128,1292
track_0079760,60/79760.mp3,321.7,test,artifacts/melspecs/60/79760.npy,128,1292
track_0095594,94/95594.mp3,258.0,test,artifacts/melspecs/94/95594.npy,128,1292
track_0095612,12/95612.mp3,253.5,test,artifacts/melspecs/12/95612.npy,128,1292
track_0095723,23/95723.mp3,181.2,test,artifacts/melspecs/23/95723.npy,128,1292
track_0106735,35/106735.mp3,184.7,test,artifacts/melspecs/35/106735.npy,128,1292
track_0106737,37/106737.mp3,260.5,test,artifacts/melspecs/37/106737.npy,128,1292
track_0111372,72/111372.mp3,119.7,test,artifacts/melspecs/72/111372.npy,128,1292
track_0111374,74/111374.mp3,190.7,test,artifacts/melspecs/74/111374.npy,128,1292
track_0111375,75/111375.mp3,148.5,test,artifacts/melspecs/75/111375.npy,128,1292
track_0111376,76/111376.mp3,156.3,test,artifacts/melspecs/76/111376.npy,128,1292
track_0111377,77/111377.mp3,194.6,test,artifacts/melspecs/77/111377.npy,128,1292
track_0111388,88/111388.mp3,125.3,test,artifacts/melspecs/88/111388.npy,128,1292
track_0111389,89/111389.mp3,76.8,test,artifacts/melspecs/89/111389.npy,128,1292
track_0120750,50/120750.mp3,616.7,test,artifacts/melspecs/50/120750.npy,128,1292
track_0120751,51/120751.mp3,337.9,test,artifacts/melspecs/51/120751.npy,128,1292
track_0120752,52/120752.mp3,320.1,test,artifacts/melspecs/52/120752.npy,128,1292
track_0120753,53/120753.mp3,454.1,test,artifacts/melspecs/53/120753.npy,128,1292
track_0120754,54/120754.mp3,372.2,test,artifacts/melspecs/54/120754.npy,128,1292
track_0120755,55/120755.mp3,517.7,test,artifacts/melspecs/55/120755.npy,128,1292
track_0120756,56/120756.mp3,404.1,test,artifacts/melspecs/56/120756.npy,128,1292
track_0120760,60/120760.mp3,477.8,test,artifacts/melspecs/60/120760.npy,128,1292
track_0133516,16/133516.mp3,192.1,test,artifacts/melspecs/16/133516.npy,128,1292
track_0133519,19/133519.mp3,169.0,test,artifacts/melspecs/19/133519.npy,128,1292
track_0133599,99/133599.mp3,215.5,test,artifacts/melspecs/99/133599.npy,128,1292
track_0133600,00/133600.mp3,165.0,test,artifacts/melspecs/00/133600.npy,128,1292
track_0133657,57/133657.mp3,172.4,test,artifacts/melspecs/57/133657.npy,128,1292
track_0133660,60/133660.mp3,199.3,test,artifacts/melspecs/60/133660.npy,128,1292
track_0144654,54/144654.mp3,208.0,test,artifacts/melspecs/54/144654.npy,128,1292
track_0165309,09/165309.mp3,366.5,test,artifacts/melspecs/09/165309.npy,128,1292
track_0175392,92/175392.mp3,562.8,test,artifacts/melspecs/92/175392.npy,128,1292
track_0178620,20/178620.mp3,186.9,test,artifacts/melspecs/20/178620.npy,128,1292
track_0178625,25/178625.mp3,86.2,test,artifacts/melspecs/25/178625.npy,128,1292
track_0178638,38/178638.mp3,192.1,test,artifacts/melspecs/38/178638.npy,128,1292
track_0178639,39/178639.mp3,334.6,test,artifacts/melspecs/39/178639.npy,128,1292
track_0178641,41/178641.mp3,261.8,test,artifacts/melspecs/41/178641.npy,128,1292
track_0178664,64/178664.mp3,55.4,test,artifacts/melspecs/64/178664.npy,128,1292
track_0178665,65/178665.mp3,152.8,test,artifacts/melspecs/65/178665.npy,128,1292
track_0178668,68/178668.mp3,51.1,test,artifacts/melspecs/68/178668.npy,128,1292
track_0202186,86/202186.mp3,331.7,test,artifacts/melspecs/86/202186.npy,128,1292
track_0202189,89/202189.mp3,295.1,test,artifacts/melspecs/89/202189.npy,128,1292
track_0202192,92/202192.mp3,296.0,test,artifacts/melspecs/92/202192.npy,128,1292
track_0202193,93/202193.mp3,221.2,test,artifacts/melspecs/93/202193.npy,128,1292
track_0202194,94/202194.mp3,389.4,test,artifacts/melspecs/94/202194.npy,128,1292
track_0202195,95/202195.mp3,323.0,test,artifacts/melspecs/95/202195.npy,128,1292
track_0202199,99/202199.mp3,368.1,test,artifacts/melspecs/99/202199.npy,128,1292
track_0202200,00/202200.mp3,315.9,test,artifacts/melspecs/00/202200.npy,128,1292
track_0202201,01/202201.mp3,296.9,test,artifacts/melspecs/01/202201.npy,128,1292
track_0202205,05/202205.mp3,221.7,test,artifacts/melspecs/05/202205.npy,128,1292
track_0202208,08/202208.mp3,396.1,test,artifacts/melspecs/08/202208.npy,128,1292
track_0202213,13/202213.mp3,296.0,test,artifacts/melspecs/13/202213.npy,128,1292
track_0202216,16/202216.mp3,393.8,test,artifacts/melspecs/16/202216.npy,128,1292
track_0202218,18/202218.mp3,353.0,test,artifacts/melspecs/18/202218.npy,128,1292
track_0202219,19/202219.mp3,236.0,test,artifacts/melspecs/19/202219.npy,128,1292
track_0217709,09/217709.mp3,259.4,test,artifacts/melspecs/09/217709.npy,128,1292
track_0217714,14/217714.mp3,487.4,test,artifacts/melspecs/14/217714.npy,128,1292
track_0217724,24/217724.mp3,140.3,test,artifacts/melspecs/24/217724.npy,128,1292
track_0236348,48/236348.mp3,266.1,test,artifacts/melspecs/48/236348.npy,128,1292
track_0236415,15/236415.mp3,257.8,test,artifacts/melspecs/15/236415.npy,128,1292
track_0236416,16/236416.mp3,277.2,test,artifacts/melspecs/16/236416.npy,128,1292
track_0242212,12/242212.mp3,183.0,test,artifacts/melspecs/12/242212.npy,128,1292
track_0283205,05/283205.mp3,133.3,test,artifacts/melspecs/05/283205.npy,128,1292
track_0315237,37/315237.mp3,138.1,test,artifacts/melspecs/37/315237.npy,128,1292
track_0315239,39/315239.mp3,306.0,test,artifacts/melspecs/39/315239.npy,128,1292
track_0317122,22/317122.mp3,201.3,test,artifacts/melspecs/22/317122.npy,128,1292
track_0317130,30/317130.mp3,89.1,test,artifacts/melspecs/30/317130.npy,128,1292
track_0344320,20/344320.mp3,166.9,test,artifacts/melspecs/20/344320.npy,128,1292
track_0344322,22/344322.mp3,206.1,test,artifacts/melspecs/22/344322.npy,128,1292
track_0344323,23/344323.mp3,180.2,test,artifacts/melspecs/23/344323.npy,128,1292
track_0344325,25/344325.mp3,162.7,test,artifacts/melspecs/25/344325.npy,128,1292
track_0344326,26/344326.mp3,147.3,test,artifacts/melspecs/26/344326.npy,128,1292
track_0344327,27/344327.mp3,143.5,test,artifacts/melspecs/27/344327.npy,128,1292
track_0344328,28/344328.mp3,211.4,test,artifacts/melspecs/28/344328.npy,128,1292
track_0344329,29/344329.mp3,375.7,test,artifacts/melspecs/29/344329.npy,128,1292
track_0344330,30/344330.mp3,146.7,test,artifacts/melspecs/30/344330.npy,128,1292
track_0345140,40/345140.mp3,237.5,test,artifacts/melspecs/40/345140.npy,128,1292
track_0345141,41/345141.mp3,176.1,test,artifacts/melspecs/41/345141.npy,128,1292
track_0352684,84/352684.mp3,163.6,test,artifacts/melspecs/84/352684.npy,128,1292
track_0352691,91/352691.mp3,167.6,test,artifacts/melspecs/91/352691.npy,128,1292
track_0352694,94/352694.mp3,94.0,test,artifacts/melspecs/94/352694.npy,128,1292
track_0356417,17/356417.mp3,191.2,test,artifacts/melspecs/17/356417.npy,128,1292
track_0356420,20/356420.mp3,155.8,test,artifacts/melspecs/20/356420.npy,128,1292
track_0356426,26/356426.mp3,170.2,test,artifacts/melspecs/26/356426.npy,128,1292
track_0356427,27/356427.mp3,179.6,test,artifacts/melspecs/27/356427.npy,128,1292
track_0366012,12/366012.mp3,165.8,test,artifacts/melspecs/12/366012.npy,128,1292
track_0366014,14/366014.mp3,205.3,test,artifacts/melspecs/14/366014.npy,128,1292
track_0387511,11/387511.mp3,261.1,test,artifacts/melspecs/11/387511.npy,128,1292
track_0391307,07/391307.mp3,228.1,test,artifacts/melspecs/07/391307.npy,128,1292
track_0399350,50/399350.mp3,188.0,test,artifacts/melspecs/50/399350.npy,128,1292
track_0399353,53/399353.mp3,256.3,test,artifacts/melspecs/53/399353.npy,128,1292
track_0399355,55/399355.mp3,210.1,test,artifacts/melspecs/55/399355.npy,128,1292
track_0399356,56/399356.mp3,142.0,test,artifacts/melspecs/56/399356.npy,128,1292
track_0399359,59/399359.mp3,178.1,test,artifacts/melspecs/59/399359.npy,128,1292
track_0399360,60/399360.mp3,206.0,test,artifacts/melspecs/60/399360.npy,128,1292
track_0399361,61/399361.mp3,224.0,test,artifacts/melspecs/61/399361.npy,128,1292
track_0399401,01/399401.mp3,326.0,test,artifacts/melspecs/01/399401.npy,128,1292
track_0399425,25/399425.mp3,268.0,test,artifacts/melspecs/25/399425.npy,128,1292
track_0399447,47/399447.mp3,240.0,test,artifacts/melspecs/47/399447.npy,128,1292
track_0399452,52/399452.mp3,248.0,test,artifacts/melspecs/52/399452.npy,128,1292
track_0399462,62/399462.mp3,246.0,test,artifacts/melspecs/62/399462.npy,128,1292
track_0399463,63/399463.mp3,206.0,test,artifacts/melspecs/63/399463.npy,128,1292
track_0399465,65/399465.mp3,306.1,test,artifacts/melspecs/65/399465.npy,128,1292
track_0399500,00/399500.mp3,268.0,test,artifacts/melspecs/00/399500.npy,128,1292
track_0399524,24/399524.mp3,264.0,test,artifacts/melspecs/24/399524.npy,128,1292
track_0399525,25/399525.mp3,240.1,test,artifacts/melspecs/25/399525.npy,128,1292
track_0399526,26/399526.mp3,250.0,test,artifacts/melspecs/26/399526.npy,128,1292
track_0400107,07/400107.mp3,751.8,test,artifacts/melspecs/07/400107.npy,128,1292
track_0450319,19/450319.mp3,528.0,test,artifacts/melspecs/19/450319.npy,128,1292
track_0450320,20/450320.mp3,201.4,test,artifacts/melspecs/20/450320.npy,128,1292
track_0450321,21/450321.mp3,420.4,test,artifacts/melspecs/21/450321.npy,128,1292
track_0450322,22/450322.mp3,384.1,test,artifacts/melspecs/22/450322.npy,128,1292
track_0450323,23/450323.mp3,272.7,test,artifacts/melspecs/23/450323.npy,128,1292
track_0453094,94/453094.mp3,301.0,test,artifacts/melspecs/94/453094.npy,128,1292
track_0461013,13/461013.mp3,162.0,test,artifacts/melspecs/13/461013.npy,128,1292
track_0461014,14/461014.mp3,753.7,test,artifacts/melspecs/14/461014.npy,128,1292
track_0461017,17/461017.mp3,263.0,test,artifacts/melspecs/17/461017.npy,128,1292
track_0482267,67/482267.mp3,115.9,test,artifacts/melspecs/67/482267.npy,128,1292
track_0482274,74/482274.mp3,92.0,test,artifacts/melspecs/74/482274.npy,128,1292
track_0485747,47/485747.mp3,262.3,test,artifacts/melspecs/47/485747.npy,128,1292
track_0485751,51/485751.mp3,430.9,test,artifacts/melspecs/51/485751.npy,128,1292
track_0485753,53/485753.mp3,281.2,test,artifacts/melspecs/53/485753.npy,128,1292
track_0485755,55/485755.mp3,216.8,test,artifacts/melspecs/55/485755.npy,128,1292
track_0512153,53/512153.mp3,138.6,test,artifacts/melspecs/53/512153.npy,128,1292
track_0518468,68/518468.mp3,135.1,test,artifacts/melspecs/68/518468.npy,128,1292
track_0518471,71/518471.mp3,89.9,test,artifacts/melspecs/71/518471.npy,128,1292
track_0519491,91/519491.mp3,190.2,test,artifacts/melspecs/91/519491.npy,128,1292
track_0524653,53/524653.mp3,100.0,test,artifacts/melspecs/53/524653.npy,128,1292
track_0539756,56/539756.mp3,70.8,test,artifacts/melspecs/56/539756.npy,128,1292
track_0539764,64/539764.mp3,79.8,test,artifacts/melspecs/64/539764.npy,128,1292
track_0540998,98/540998.mp3,277.1,test,artifacts/melspecs/98/540998.npy,128,1292
track_0541009,09/541009.mp3,192.9,test,artifacts/melspecs/09/541009.npy,128,1292
track_0541010,10/541010.mp3,130.1,test,artifacts/melspecs/10/541010.npy,128,1292
track_0541011,11/541011.mp3,154.8,test,artifacts/melspecs/11/541011.npy,128,1292
track_0541012,12/541012.mp3,156.6,test,artifacts/melspecs/12/541012.npy,128,1292
track_0541013,13/541013.mp3,174.4,test,artifacts/melspecs/13/541013.npy,128,1292
track_0541014,14/541014.mp3,186.6,test,artifacts/melspecs/14/541014.npy,128,1292
track_0541015,15/541015.mp3,175.3,test,artifacts/melspecs/15/541015.npy,128,1292
track_0541016,16/541016.mp3,150.9,test,artifacts/melspecs/16/541016.npy,128,1292
track_0541019,19/541019.mp3,177.6,test,artifacts/melspecs/19/541019.npy,128,1292
track_0541020,20/541020.mp3,274.8,test,artifacts/melspecs/20/541020.npy,128,1292
track_0541093,93/541093.mp3,125.8,test,artifacts/melspecs/93/541093.npy,128,1292
track_0541095,95/541095.mp3,211.2,test,artifacts/melspecs/95/541095.npy,128,1292
track_0547233,33/547233.mp3,157.5,test,artifacts/melspecs/33/547233.npy,128,1292
track_0547271,71/547271.mp3,148.8,test,artifacts/melspecs/71/547271.npy,128,1292
track_0576998,98/576998.mp3,256.8,test,artifacts/melspecs/98/576998.npy,128,1292
track_0577043,43/577043.mp3,290.7,test,artifacts/melspecs/43/577043.npy,128,1292
track_0577051,51/577051.mp3,319.5,test,artifacts/melspecs/51/577051.npy,128,1292
track_0577965,65/577965.mp3,398.0,test,artifacts/melspecs/65/577965.npy,128,1292
track_0579643,43/579643.mp3,112.9,test,artifacts/melspecs/43/579643.npy,128,1292
track_0581658,58/581658.mp3,234.2,test,artifacts/melspecs/58/581658.npy,128,1292
track_0586158,58/586158.mp3,291.7,test,artifacts/melspecs/58/586158.npy,128,1292
track_0589338,38/589338.mp3,218.0,test,artifacts/melspecs/38/589338.npy,128,1292
track_0589339,39/589339.mp3,184.3,test,artifacts/melspecs/39/589339.npy,128,1292
track_0589341,41/589341.mp3,68.3,test,artifacts/melspecs/41/589341.npy,128,1292
track_0589344,44/589344.mp3,254.9,test,artifacts/melspecs/44/589344.npy,128,1292
track_0589348,48/589348.mp3,221.9,test,artifacts/melspecs/48/589348.npy,128,1292
track_0594258,58/594258.mp3,290.1,test,artifacts/melspecs/58/594258.npy,128,1292
track_0594259,59/594259.mp3,306.6,test,artifacts/melspecs/59/594259.npy,128,1292
track_0594261,61/594261.mp3,252.8,test,artifacts/melspecs/61/594261.npy,128,1292
track_0594263,63/594263.mp3,172.5,test,artifacts/melspecs/63/594263.npy,128,1292
track_0594264,64/594264.mp3,308.3,test,artifacts/melspecs/64/594264.npy,128,1292
track_0594265,65/594265.mp3,248.7,test,artifacts/melspecs/65/594265.npy,128,1292
track_0594266,66/594266.mp3,252.1,test,artifacts/melspecs/66/594266.npy,128,1292
track_0594267,67/594267.mp3,276.7,test,artifacts/melspecs/67/594267.npy,128,1292
track_0594268,68/594268.mp3,232.0,test,artifacts/melspecs/68/594268.npy,128,1292
track_0594269,69/594269.mp3,363.0,test,artifacts/melspecs/69/594269.npy,128,1292
track_0606898,98/606898.mp3,256.8,test,artifacts/melspecs/98/606898.npy,128,1292
track_0606899,99/606899.mp3,359.2,test,artifacts/melspecs/99/606899.npy,128,1292
track_0606902,02/606902.mp3,378.7,test,artifacts/melspecs/02/606902.npy,128,1292
track_0606904,04/606904.mp3,288.1,test,artifacts/melspecs/04/606904.npy,128,1292
track_0606911,11/606911.mp3,272.0,test,artifacts/melspecs/11/606911.npy,128,1292
track_0614901,01/614901.mp3,226.0,test,artifacts/melspecs/01/614901.npy,128,1292
track_0625038,38/625038.mp3,371.0,test,artifacts/melspecs/38/625038.npy,128,1292
track_0625041,41/625041.mp3,235.3,test,artifacts/melspecs/41/625041.npy,128,1292
track_0645217,17/645217.mp3,273.1,test,artifacts/melspecs/17/645217.npy,128,1292
track_0645218,18/645218.mp3,328.0,test,artifacts/melspecs/18/645218.npy,128,1292
track_0645220,20/645220.mp3,307.8,test,artifacts/melspecs/20/645220.npy,128,1292
track_0645222,22/645222.mp3,396.0,test,artifacts/melspecs/22/645222.npy,128,1292
track_0645223,23/645223.mp3,390.0,test,artifacts/melspecs/23/645223.npy,128,1292
track_0654630,30/654630.mp3,239.3,test,artifacts/melspecs/30/654630.npy,128,1292
track_0654633,33/654633.mp3,225.0,test,artifacts/melspecs/33/654633.npy,128,1292
track_0654634,34/654634.mp3,229.7,test,artifacts/melspecs/34/654634.npy,128,1292
track_0660435,35/660435.mp3,246.0,test,artifacts/melspecs/35/660435.npy,128,1292
track_0660436,36/660436.mp3,228.4,test,artifacts/melspecs/36/660436.npy,128,1292
track_0660437,37/660437.mp3,279.9,test,artifacts/melspecs/37/660437.npy,128,1292
track_0660440,40/660440.mp3,265.0,test,artifacts/melspecs/40/660440.npy,128,1292
track_0660442,42/660442.mp3,172.3,test,artifacts/melspecs/42/660442.npy,128,1292
track_0660444,44/660444.mp3,198.5,test,artifacts/melspecs/44/660444.npy,128,1292
track_0660447,47/660447.mp3,286.1,test,artifacts/melspecs/47/660447.npy,128,1292
track_0660451,51/660451.mp3,249.2,test,artifacts/melspecs/51/660451.npy,128,1292
track_0660453,53/660453.mp3,181.6,test,artifacts/melspecs/53/660453.npy,128,1292
track_0660454,54/660454.mp3,233.4,test,artifacts/melspecs/54/660454.npy,128,1292
track_0660455,55/660455.mp3,240.9,test,artifacts/melspecs/55/660455.npy,128,1292
track_0660456,56/660456.mp3,265.6,test,artifacts/melspecs/56/660456.npy,128,1292
track_0660478,78/660478.mp3,216.5,test,artifacts/melspecs/78/660478.npy,128,1292
track_0660479,79/660479.mp3,171.4,test,artifacts/melspecs/79/660479.npy,128,1292
track_0661294,94/661294.mp3,157.8,test,artifacts/melspecs/94/661294.npy,128,1292
track_0661295,95/661295.mp3,193.9,test,artifacts/melspecs/95/661295.npy,128,1292
track_0661296,96/661296.mp3,164.0,test,artifacts/melspecs/96/661296.npy,128,1292
track_0661297,97/661297.mp3,181.7,test,artifacts/melspecs/97/661297.npy,128,1292
track_0661298,98/661298.mp3,225.4,test,artifacts/melspecs/98/661298.npy,128,1292
track_0661299,99/661299.mp3,244.0,test,artifacts/melspecs/99/661299.npy,128,1292
track_0661300,00/661300.mp3,217.2,test,artifacts/melspecs/00/661300.npy,128,1292
track_0661301,01/661301.mp3,312.4,test,artifacts/melspecs/01/661301.npy,128,1292
track_0661309,09/661309.mp3,323.1,test,artifacts/melspecs/09/661309.npy,128,1292
track_0661310,10/661310.mp3,223.4,test,artifacts/melspecs/10/661310.npy,128,1292
track_0661311,11/661311.mp3,234.8,test,artifacts/melspecs/11/661311.npy,128,1292
track_0661312,12/661312.mp3,258.0,test,artifacts/melspecs/12/661312.npy,128,1292
track_0661313,13/661313.mp3,318.9,test,artifacts/melspecs/13/661313.npy,128,1292
track_0661314,14/661314.mp3,232.0,test,artifacts/melspecs/14/661314.npy,128,1292
track_0662421,21/662421.mp3,151.9,test,artifacts/melspecs/21/662421.npy,128,1292
track_0662422,22/662422.mp3,294.3,test,artifacts/melspecs/22/662422.npy,128,1292
track_0662423,23/662423.mp3,174.2,test,artifacts/melspecs/23/662423.npy,128,1292
track_0662424,24/662424.mp3,235.0,test,artifacts/melspecs/24/662424.npy,128,1292
track_0662425,25/662425.mp3,244.4,test,artifacts/melspecs/25/662425.npy,128,1292
track_0662427,27/662427.mp3,239.3,test,artifacts/melspecs/27/662427.npy,128,1292
track_0662428,28/662428.mp3,283.6,test,artifacts/melspecs/28/662428.npy,128,1292
track_0662429,29/662429.mp3,294.7,test,artifacts/melspecs/29/662429.npy,128,1292
track_0662430,30/662430.mp3,236.3,test,artifacts/melspecs/30/662430.npy,128,1292
track_0662440,40/662440.mp3,196.4,test,artifacts/melspecs/40/662440.npy,128,1292
track_0662441,41/662441.mp3,257.9,test,artifacts/melspecs/41/662441.npy,128,1292
track_0662442,42/662442.mp3,227.0,test,artifacts/melspecs/42/662442.npy,128,1292
track_0662444,44/662444.mp3,214.7,test,artifacts/melspecs/44/662444.npy,128,1292
track_0663093,93/663093.mp3,188.4,test,artifacts/melspecs/93/663093.npy,128,1292
track_0663094,94/663094.mp3,231.6,test,artifacts/melspecs/94/663094.npy,128,1292
track_0663095,95/663095.mp3,210.8,test,artifacts/melspecs/95/663095.npy,128,1292
track_0663096,96/663096.mp3,198.2,test,artifacts/melspecs/96/663096.npy,128,1292
track_0663127,27/663127.mp3,235.4,test,artifacts/melspecs/27/663127.npy,128,1292
track_0663128,28/663128.mp3,192.0,test,artifacts/melspecs/28/663128.npy,128,1292
track_0663129,29/663129.mp3,229.3,test,artifacts/melspecs/29/663129.npy,128,1292
track_0663130,30/663130.mp3,241.0,test,artifacts/melspecs/30/663130.npy,128,1292
track_0663131,31/663131.mp3,335.0,test,artifacts/melspecs/31/663131.npy,128,1292
track_0663132,32/663132.mp3,197.8,test,artifacts/melspecs/32/663132.npy,128,1292
track_0663133,33/663133.mp3,246.1,test,artifacts/melspecs/33/663133.npy,128,1292
track_0663134,34/663134.mp3,279.7,test,artifacts/melspecs/34/663134.npy,128,1292
track_0663137,37/663137.mp3,158.2,test,artifacts/melspecs/37/663137.npy,128,1292
track_0677107,07/677107.mp3,544.7,test,artifacts/melspecs/07/677107.npy,128,1292
track_0677108,08/677108.mp3,334.7,test,artifacts/melspecs/08/677108.npy,128,1292
track_0698140,40/698140.mp3,196.4,test,artifacts/melspecs/40/698140.npy,128,1292
track_0698141,41/698141.mp3,190.2,test,artifacts/melspecs/41/698141.npy,128,1292
track_0698164,64/698164.mp3,196.4,test,artifacts/melspecs/64/698164.npy,128,1292
track_0698620,20/698620.mp3,140.3,test,artifacts/melspecs/20/698620.npy,128,1292
track_0698636,36/698636.mp3,142.6,test,artifacts/melspecs/36/698636.npy,128,1292
track_0698637,37/698637.mp3,172.4,test,artifacts/melspecs/37/698637.npy,128,1292
track_0698666,66/698666.mp3,148.8,test,artifacts/melspecs/66/698666.npy,128,1292
track_0700532,32/700532.mp3,482.0,test,artifacts/melspecs/32/700532.npy,128,1292
track_0700535,35/700535.mp3,370.5,test,artifacts/melspecs/35/700535.npy,128,1292
track_0707473,73/707473.mp3,204.0,test,artifacts/melspecs/73/707473.npy,128,1292
track_0707474,74/707474.mp3,555.4,test,artifacts/melspecs/74/707474.npy,128,1292
track_0707475,75/707475.mp3,327.1,test,artifacts/melspecs/75/707475.npy,128,1292
track_0707476,76/707476.mp3,198.5,test,artifacts/melspecs/76/707476.npy,128,1292
track_0707488,88/707488.mp3,288.3,test,artifacts/melspecs/88/707488.npy,128,1292
track_0707489,89/707489.mp3,370.1,test,artifacts/melspecs/89/707489.npy,128,1292
track_0719759,59/719759.mp3,202.5,test,artifacts/melspecs/59/719759.npy,128,1292
track_0719761,61/719761.mp3,106.0,test,artifacts/melspecs/61/719761.npy,128,1292
track_0719796,96/719796.mp3,192.0,test,artifacts/melspecs/96/719796.npy,128,1292
track_0727911,11/727911.mp3,147.2,test,artifacts/melspecs/11/727911.npy,128,1292
track_0731396,96/731396.mp3,195.5,test,artifacts/melspecs/96/731396.npy,128,1292
track_0731428,28/731428.mp3,255.3,test,artifacts/melspecs/28/731428.npy,128,1292
track_0733158,58/733158.mp3,357.3,test,artifacts/melspecs/58/733158.npy,128,1292
track_0733169,69/733169.mp3,221.1,test,artifacts/melspecs/69/733169.npy,128,1292
track_0741319,19/741319.mp3,133.9,test,artifacts/melspecs/19/741319.npy,128,1292
track_0752758,58/752758.mp3,148.0,test,artifacts/melspecs/58/752758.npy,128,1292
track_0771318,18/771318.mp3,198.0,test,artifacts/melspecs/18/771318.npy,128,1292
track_0778519,19/778519.mp3,106.9,test,artifacts/melspecs/19/778519.npy,128,1292
track_0778520,20/778520.mp3,336.2,test,artifacts/melspecs/20/778520.npy,128,1292
track_0778560,60/778560.mp3,377.7,test,artifacts/melspecs/60/778560.npy,128,1292
track_0778561,61/778561.mp3,808.1,test,artifacts/melspecs/61/778561.npy,128,1292
track_0778562,62/778562.mp3,282.9,test,artifacts/melspecs/62/778562.npy,128,1292
track_0778564,64/778564.mp3,1000.2,test,artifacts/melspecs/64/778564.npy,128,1292
track_0778565,65/778565.mp3,355.2,test,artifacts/melspecs/65/778565.npy,128,1292
track_0778663,63/778663.mp3,764.1,test,artifacts/melspecs/63/778663.npy,128,1292
track_0785435,35/785435.mp3,120.6,test,artifacts/melspecs/35/785435.npy,128,1292
track_0785645,45/785645.mp3,370.5,test,artifacts/melspecs/45/785645.npy,128,1292
track_0786779,79/786779.mp3,515.1,test,artifacts/melspecs/79/786779.npy,128,1292
track_0792428,28/792428.mp3,96.1,test,artifacts/melspecs/28/792428.npy,128,1292
track_0792434,34/792434.mp3,213.9,test,artifacts/melspecs/34/792434.npy,128,1292
track_0792442,42/792442.mp3,191.3,test,artifacts/melspecs/42/792442.npy,128,1292
track_0792448,48/792448.mp3,149.8,test,artifacts/melspecs/48/792448.npy,128,1292
track_0792451,51/792451.mp3,169.2,test,artifacts/melspecs/51/792451.npy,128,1292
track_0794600,00/794600.mp3,239.7,test,artifacts/melspecs/00/794600.npy,128,1292
track_0794804,04/794804.mp3,367.2,test,artifacts/melspecs/04/794804.npy,128,1292
track_0798198,98/798198.mp3,216.9,test,artifacts/melspecs/98/798198.npy,128,1292
track_0798199,99/798199.mp3,163.7,test,artifacts/melspecs/99/798199.npy,128,1292
track_0798200,00/798200.mp3,58.1,test,artifacts/melspecs/00/798200.npy,128,1292
track_0798201,01/798201.mp3,257.9,test,artifacts/melspecs/01/798201.npy,128,1292
track_0799222,22/799222.mp3,125.4,test,artifacts/melspecs/22/799222.npy,128,1292
track_0799223,23/799223.mp3,145.8,test,artifacts/melspecs/23/799223.npy,128,1292
track_0799224,24/799224.mp3,131.2,test,artifacts/melspecs/24/799224.npy,128,1292
track_0799225,25/799225.mp3,255.6,test,artifacts/melspecs/25/799225.npy,128,1292
track_0799226,26/799226.mp3,175.6,test,artifacts/melspecs/26/799226.npy,128,1292
track_0799227,27/799227.mp3,233.2,test,artifacts/melspecs/27/799227.npy,128,1292
track_0799228,28/799228.mp3,138.9,test,artifacts/melspecs/28/799228.npy,128,1292
track_0799229,29/799229.mp3,147.1,test,artifacts/melspecs/29/799229.npy,128,1292
track_0799262,62/799262.mp3,268.1,test,artifacts/melspecs/62/799262.npy,128,1292
track_0810098,98/810098.mp3,265.0,test,artifacts/melspecs/98/810098.npy,128,1292
track_0810099,99/810099.mp3,230.9,test,artifacts/melspecs/99/810099.npy,128,1292
track_0810100,00/810100.mp3,313.9,test,artifacts/melspecs/00/810100.npy,128,1292
track_0818597,97/818597.mp3,132.5,test,artifacts/melspecs/97/818597.npy,128,1292
track_0818601,01/818601.mp3,146.8,test,artifacts/melspecs/01/818601.npy,128,1292
track_0818602,02/818602.mp3,68.1,test,artifacts/melspecs/02/818602.npy,128,1292
track_0818603,03/818603.mp3,88.6,test,artifacts/melspecs/03/818603.npy,128,1292
track_0818608,08/818608.mp3,90.3,test,artifacts/melspecs/08/818608.npy,128,1292
track_0818617,17/818617.mp3,171.5,test,artifacts/melspecs/17/818617.npy,128,1292
track_0818619,19/818619.mp3,49.5,test,artifacts/melspecs/19/818619.npy,128,1292
track_0828028,28/828028.mp3,281.4,test,artifacts/melspecs/28/828028.npy,128,1292
track_0832632,32/832632.mp3,167.8,test,artifacts/melspecs/32/832632.npy,128,1292
track_0844693,93/844693.mp3,205.7,test,artifacts/melspecs/93/844693.npy,128,1292
track_0844694,94/844694.mp3,316.6,test,artifacts/melspecs/94/844694.npy,128,1292
track_0844695,95/844695.mp3,228.4,test,artifacts/melspecs/95/844695.npy,128,1292
track_0844696,96/844696.mp3,214.8,test,artifacts/melspecs/96/844696.npy,128,1292
track_0844698,98/844698.mp3,274.8,test,artifacts/melspecs/98/844698.npy,128,1292
track_0858712,12/858712.mp3,522.1,test,artifacts/melspecs/12/858712.npy,128,1292
track_0858717,17/858717.mp3,483.2,test,artifacts/melspecs/17/858717.npy,128,1292
track_0858720,20/858720.mp3,269.8,test,artifacts/melspecs/20/858720.npy,128,1292
track_0858721,21/858721.mp3,521.3,test,artifacts/melspecs/21/858721.npy,128,1292
track_0858722,22/858722.mp3,321.0,test,artifacts/melspecs/22/858722.npy,128,1292
track_0860149,49/860149.mp3,313.8,test,artifacts/melspecs/49/860149.npy,128,1292
track_0866766,66/866766.mp3,176.2,test,artifacts/melspecs/66/866766.npy,128,1292
track_0884515,15/884515.mp3,183.8,test,artifacts/melspecs/15/884515.npy,128,1292
track_0884525,25/884525.mp3,377.8,test,artifacts/melspecs/25/884525.npy,128,1292
track_0887978,78/887978.mp3,108.0,test,artifacts/melspecs/78/887978.npy,128,1292
track_0887986,86/887986.mp3,232.3,test,artifacts/melspecs/86/887986.npy,128,1292
track_0900795,95/900795.mp3,287.1,test,artifacts/melspecs/95/900795.npy,128,1292
track_0900796,96/900796.mp3,243.1,test,artifacts/melspecs/96/900796.npy,128,1292
track_0900798,98/900798.mp3,238.4,test,artifacts/melspecs/98/900798.npy,128,1292
track_0911357,57/911357.mp3,316.3,test,artifacts/melspecs/57/911357.npy,128,1292
track_0911358,58/911358.mp3,199.4,test,artifacts/melspecs/58/911358.npy,128,1292
track_0911360,60/911360.mp3,256.2,test,artifacts/melspecs/60/911360.npy,128,1292
track_0916172,72/916172.mp3,296.0,test,artifacts/melspecs/72/916172.npy,128,1292
track_0916174,74/916174.mp3,352.2,test,artifacts/melspecs/74/916174.npy,128,1292
track_0916682,82/916682.mp3,488.8,test,artifacts/melspecs/82/916682.npy,128,1292
track_0916749,49/916749.mp3,207.4,test,artifacts/melspecs/49/916749.npy,128,1292
track_0916752,52/916752.mp3,161.3,test,artifacts/melspecs/52/916752.npy,128,1292
track_0934042,42/934042.mp3,269.3,test,artifacts/melspecs/42/934042.npy,128,1292
track_0934043,43/934043.mp3,142.8,test,artifacts/melspecs/43/934043.npy,128,1292
track_0934049,49/934049.mp3,177.7,test,artifacts/melspecs/49/934049.npy,128,1292
track_0934050,50/934050.mp3,221.2,test,artifacts/melspecs/50/934050.npy,128,1292
track_0934753,53/934753.mp3,110.7,test,artifacts/melspecs/53/934753.npy,128,1292
track_0938065,65/938065.mp3,309.4,test,artifacts/melspecs/65/938065.npy,128,1292
track_0939289,89/939289.mp3,328.1,test,artifacts/melspecs/89/939289.npy,128,1292
track_0939804,04/939804.mp3,99.9,test,artifacts/melspecs/04/939804.npy,128,1292
track_0939810,10/939810.mp3,127.2,test,artifacts/melspecs/10/939810.npy,128,1292
track_0939814,14/939814.mp3,137.9,test,artifacts/melspecs/14/939814.npy,128,1292
track_0939815,15/939815.mp3,88.1,test,artifacts/melspecs/15/939815.npy,128,1292
track_0940178,78/940178.mp3,169.0,test,artifacts/melspecs/78/940178.npy,128,1292
track_0940183,83/940183.mp3,255.5,test,artifacts/melspecs/83/940183.npy,128,1292
track_0940184,84/940184.mp3,165.0,test,artifacts/melspecs/84/940184.npy,128,1292
track_0941162,62/941162.mp3,190.7,test,artifacts/melspecs/62/941162.npy,128,1292
track_0945192,92/945192.mp3,225.0,test,artifacts/melspecs/92/945192.npy,128,1292
track_0945193,93/945193.mp3,266.9,test,artifacts/melspecs/93/945193.npy,128,1292
track_0945194,94/945194.mp3,180.0,test,artifacts/melspecs/94/945194.npy,128,1292
track_0945195,95/945195.mp3,302.7,test,artifacts/melspecs/95/945195.npy,128,1292
track_0945196,96/945196.mp3,219.4,test,artifacts/melspecs/96/945196.npy,128,1292
track_0945197,97/945197.mp3,182.0,test,artifacts/melspecs/97/945197.npy,128,1292
track_0945198,98/945198.mp3,290.0,test,artifacts/melspecs/98/945198.npy,128,1292
track_0945199,99/945199.mp3,165.0,test,artifacts/melspecs/99/945199.npy,128,1292
track_0945200,00/945200.mp3,183.6,test,artifacts/melspecs/00/945200.npy,128,1292
track_0945201,01/945201.mp3,196.6,test,artifacts/melspecs/01/945201.npy,128,1292
track_0945202,02/945202.mp3,145.3,test,artifacts/melspecs/02/945202.npy,128,1292
track_0945203,03/945203.mp3,272.5,test,artifacts/melspecs/03/945203.npy,128,1292
track_0945204,04/945204.mp3,192.9,test,artifacts/melspecs/04/945204.npy,128,1292
track_0945205,05/945205.mp3,234.8,test,artifacts/melspecs/05/945205.npy,128,1292
track_0945206,06/945206.mp3,240.0,test,artifacts/melspecs/06/945206.npy,128,1292
track_0945207,07/945207.mp3,165.1,test,artifacts/melspecs/07/945207.npy,128,1292
track_0946424,24/946424.mp3,273.4,test,artifacts/melspecs/24/946424.npy,128,1292
track_0946432,32/946432.mp3,203.5,test,artifacts/melspecs/32/946432.npy,128,1292
track_0956242,42/956242.mp3,186.2,test,artifacts/melspecs/42/956242.npy,128,1292
track_0956243,43/956243.mp3,93.9,test,artifacts/melspecs/43/956243.npy,128,1292
track_0956244,44/956244.mp3,156.0,test,artifacts/melspecs/44/956244.npy,128,1292
track_0956245,45/956245.mp3,130.6,test,artifacts/melspecs/45/956245.npy,128,1292
track_0956545,45/956545.mp3,385.5,test,artifacts/melspecs/45/956545.npy,128,1292
track_0956547,47/956547.mp3,206.3,test,artifacts/melspecs/47/956547.npy,128,1292
track_0956549,49/956549.mp3,363.9,test,artifacts/melspecs/49/956549.npy,128,1292
track_0957456,56/957456.mp3,93.1,test,artifacts/melspecs/56/957456.npy,128,1292
track_0957931,31/957931.mp3,232.0,test,artifacts/melspecs/31/957931.npy,128,1292
track_0957932,32/957932.mp3,276.0,test,artifacts/melspecs/32/957932.npy,128,1292
track_0957933,33/957933.mp3,128.0,test,artifacts/melspecs/33/957933.npy,128,1292
track_0957934,34/957934.mp3,159.0,test,artifacts/melspecs/34/957934.npy,128,1292
track_0957938,38/957938.mp3,208.0,test,artifacts/melspecs/38/957938.npy,128,1292
track_0957939,39/957939.mp3,233.2,test,artifacts/melspecs/39/957939.npy,128,1292
track_0957940,40/957940.mp3,141.2,test,artifacts/melspecs/40/957940.npy,128,1292
track_0957946,46/957946.mp3,113.8,test,artifacts/melspecs/46/957946.npy,128,1292
track_0958297,97/958297.mp3,256.5,test,artifacts/melspecs/97/958297.npy,128,1292
track_0961953,53/961953.mp3,59.1,test,artifacts/melspecs/53/961953.npy,128,1292
track_0961955,55/961955.mp3,35.5,test,artifacts/melspecs/55/961955.npy,128,1292
track_0962776,76/962776.mp3,100.2,test,artifacts/melspecs/76/962776.npy,128,1292
track_0962910,10/962910.mp3,222.1,test,artifacts/melspecs/10/962910.npy,128,1292
track_0965788,88/965788.mp3,174.0,test,artifacts/melspecs/88/965788.npy,128,1292
track_0965789,89/965789.mp3,714.3,test,artifacts/melspecs/89/965789.npy,128,1292
track_0965790,90/965790.mp3,59.1,test,artifacts/melspecs/90/965790.npy,128,1292
track_0965791,91/965791.mp3,199.4,test,artifacts/melspecs/91/965791.npy,128,1292
track_0965795,95/965795.mp3,246.3,test,artifacts/melspecs/95/965795.npy,128,1292
track_0965796,96/965796.mp3,61.8,test,artifacts/melspecs/96/965796.npy,128,1292
track_0965797,97/965797.mp3,120.2,test,artifacts/melspecs/97/965797.npy,128,1292
track_0966560,60/966560.mp3,33.5,test,artifacts/melspecs/60/966560.npy,128,1292
track_0966564,64/966564.mp3,161.1,test,artifacts/melspecs/64/966564.npy,128,1292
track_0966567,67/966567.mp3,47.3,test,artifacts/melspecs/67/966567.npy,128,1292
track_0967232,32/967232.mp3,241.2,test,artifacts/melspecs/32/967232.npy,128,1292
track_0969494,94/969494.mp3,251.4,test,artifacts/melspecs/94/969494.npy,128,1292
track_0970598,98/970598.mp3,242.9,test,artifacts/melspecs/98/970598.npy,128,1292
track_0970600,00/970600.mp3,199.8,test,artifacts/melspecs/00/970600.npy,128,1292
track_0970601,01/970601.mp3,221.4,test,artifacts/melspecs/01/970601.npy,128,1292
track_0970849,49/970849.mp3,184.8,test,artifacts/melspecs/49/970849.npy,128,1292
track_0970850,50/970850.mp3,123.9,test,artifacts/melspecs/50/970850.npy,128,1292
track_0970879,79/970879.mp3,117.3,test,artifacts/melspecs/79/970879.npy,128,1292
track_0970884,84/970884.mp3,209.0,test,artifacts/melspecs/84/970884.npy,128,1292
track_0972172,72/972172.mp3,359.2,test,artifacts/melspecs/72/972172.npy,128,1292
track_0972173,73/972173.mp3,596.5,test,artifacts/melspecs/73/972173.npy,128,1292
track_0972174,74/972174.mp3,445.8,test,artifacts/melspecs/74/972174.npy,128,1292
track_0972175,75/972175.mp3,402.4,test,artifacts/melspecs/75/972175.npy,128,1292
track_0972176,76/972176.mp3,291.0,test,artifacts/melspecs/76/972176.npy,128,1292
track_0972186,86/972186.mp3,536.8,test,artifacts/melspecs/86/972186.npy,128,1292
track_0972187,87/972187.mp3,358.1,test,artifacts/melspecs/87/972187.npy,128,1292
track_0972188,88/972188.mp3,229.3,test,artifacts/melspecs/88/972188.npy,128,1292
track_0972189,89/972189.mp3,291.7,test,artifacts/melspecs/89/972189.npy,128,1292
track_0972906,06/972906.mp3,378.0,test,artifacts/melspecs/06/972906.npy,128,1292
track_0972907,07/972907.mp3,279.0,test,artifacts/melspecs/07/972907.npy,128,1292
track_0975594,94/975594.mp3,158.9,test,artifacts/melspecs/94/975594.npy,128,1292
track_0975919,19/975919.mp3,94.6,test,artifacts/melspecs/19/975919.npy,128,1292
track_0976774,74/976774.mp3,194.6,test,artifacts/melspecs/74/976774.npy,128,1292
track_0976775,75/976775.mp3,213.0,test,artifacts/melspecs/75/976775.npy,128,1292
track_0976776,76/976776.mp3,236.1,test,artifacts/melspecs/76/976776.npy,128,1292
track_0976777,77/976777.mp3,221.4,test,artifacts/melspecs/77/976777.npy,128,1292
track_0976778,78/976778.mp3,224.0,test,artifacts/melspecs/78/976778.npy,128,1292
track_0976779,79/976779.mp3,218.8,test,artifacts/melspecs/79/976779.npy,128,1292
track_0976780,80/976780.mp3,152.0,test,artifacts/melspecs/80/976780.npy,128,1292
track_0976781,81/976781.mp3,191.9,test,artifacts/melspecs/81/976781.npy,128,1292
track_0976782,82/976782.mp3,199.2,test,artifacts/melspecs/82/976782.npy,128,1292
track_0976783,83/976783.mp3,222.5,test,artifacts/melspecs/83/976783.npy,128,1292
track_0976784,84/976784.mp3,140.5,test,artifacts/melspecs/84/976784.npy,128,1292
track_0976785,85/976785.mp3,159.7,test,artifacts/melspecs/85/976785.npy,128,1292
track_0976786,86/976786.mp3,248.5,test,artifacts/melspecs/86/976786.npy,128,1292
track_0976787,87/976787.mp3,221.4,test,artifacts/melspecs/87/976787.npy,128,1292
track_0976788,88/976788.mp3,183.2,test,artifacts/melspecs/88/976788.npy,128,1292
track_0976789,89/976789.mp3,173.7,test,artifacts/melspecs/89/976789.npy,128,1292
track_0976790,90/976790.mp3,181.7,test,artifacts/melspecs/90/976790.npy,128,1292
track_0976791,91/976791.mp3,224.3,test,artifacts/melspecs/91/976791.npy,128,1292
track_0976792,92/976792.mp3,210.3,test,artifacts/melspecs/92/976792.npy,128,1292
track_0981228,28/981228.mp3,338.2,test,artifacts/melspecs/28/981228.npy,128,1292
track_0981229,29/981229.mp3,210.7,test,artifacts/melspecs/29/981229.npy,128,1292
track_0981230,30/981230.mp3,507.6,test,artifacts/melspecs/30/981230.npy,128,1292
track_0981231,31/981231.mp3,313.1,test,artifacts/melspecs/31/981231.npy,128,1292
track_0981232,32/981232.mp3,178.8,test,artifacts/melspecs/32/981232.npy,128,1292
track_0981233,33/981233.mp3,365.4,test,artifacts/melspecs/33/981233.npy,128,1292
track_0981234,34/981234.mp3,268.5,test,artifacts/melspecs/34/981234.npy,128,1292
track_0981782,82/981782.mp3,170.1,test,artifacts/melspecs/82/981782.npy,128,1292
track_0993605,05/993605.mp3,258.0,test,artifacts/melspecs/05/993605.npy,128,1292
track_0995792,92/995792.mp3,126.1,test,artifacts/melspecs/92/995792.npy,128,1292
track_1021389,89/1021389.mp3,251.5,test,artifacts/melspecs/89/1021389.npy,128,1292
track_1023260,60/1023260.mp3,103.5,test,artifacts/melspecs/60/1023260.npy,128,1292
track_1023261,61/1023261.mp3,113.4,test,artifacts/melspecs/61/1023261.npy,128,1292
track_1023323,23/1023323.mp3,97.5,test,artifacts/melspecs/23/1023323.npy,128,1292
track_1023399,99/1023399.mp3,150.1,test,artifacts/melspecs/99/1023399.npy,128,1292
track_1023482,82/1023482.mp3,115.7,test,artifacts/melspecs/82/1023482.npy,128,1292
track_1024395,95/1024395.mp3,465.1,test,artifacts/melspecs/95/1024395.npy,128,1292
track_1027570,70/1027570.mp3,161.2,test,artifacts/melspecs/70/1027570.npy,128,1292
track_1027573,73/1027573.mp3,196.0,test,artifacts/melspecs/73/1027573.npy,128,1292
track_1027956,56/1027956.mp3,295.1,test,artifacts/melspecs/56/1027956.npy,128,1292
track_1027959,59/1027959.mp3,236.0,test,artifacts/melspecs/59/1027959.npy,128,1292
track_1029909,09/1029909.mp3,2642.7,test,artifacts/melspecs/09/1029909.npy,128,1292
track_1029915,15/1029915.mp3,1564.5,test,artifacts/melspecs/15/1029915.npy,128,1292
track_1029916,16/1029916.mp3,1445.9,test,artifacts/melspecs/16/1029916.npy,128,1292
track_1029945,45/1029945.mp3,166.9,test,artifacts/melspecs/45/1029945.npy,128,1292
track_1029946,46/1029946.mp3,564.7,test,artifacts/melspecs/46/1029946.npy,128,1292
track_1029948,48/1029948.mp3,570.9,test,artifacts/melspecs/48/1029948.npy,128,1292
track_1029949,49/1029949.mp3,426.4,test,artifacts/melspecs/49/1029949.npy,128,1292
track_1029950,50/1029950.mp3,328.0,test,artifacts/melspecs/50/1029950.npy,128,1292
track_1029952,52/1029952.mp3,274.4,test,artifacts/melspecs/52/1029952.npy,128,1292
track_1029980,80/1029980.mp3,198.5,test,artifacts/melspecs/80/1029980.npy,128,1292
track_1034453,53/1034453.mp3,270.1,test,artifacts/melspecs/53/1034453.npy,128,1292
track_1034460,60/1034460.mp3,199.1,test,artifacts/melspecs/60/1034460.npy,128,1292
track_1035184,84/1035184.mp3,199.4,test,artifacts/melspecs/84/1035184.npy,128,1292
track_1035185,85/1035185.mp3,823.1,test,artifacts/melspecs/85/1035185.npy,128,1292
track_1035186,86/1035186.mp3,1226.1,test,artifacts/melspecs/86/1035186.npy,128,1292
track_1039360,60/1039360.mp3,864.1,test,artifacts/melspecs/60/1039360.npy,128,1292
track_1039361,61/1039361.mp3,53.8,test,artifacts/melspecs/61/1039361.npy,128,1292
track_1039362,62/1039362.mp3,51.2,test,artifacts/melspecs/62/1039362.npy,128,1292
track_1039363,63/1039363.mp3,199.0,test,artifacts/melspecs/63/1039363.npy,128,1292
track_1039757,57/1039757.mp3,210.3,test,artifacts/melspecs/57/1039757.npy,128,1292
track_1039759,59/1039759.mp3,291.1,test,artifacts/melspecs/59/1039759.npy,128,1292
track_1040985,85/1040985.mp3,217.1,test,artifacts/melspecs/85/1040985.npy,128,1292
track_1040987,87/1040987.mp3,229.2,test,artifacts/melspecs/87/1040987.npy,128,1292
track_1044168,68/1044168.mp3,430.0,test,artifacts/melspecs/68/1044168.npy,128,1292
track_1046245,45/1046245.mp3,948.3,test,artifacts/melspecs/45/1046245.npy,128,1292
track_1047957,57/1047957.mp3,246.4,test,artifacts/melspecs/57/1047957.npy,128,1292
track_1047958,58/1047958.mp3,192.5,test,artifacts/melspecs/58/1047958.npy,128,1292
track_1047959,59/1047959.mp3,267.0,test,artifacts/melspecs/59/1047959.npy,128,1292
track_1047960,60/1047960.mp3,297.5,test,artifacts/melspecs/60/1047960.npy,128,1292
track_1047961,61/1047961.mp3,320.0,test,artifacts/melspecs/61/1047961.npy,128,1292
track_1047962,62/1047962.mp3,291.0,test,artifacts/melspecs/62/1047962.npy,128,1292
track_1048289,89/1048289.mp3,244.2,test,artifacts/melspecs/89/1048289.npy,128,1292
track_1048290,90/1048290.mp3,258.5,test,artifacts/melspecs/90/1048290.npy,128,1292
track_1048291,91/1048291.mp3,207.8,test,artifacts/melspecs/91/1048291.npy,128,1292
track_1048302,02/1048302.mp3,215.9,test,artifacts/melspecs/02/1048302.npy,128,1292
track_1048303,03/1048303.mp3,292.0,test,artifacts/melspecs/03/1048303.npy,128,1292
track_1048304,04/1048304.mp3,224.0,test,artifacts/melspecs/04/1048304.npy,128,1292
track_1048305,05/1048305.mp3,288.3,test,artifacts/melspecs/05/1048305.npy,128,1292
track_1048330,30/1048330.mp3,273.2,test,artifacts/melspecs/30/1048330.npy,128,1292
track_1048355,55/1048355.mp3,377.5,test,artifacts/melspecs/55/1048355.npy,128,1292
track_1048356,56/1048356.mp3,202.5,test,artifacts/melspecs/56/1048356.npy,128,1292
track_1048357,57/1048357.mp3,229.7,test,artifacts/melspecs/57/1048357.npy,128,1292
track_1048358,58/1048358.mp3,254.2,test,artifacts/melspecs/58/1048358.npy,128,1292
track_1048359,59/1048359.mp3,220.3,test,artifacts/melspecs/59/1048359.npy,128,1292
track_1048360,60/1048360.mp3,307.8,test,artifacts/melspecs/60/1048360.npy,128,1292
track_1048361,61/1048361.mp3,184.5,test,artifacts/melspecs/61/1048361.npy,128,1292
track_1048363,63/1048363.mp3,234.4,test,artifacts/melspecs/63/1048363.npy,128,1292
track_1048372,72/1048372.mp3,211.5,test,artifacts/melspecs/72/1048372.npy,128,1292
track_1048749,49/1048749.mp3,245.6,test,artifacts/melspecs/49/1048749.npy,128,1292
track_1048750,50/1048750.mp3,252.2,test,artifacts/melspecs/50/1048750.npy,128,1292
track_1048751,51/1048751.mp3,228.0,test,artifacts/melspecs/51/1048751.npy,128,1292
track_1048752,52/1048752.mp3,265.1,test,artifacts/melspecs/52/1048752.npy,128,1292
track_1048765,65/1048765.mp3,224.1,test,artifacts/melspecs/65/1048765.npy,128,1292
track_1048767,67/1048767.mp3,342.6,test,artifacts/melspecs/67/1048767.npy,128,1292
track_1048769,69/1048769.mp3,219.2,test,artifacts/melspecs/69/1048769.npy,128,1292
track_1048770,70/1048770.mp3,258.4,test,artifacts/melspecs/70/1048770.npy,128,1292
track_1048771,71/1048771.mp3,315.8,test,artifacts/melspecs/71/1048771.npy,128,1292
track_1048772,72/1048772.mp3,191.9,test,artifacts/melspecs/72/1048772.npy,128,1292
track_1048773,73/1048773.mp3,299.9,test,artifacts/melspecs/73/1048773.npy,128,1292
track_1048782,82/1048782.mp3,160.3,test,artifacts/melspecs/82/1048782.npy,128,1292
track_1048783,83/1048783.mp3,212.5,test,artifacts/melspecs/83/1048783.npy,128,1292
track_1048791,91/1048791.mp3,244.0,test,artifacts/melspecs/91/1048791.npy,128,1292
track_1048792,92/1048792.mp3,181.3,test,artifacts/melspecs/92/1048792.npy,128,1292
track_1048793,93/1048793.mp3,280.3,test,artifacts/melspecs/93/1048793.npy,128,1292
track_1048797,97/1048797.mp3,263.7,test,artifacts/melspecs/97/1048797.npy,128,1292
track_1049489,89/1049489.mp3,434.5,test,artifacts/melspecs/89/1049489.npy,128,1292
track_1049492,92/1049492.mp3,250.0,test,artifacts/melspecs/92/1049492.npy,128,1292
track_1049493,93/1049493.mp3,247.4,test,artifacts/melspecs/93/1049493.npy,128,1292
track_1049494,94/1049494.mp3,259.3,test,artifacts/melspecs/94/1049494.npy,128,1292
track_1049495,95/1049495.mp3,189.5,test,artifacts/melspecs/95/1049495.npy,128,1292
track_1049496,96/1049496.mp3,264.6,test,artifacts/melspecs/96/1049496.npy,128,1292
track_1049512,12/1049512.mp3,225.6,test,artifacts/melspecs/12/1049512.npy,128,1292
track_1049513,13/1049513.mp3,234.0,test,artifacts/melspecs/13/1049513.npy,128,1292
track_1049514,14/1049514.mp3,152.8,test,artifacts/melspecs/14/1049514.npy,128,1292
track_1049515,15/1049515.mp3,257.5,test,artifacts/melspecs/15/1049515.npy,128,1292
track_1049516,16/1049516.mp3,277.5,test,artifacts/melspecs/16/1049516.npy,128,1292
track_1049517,17/1049517.mp3,228.4,test,artifacts/melspecs/17/1049517.npy,128,1292
track_1049530,30/1049530.mp3,235.3,test,artifacts/melspecs/30/1049530.npy,128,1292
track_1049531,31/1049531.mp3,290.5,test,artifacts/melspecs/31/1049531.npy,128,1292
track_1049532,32/1049532.mp3,250.4,test,artifacts/melspecs/32/1049532.npy,128,1292
track_1049546,46/1049546.mp3,239.0,test,artifacts/melspecs/46/1049546.npy,128,1292
track_1049553,53/1049553.mp3,229.7,test,artifacts/melspecs/53/1049553.npy,128,1292
track_1049702,02/1049702.mp3,224.0,test,artifacts/melspecs/02/1049702.npy,128,1292
track_1049703,03/1049703.mp3,247.3,test,artifacts/melspecs/03/1049703.npy,128,1292
track_1049704,04/1049704.mp3,280.9,test,artifacts/melspecs/04/1049704.npy,128,1292
track_1049705,05/1049705.mp3,262.6,test,artifacts/melspecs/05/1049705.npy,128,1292
track_1049706,06/1049706.mp3,269.6,test,artifacts/melspecs/06/1049706.npy,128,1292
track_1049707,07/1049707.mp3,259.5,test,artifacts/melspecs/07/1049707.npy,128,1292
track_1049708,08/1049708.mp3,251.0,test,artifacts/melspecs/08/1049708.npy,128,1292
track_1049709,09/1049709.mp3,210.2,test,artifacts/melspecs/09/1049709.npy,128,1292
track_1049710,10/1049710.mp3,221.4,test,artifacts/melspecs/10/1049710.npy,128,1292
track_1049711,11/1049711.mp3,278.1,test,artifacts/melspecs/11/1049711.npy,128,1292
track_1049712,12/1049712.mp3,280.0,test,artifacts/melspecs/12/1049712.npy,128,1292
track_1049713,13/1049713.mp3,248.9,test,artifacts/melspecs/13/1049713.npy,128,1292
track_1049717,17/1049717.mp3,336.5,test,artifacts/melspecs/17/1049717.npy,128,1292
track_1049718,18/1049718.mp3,166.7,test,artifacts/melspecs/18/1049718.npy,128,1292
track_1049719,19/1049719.mp3,254.5,test,artifacts/melspecs/19/1049719.npy,128,1292
track_1049720,20/1049720.mp3,197.0,test,artifacts/melspecs/20/1049720.npy,128,1292
track_1049721,21/1049721.mp3,286.2,test,artifacts/melspecs/21/1049721.npy,128,1292
track_1051199,99/1051199.mp3,225.7,test,artifacts/melspecs/99/1051199.npy,128,1292
track_1051207,07/1051207.mp3,168.6,test,artifacts/melspecs/07/1051207.npy,128,1292
track_1052052,52/1052052.mp3,312.0,test,artifacts/melspecs/52/1052052.npy,128,1292
track_1052772,72/1052772.mp3,464.0,test,artifacts/melspecs/72/1052772.npy,128,1292
track_1052777,77/1052777.mp3,244.0,test,artifacts/melspecs/77/1052777.npy,128,1292
track_1052778,78/1052778.mp3,192.0,test,artifacts/melspecs/78/1052778.npy,128,1292
track_1052780,80/1052780.mp3,458.0,test,artifacts/melspecs/80/1052780.npy,128,1292
track_1054118,18/1054118.mp3,187.7,test,artifacts/melspecs/18/1054118.npy,128,1292
track_1054344,44/1054344.mp3,235.2,test,artifacts/melspecs/44/1054344.npy,128,1292
track_1054346,46/1054346.mp3,157.3,test,artifacts/melspecs/46/1054346.npy,128,1292
track_1054347,47/1054347.mp3,286.5,test,artifacts/melspecs/47/1054347.npy,128,1292
track_1055908,08/1055908.mp3,309.4,test,artifacts/melspecs/08/1055908.npy,128,1292
track_1058322,22/1058322.mp3,240.0,test,artifacts/melspecs/22/1058322.npy,128,1292
track_1058323,23/1058323.mp3,270.6,test,artifacts/melspecs/23/1058323.npy,128,1292
track_1058324,24/1058324.mp3,223.7,test,artifacts/melspecs/24/1058324.npy,128,1292
track_1058325,25/1058325.mp3,237.4,test,artifacts/melspecs/25/1058325.npy,128,1292
track_1058326,26/1058326.mp3,238.7,test,artifacts/melspecs/26/1058326.npy,128,1292
track_1058327,27/1058327.mp3,260.0,test,artifacts/melspecs/27/1058327.npy,128,1292
track_1058328,28/1058328.mp3,340.5,test,artifacts/melspecs/28/1058328.npy,128,1292
track_1058329,29/1058329.mp3,242.5,test,artifacts/melspecs/29/1058329.npy,128,1292
track_1058330,30/1058330.mp3,345.1,test,artifacts/melspecs/30/1058330.npy,128,1292
track_1059885,85/1059885.mp3,194.7,test,artifacts/melspecs/85/1059885.npy,128,1292
track_1062830,30/1062830.mp3,786.1,test,artifacts/melspecs/30/1062830.npy,128,1292
track_1062831,31/1062831.mp3,290.1,test,artifacts/melspecs/31/1062831.npy,128,1292
track_1063326,26/1063326.mp3,224.0,test,artifacts/melspecs/26/1063326.npy,128,1292
track_1063327,27/1063327.mp3,142.0,test,artifacts/melspecs/27/1063327.npy,128,1292
track_1063328,28/1063328.mp3,180.0,test,artifacts/melspecs/28/1063328.npy,128,1292
track_1063331,31/1063331.mp3,200.0,test,artifacts/melspecs/31/1063331.npy,128,1292
track_1063333,33/1063333.mp3,254.0,test,artifacts/melspecs/33/1063333.npy,128,1292
track_1063334,34/1063334.mp3,247.9,test,artifacts/melspecs/34/1063334.npy,128,1292
track_1063335,35/1063335.mp3,246.6,test,artifacts/melspecs/35/1063335.npy,128,1292
track_1063336,36/1063336.mp3,276.0,test,artifacts/melspecs/36/1063336.npy,128,1292
track_1063337,37/1063337.mp3,164.5,test,artifacts/melspecs/37/1063337.npy,128,1292
track_1063450,50/1063450.mp3,385.6,test,artifacts/melspecs/50/1063450.npy,128,1292
track_1063451,51/1063451.mp3,264.0,test,artifacts/melspecs/51/1063451.npy,128,1292
track_1063452,52/1063452.mp3,204.0,test,artifacts/melspecs/52/1063452.npy,128,1292
track_1063454,54/1063454.mp3,119.5,test,artifacts/melspecs/54/1063454.npy,128,1292
track_1063455,55/1063455.mp3,505.2,test,artifacts/melspecs/55/1063455.npy,128,1292
track_1063457,57/1063457.mp3,141.9,test,artifacts/melspecs/57/1063457.npy,128,1292
track_1063458,58/1063458.mp3,158.4,test,artifacts/melspecs/58/1063458.npy,128,1292
track_1063459,59/1063459.mp3,264.0,test,artifacts/melspecs/59/1063459.npy,128,1292
track_1063878,78/1063878.mp3,133.1,test,artifacts/melspecs/78/1063878.npy,128,1292
track_1064239,39/1064239.mp3,131.7,test,artifacts/melspecs/39/1064239.npy,128,1292
track_1065654,54/1065654.mp3,170.9,test,artifacts/melspecs/54/1065654.npy,128,1292
track_1065655,55/1065655.mp3,170.9,test,artifacts/melspecs/55/1065655.npy,128,1292
track_1066197,97/1066197.mp3,304.0,test,artifacts/melspecs/97/1066197.npy,128,1292
track_1066199,99/1066199.mp3,317.5,test,artifacts/melspecs/99/1066199.npy,128,1292
track_1066200,00/1066200.mp3,324.3,test,artifacts/melspecs/00/1066200.npy,128,1292
track_1066201,01/1066201.mp3,358.5,test,artifacts/melspecs/01/1066201.npy,128,1292
track_1066202,02/1066202.mp3,407.6,test,artifacts/melspecs/02/1066202.npy,128,1292
track_1066203,03/1066203.mp3,470.3,test,artifacts/melspecs/03/1066203.npy,128,1292
track_1066204,04/1066204.mp3,280.6,test,artifacts/melspecs/04/1066204.npy,128,1292
track_1066205,05/1066205.mp3,427.3,test,artifacts/melspecs/05/1066205.npy,128,1292
track_1066206,06/1066206.mp3,291.1,test,artifacts/melspecs/06/1066206.npy,128,1292
track_1066797,97/1066797.mp3,166.0,test,artifacts/melspecs/97/1066797.npy,128,1292
track_1066798,98/1066798.mp3,218.0,test,artifacts/melspecs/98/1066798.npy,128,1292
track_1066799,99/1066799.mp3,205.1,test,artifacts/melspecs/99/1066799.npy,128,1292
track_1066801,01/1066801.mp3,217.4,test,artifacts/melspecs/01/1066801.npy,128,1292
track_1066803,03/1066803.mp3,238.4,test,artifacts/melspecs/03/1066803.npy,128,1292
track_1066804,04/1066804.mp3,251.3,test,artifacts/melspecs/04/1066804.npy,128,1292
track_1066805,05/1066805.mp3,240.0,test,artifacts/melspecs/05/1066805.npy,128,1292
track_1066806,06/1066806.mp3,228.0,test,artifacts/melspecs/06/1066806.npy,128,1292
track_1066807,07/1066807.mp3,248.0,test,artifacts/melspecs/07/1066807.npy,128,1292
track_1070256,56/1070256.mp3,127.6,test,artifacts/melspecs/56/1070256.npy,128,1292
track_1073290,90/1073290.mp3,236.5,test,artifacts/melspecs/90/1073290.npy,128,1292
track_1073291,91/1073291.mp3,183.3,test,artifacts/melspecs/91/1073291.npy,128,1292
track_1075048,48/1075048.mp3,298.7,test,artifacts/melspecs/48/1075048.npy,128,1292
track_1076448,48/1076448.mp3,176.5,test,artifacts/melspecs/48/1076448.npy,128,1292
track_1078576,76/1078576.mp3,75.2,test,artifacts/melspecs/76/1078576.npy,128,1292
track_1078577,77/1078577.mp3,48.6,test,artifacts/melspecs/77/1078577.npy,128,1292
track_1078578,78/1078578.mp3,65.1,test,artifacts/melspecs/78/1078578.npy,128,1292
track_1078606,06/1078606.mp3,177.2,test,artifacts/melspecs/06/1078606.npy,128,1292
track_1078607,07/1078607.mp3,69.2,test,artifacts/melspecs/07/1078607.npy,128,1292
track_1078608,08/1078608.mp3,50.6,test,artifacts/melspecs/08/1078608.npy,128,1292
track_1078609,09/1078609.mp3,50.4,test,artifacts/melspecs/09/1078609.npy,128,1292
track_1078610,10/1078610.mp3,45.5,test,artifacts/melspecs/10/1078610.npy,128,1292
track_1078611,11/1078611.mp3,489.1,test,artifacts/melspecs/11/1078611.npy,128,1292
track_1078613,13/1078613.mp3,216.2,test,artifacts/melspecs/13/1078613.npy,128,1292
track_1078614,14/1078614.mp3,104.7,test,artifacts/melspecs/14/1078614.npy,128,1292
track_1078615,15/1078615.mp3,334.6,test,artifacts/melspecs/15/1078615.npy,128,1292
track_1078616,16/1078616.mp3,100.3,test,artifacts/melspecs/16/1078616.npy,128,1292
track_1078617,17/1078617.mp3,71.7,test,artifacts/melspecs/17/1078617.npy,128,1292
track_1078618,18/1078618.mp3,48.2,test,artifacts/melspecs/18/1078618.npy,128,1292
track_1078619,19/1078619.mp3,50.6,test,artifacts/melspecs/19/1078619.npy,128,1292
track_1078984,84/1078984.mp3,226.7,test,artifacts/melspecs/84/1078984.npy,128,1292
track_1079313,13/1079313.mp3,3546.3,test,artifacts/melspecs/13/1079313.npy,128,1292
track_1079319,19/1079319.mp3,207.2,test,artifacts/melspecs/19/1079319.npy,128,1292
track_1079320,20/1079320.mp3,2735.2,test,artifacts/melspecs/20/1079320.npy,128,1292
track_1079321,21/1079321.mp3,1979.5,test,artifacts/melspecs/21/1079321.npy,128,1292
track_1079805,05/1079805.mp3,219.0,test,artifacts/melspecs/05/1079805.npy,128,1292
track_1079809,09/1079809.mp3,246.1,test,artifacts/melspecs/09/1079809.npy,128,1292
track_1079811,11/1079811.mp3,240.8,test,artifacts/melspecs/11/1079811.npy,128,1292
track_1079818,18/1079818.mp3,221.0,test,artifacts/melspecs/18/1079818.npy,128,1292
track_1079823,23/1079823.mp3,272.0,test,artifacts/melspecs/23/1079823.npy,128,1292
track_1081260,60/1081260.mp3,188.0,test,artifacts/melspecs/60/1081260.npy,128,1292
track_1082112,12/1082112.mp3,264.0,test,artifacts/melspecs/12/1082112.npy,128,1292
track_1083470,70/1083470.mp3,266.7,test,artifacts/melspecs/70/1083470.npy,128,1292
track_1084165,65/1084165.mp3,143.7,test,artifacts/melspecs/65/1084165.npy,128,1292
track_1084166,66/1084166.mp3,215.9,test,artifacts/melspecs/66/1084166.npy,128,1292
track_1084167,67/1084167.mp3,186.7,test,artifacts/melspecs/67/1084167.npy,128,1292
track_1084168,68/1084168.mp3,199.2,test,artifacts/melspecs/68/1084168.npy,128,1292
track_1084169,69/1084169.mp3,153.8,test,artifacts/melspecs/69/1084169.npy,128,1292
track_1084170,70/1084170.mp3,170.8,test,artifacts/melspecs/70/1084170.npy,128,1292
track_1084171,71/1084171.mp3,194.4,test,artifacts/melspecs/71/1084171.npy,128,1292
track_1084172,72/1084172.mp3,189.3,test,artifacts/melspecs/72/1084172.npy,128,1292
track_1084173,73/1084173.mp3,122.6,test,artifacts/melspecs/73/1084173.npy,128,1292
track_1084174,74/1084174.mp3,165.7,test,artifacts/melspecs/74/1084174.npy,128,1292
track_1084175,75/1084175.mp3,187.3,test,artifacts/melspecs/75/1084175.npy,128,1292
track_1084176,76/1084176.mp3,204.5,test,artifacts/melspecs/76/1084176.npy,128,1292
track_1084177,77/1084177.mp3,270.8,test,artifacts/melspecs/77/1084177.npy,128,1292
track_1084178,78/1084178.mp3,152.0,test,artifacts/melspecs/78/1084178.npy,128,1292
track_1086035,35/1086035.mp3,248.0,test,artifacts/melspecs/35/1086035.npy,128,1292
track_1086614,14/1086614.mp3,2183.1,test,artifacts/melspecs/14/1086614.npy,128,1292
track_1086615,15/1086615.mp3,1719.1,test,artifacts/melspecs/15/1086615.npy,128,1292
track_1086616,16/1086616.mp3,834.0,test,artifacts/melspecs/16/1086616.npy,128,1292
track_1089084,84/1089084.mp3,216.3,test,artifacts/melspecs/84/1089084.npy,128,1292
track_1089085,85/1089085.mp3,151.7,test,artifacts/melspecs/85/1089085.npy,128,1292
track_1089086,86/1089086.mp3,247.5,test,artifacts/melspecs/86/1089086.npy,128,1292
track_1089971,71/1089971.mp3,194.4,test,artifacts/melspecs/71/1089971.npy,128,1292
track_1090143,43/1090143.mp3,220.2,test,artifacts/melspecs/43/1090143.npy,128,1292
track_1090144,44/1090144.mp3,221.6,test,artifacts/melspecs/44/1090144.npy,128,1292
track_1090145,45/1090145.mp3,329.0,test,artifacts/melspecs/45/1090145.npy,128,1292
track_1090146,46/1090146.mp3,215.2,test,artifacts/melspecs/46/1090146.npy,128,1292
track_1090147,47/1090147.mp3,220.0,test,artifacts/melspecs/47/1090147.npy,128,1292
track_1090148,48/1090148.mp3,225.6,test,artifacts/melspecs/48/1090148.npy,128,1292
track_1090149,49/1090149.mp3,384.0,test,artifacts/melspecs/49/1090149.npy,128,1292
track_1090150,50/1090150.mp3,302.4,test,artifacts/melspecs/50/1090150.npy,128,1292
track_1090692,92/1090692.mp3,509.0,test,artifacts/melspecs/92/1090692.npy,128,1292
track_1090693,93/1090693.mp3,91.2,test,artifacts/melspecs/93/1090693.npy,128,1292
track_1090694,94/1090694.mp3,86.5,test,artifacts/melspecs/94/1090694.npy,128,1292
track_1090695,95/1090695.mp3,199.4,test,artifacts/melspecs/95/1090695.npy,128,1292
track_1090696,96/1090696.mp3,121.3,test,artifacts/melspecs/96/1090696.npy,128,1292
track_1090697,97/1090697.mp3,312.1,test,artifacts/melspecs/97/1090697.npy,128,1292
track_1090698,98/1090698.mp3,247.3,test,artifacts/melspecs/98/1090698.npy,128,1292
track_1090699,99/1090699.mp3,194.0,test,artifacts/melspecs/99/1090699.npy,128,1292
track_1090700,00/1090700.mp3,197.7,test,artifacts/melspecs/00/1090700.npy,128,1292
track_1090701,01/1090701.mp3,175.9,test,artifacts/melspecs/01/1090701.npy,128,1292
track_1096119,19/1096119.mp3,303.9,test,artifacts/melspecs/19/1096119.npy,128,1292
track_1096120,20/1096120.mp3,264.2,test,artifacts/melspecs/20/1096120.npy,128,1292
track_1096121,21/1096121.mp3,220.6,test,artifacts/melspecs/21/1096121.npy,128,1292
track_1096122,22/1096122.mp3,178.4,test,artifacts/melspecs/22/1096122.npy,128,1292
track_1096123,23/1096123.mp3,144.8,test,artifacts/melspecs/23/1096123.npy,128,1292
track_1096124,24/1096124.mp3,209.9,test,artifacts/melspecs/24/1096124.npy,128,1292
track_1096125,25/1096125.mp3,308.6,test,artifacts/melspecs/25/1096125.npy,128,1292
track_1096126,26/1096126.mp3,194.7,test,artifacts/melspecs/26/1096126.npy,128,1292
track_1096127,27/1096127.mp3,201.2,test,artifacts/melspecs/27/1096127.npy,128,1292
track_1096128,28/1096128.mp3,135.6,test,artifacts/melspecs/28/1096128.npy,128,1292
track_1096129,29/1096129.mp3,158.7,test,artifacts/melspecs/29/1096129.npy,128,1292
track_1096130,30/1096130.mp3,312.3,test,artifacts/melspecs/30/1096130.npy,128,1292
track_1096131,31/1096131.mp3,190.4,test,artifacts/melspecs/31/1096131.npy,128,1292
track_1096132,32/1096132.mp3,260.8,test,artifacts/melspecs/32/1096132.npy,128,1292
track_1096133,33/1096133.mp3,243.0,test,artifacts/melspecs/33/1096133.npy,128,1292
track_1096134,34/1096134.mp3,291.7,test,artifacts/melspecs/34/1096134.npy,128,1292
track_1096135,35/1096135.mp3,198.1,test,artifacts/melspecs/35/1096135.npy,128,1292
track_1096136,36/1096136.mp3,282.4,test,artifacts/melspecs/36/1096136.npy,128,1292
track_1096306,06/1096306.mp3,338.2,test,artifacts/melspecs/06/1096306.npy,128,1292
track_1096307,07/1096307.mp3,279.4,test,artifacts/melspecs/07/1096307.npy,128,1292
track_1096308,08/1096308.mp3,176.2,test,artifacts/melspecs/08/1096308.npy,128,1292
track_1097804,04/1097804.mp3,406.3,test,artifacts/melspecs/04/1097804.npy,128,1292
track_1098826,26/1098826.mp3,263.0,test,artifacts/melspecs/26/1098826.npy,128,1292
track_1102313,13/1102313.mp3,876.0,test,artifacts/melspecs/13/1102313.npy,128,1292
track_1107251,51/1107251.mp3,228.6,test,artifacts/melspecs/51/1107251.npy,128,1292
track_1107267,67/1107267.mp3,264.0,test,artifacts/melspecs/67/1107267.npy,128,1292
track_1107268,68/1107268.mp3,259.8,test,artifacts/melspecs/68/1107268.npy,128,1292
track_1107269,69/1107269.mp3,303.3,test,artifacts/melspecs/69/1107269.npy,128,1292
track_1107270,70/1107270.mp3,208.5,test,artifacts/melspecs/70/1107270.npy,128,1292
track_1107271,71/1107271.mp3,206.9,test,artifacts/melspecs/71/1107271.npy,128,1292
track_1107272,72/1107272.mp3,252.8,test,artifacts/melspecs/72/1107272.npy,128,1292
track_1107273,73/1107273.mp3,341.3,test,artifacts/melspecs/73/1107273.npy,128,1292
track_1107274,74/1107274.mp3,397.3,test,artifacts/melspecs/74/1107274.npy,128,1292
track_1107329,29/1107329.mp3,363.0,test,artifacts/melspecs/29/1107329.npy,128,1292
track_1108658,58/1108658.mp3,199.4,test,artifacts/melspecs/58/1108658.npy,128,1292
track_1108659,59/1108659.mp3,258.8,test,artifacts/melspecs/59/1108659.npy,128,1292
track_1109633,33/1109633.mp3,184.0,test,artifacts/melspecs/33/1109633.npy,128,1292
track_1109811,11/1109811.mp3,147.6,test,artifacts/melspecs/11/1109811.npy,128,1292
track_1109812,12/1109812.mp3,142.0,test,artifacts/melspecs/12/1109812.npy,128,1292
track_1109813,13/1109813.mp3,148.6,test,artifacts/melspecs/13/1109813.npy,128,1292
track_1109814,14/1109814.mp3,128.8,test,artifacts/melspecs/14/1109814.npy,128,1292
track_1109815,15/1109815.mp3,130.4,test,artifacts/melspecs/15/1109815.npy,128,1292
track_1109816,16/1109816.mp3,138.2,test,artifacts/melspecs/16/1109816.npy,128,1292
track_1109817,17/1109817.mp3,163.2,test,artifacts/melspecs/17/1109817.npy,128,1292
track_1109818,18/1109818.mp3,134.0,test,artifacts/melspecs/18/1109818.npy,128,1292
track_1109819,19/1109819.mp3,132.0,test,artifacts/melspecs/19/1109819.npy,128,1292
track_1109820,20/1109820.mp3,129.6,test,artifacts/melspecs/20/1109820.npy,128,1292
track_1109821,21/1109821.mp3,137.2,test,artifacts/melspecs/21/1109821.npy,128,1292
track_1109822,22/1109822.mp3,142.3,test,artifacts/melspecs/22/1109822.npy,128,1292
track_1109823,23/1109823.mp3,122.9,test,artifacts/melspecs/23/1109823.npy,128,1292
track_1116399,99/1116399.mp3,90.0,test,artifacts/melspecs/99/1116399.npy,128,1292
track_1116400,00/1116400.mp3,90.0,test,artifacts/melspecs/00/1116400.npy,128,1292
track_1116401,01/1116401.mp3,90.0,test,artifacts/melspecs/01/1116401.npy,128,1292
track_1116402,02/1116402.mp3,90.0,test,artifacts/melspecs/02/1116402.npy,128,1292
track_1116403,03/1116403.mp3,90.0,test,artifacts/melspecs/03/1116403.npy,128,1292
track_1116404,04/1116404.mp3,90.0,test,artifacts/melspecs/04/1116404.npy,128,1292
track_1116405,05/1116405.mp3,90.0,test,artifacts/melspecs/05/1116405.npy,128,1292
track_1116406,06/1116406.mp3,90.0,test,artifacts/melspecs/06/1116406.npy,128,1292
track_1116407,07/1116407.mp3,90.0,test,artifacts/melspecs/07/1116407.npy,128,1292
track_1116408,08/1116408.mp3,90.0,test,artifacts/melspecs/08/1116408.npy,128,1292
track_1116409,09/1116409.mp3,90.0,test,artifacts/melspecs/09/1116409.npy,128,1292
track_1116934,34/1116934.mp3,45.3,test,artifacts/melspecs/34/1116934.npy,128,1292
track_1116935,35/1116935.mp3,1765.0,test,artifacts/melspecs/35/1116935.npy,128,1292
track_1116936,36/1116936.mp3,71.5,test,artifacts/melspecs/36/1116936.npy,128,1292
track_1116937,37/1116937.mp3,240.0,test,artifacts/melspecs/37/1116937.npy,128,1292
track_1116938,38/1116938.mp3,2946.0,test,artifacts/melspecs/38/1116938.npy,128,1292
track_1116939,39/1116939.mp3,351.6,test,artifacts/melspecs/39/1116939.npy,128,1292
track_1116940,40/1116940.mp3,1446.1,test,artifacts/melspecs/40/1116940.npy,128,1292
track_1116941,41/1116941.mp3,917.8,test,artifacts/melspecs/41/1116941.npy,128,1292
track_1116942,42/1116942.mp3,1897.9,test,artifacts/melspecs/42/1116942.npy,128,1292
track_1116943,43/1116943.mp3,780.9,test,artifacts/melspecs/43/1116943.npy,128,1292
track_1116944,44/1116944.mp3,65.8,test,artifacts/melspecs/44/1116944.npy,128,1292
track_1116945,45/1116945.mp3,925.2,test,artifacts/melspecs/45/1116945.npy,128,1292
track_1116946,46/1116946.mp3,190.2,test,artifacts/melspecs/46/1116946.npy,128,1292
track_1116947,47/1116947.mp3,2617.6,test,artifacts/melspecs/47/1116947.npy,128,1292
track_1116948,48/1116948.mp3,119.7,test,artifacts/melspecs/48/1116948.npy,128,1292
track_1116949,49/1116949.mp3,80.9,test,artifacts/melspecs/49/1116949.npy,128,1292
track_1116950,50/1116950.mp3,443.2,test,artifacts/melspecs/50/1116950.npy,128,1292
track_1116951,51/1116951.mp3,491.6,test,artifacts/melspecs/51/1116951.npy,128,1292
track_1116952,52/1116952.mp3,1347.4,test,artifacts/melspecs/52/1116952.npy,128,1292
track_1116953,53/1116953.mp3,1576.6,test,artifacts/melspecs/53/1116953.npy,128,1292
track_1119403,03/1119403.mp3,90.0,test,artifacts/melspecs/03/1119403.npy,128,1292
track_1119404,04/1119404.mp3,107.8,test,artifacts/melspecs/04/1119404.npy,128,1292
track_1119405,05/1119405.mp3,122.5,test,artifacts/melspecs/05/1119405.npy,128,1292
track_1119406,06/1119406.mp3,138.9,test,artifacts/melspecs/06/1119406.npy,128,1292
track_1119407,07/1119407.mp3,340.7,test,artifacts/melspecs/07/1119407.npy,128,1292
track_1119408,08/1119408.mp3,377.4,test,artifacts/melspecs/08/1119408.npy,128,1292
track_1119574,74/1119574.mp3,177.7,test,artifacts/melspecs/74/1119574.npy,128,1292
track_1119632,32/1119632.mp3,214.8,test,artifacts/melspecs/32/1119632.npy,128,1292
track_1119661,61/1119661.mp3,222.4,test,artifacts/melspecs/61/1119661.npy,128,1292
track_1119662,62/1119662.mp3,330.0,test,artifacts/melspecs/62/1119662.npy,128,1292
track_1119663,63/1119663.mp3,127.7,test,artifacts/melspecs/63/1119663.npy,128,1292
track_1119664,64/1119664.mp3,240.9,test,artifacts/melspecs/64/1119664.npy,128,1292
track_1120174,74/1120174.mp3,209.7,test,artifacts/melspecs/74/1120174.npy,128,1292
track_1122004,04/1122004.mp3,209.1,test,artifacts/melspecs/04/1122004.npy,128,1292
track_1122005,05/1122005.mp3,202.9,test,artifacts/melspecs/05/1122005.npy,128,1292
track_1122006,06/1122006.mp3,187.5,test,artifacts/melspecs/06/1122006.npy,128,1292
track_1122007,07/1122007.mp3,196.6,test,artifacts/melspecs/07/1122007.npy,128,1292
track_1122008,08/1122008.mp3,233.2,test,artifacts/melspecs/08/1122008.npy,128,1292
track_1122009,09/1122009.mp3,186.8,test,artifacts/melspecs/09/1122009.npy,128,1292
track_1122010,10/1122010.mp3,146.0,test,artifacts/melspecs/10/1122010.npy,128,1292
track_1122011,11/1122011.mp3,147.2,test,artifacts/melspecs/11/1122011.npy,128,1292
track_1122012,12/1122012.mp3,235.1,test,artifacts/melspecs/12/1122012.npy,128,1292
track_1122013,13/1122013.mp3,232.7,test,artifacts/melspecs/13/1122013.npy,128,1292
track_1122014,14/1122014.mp3,223.9,test,artifacts/melspecs/14/1122014.npy,128,1292
track_1122015,15/1122015.mp3,177.2,test,artifacts/melspecs/15/1122015.npy,128,1292
track_1122016,16/1122016.mp3,153.0,test,artifacts/melspecs/16/1122016.npy,128,1292
track_1124712,12/1124712.mp3,131.3,test,artifacts/melspecs/12/1124712.npy,128,1292
track_1129933,33/1129933.mp3,280.1,test,artifacts/melspecs/33/1129933.npy,128,1292
track_1129934,34/1129934.mp3,214.1,test,artifacts/melspecs/34/1129934.npy,128,1292
track_1129935,35/1129935.mp3,449.9,test,artifacts/melspecs/35/1129935.npy,128,1292
track_1129936,36/1129936.mp3,523.0,test,artifacts/melspecs/36/1129936.npy,128,1292
track_1131043,43/1131043.mp3,77.5,test,artifacts/melspecs/43/1131043.npy,128,1292
track_1131044,44/1131044.mp3,36.5,test,artifacts/melspecs/44/1131044.npy,128,1292
track_1131046,46/1131046.mp3,36.0,test,artifacts/melspecs/46/1131046.npy,128,1292
track_1131047,47/1131047.mp3,140.6,test,artifacts/melspecs/47/1131047.npy,128,1292
track_1131049,49/1131049.mp3,31.2,test,artifacts/melspecs/49/1131049.npy,128,1292
track_1132091,91/1132091.mp3,472.1,test,artifacts/melspecs/91/1132091.npy,128,1292
track_1133262,62/1133262.mp3,278.7,test,artifacts/melspecs/62/1133262.npy,128,1292
track_1133263,63/1133263.mp3,264.0,test,artifacts/melspecs/63/1133263.npy,128,1292
track_1133264,64/1133264.mp3,358.2,test,artifacts/melspecs/64/1133264.npy,128,1292
track_1133475,75/1133475.mp3,195.6,test,artifacts/melspecs/75/1133475.npy,128,1292
track_1133476,76/1133476.mp3,243.3,test,artifacts/melspecs/76/1133476.npy,128,1292
track_1133477,77/1133477.mp3,220.2,test,artifacts/melspecs/77/1133477.npy,128,1292
track_1133478,78/1133478.mp3,207.6,test,artifacts/melspecs/78/1133478.npy,128,1292
track_1133479,79/1133479.mp3,193.6,test,artifacts/melspecs/79/1133479.npy,128,1292
track_1133481,81/1133481.mp3,196.8,test,artifacts/melspecs/81/1133481.npy,128,1292
track_1134446,46/1134446.mp3,251.7,test,artifacts/melspecs/46/1134446.npy,128,1292
track_1135054,54/1135054.mp3,348.0,test,artifacts/melspecs/54/1135054.npy,128,1292
track_1135530,30/1135530.mp3,227.8,test,artifacts/melspecs/30/1135530.npy,128,1292
track_1142560,60/1142560.mp3,173.1,test,artifacts/melspecs/60/1142560.npy,128,1292
track_1142561,61/1142561.mp3,277.6,test,artifacts/melspecs/61/1142561.npy,128,1292
track_1142562,62/1142562.mp3,238.6,test,artifacts/melspecs/62/1142562.npy,128,1292
track_1142563,63/1142563.mp3,229.4,test,artifacts/melspecs/63/1142563.npy,128,1292
track_1142564,64/1142564.mp3,273.5,test,artifacts/melspecs/64/1142564.npy,128,1292
track_1142567,67/1142567.mp3,170.2,test,artifacts/melspecs/67/1142567.npy,128,1292
track_1142568,68/1142568.mp3,217.3,test,artifacts/melspecs/68/1142568.npy,128,1292
track_1142569,69/1142569.mp3,182.3,test,artifacts/melspecs/69/1142569.npy,128,1292
track_1142570,70/1142570.mp3,234.5,test,artifacts/melspecs/70/1142570.npy,128,1292
track_1143010,10/1143010.mp3,195.7,test,artifacts/melspecs/10/1143010.npy,128,1292
track_1143011,11/1143011.mp3,97.9,test,artifacts/melspecs/11/1143011.npy,128,1292
track_1143012,12/1143012.mp3,306.3,test,artifacts/melspecs/12/1143012.npy,128,1292
track_1143013,13/1143013.mp3,97.9,test,artifacts/melspecs/13/1143013.npy,128,1292
track_1143014,14/1143014.mp3,96.0,test,artifacts/melspecs/14/1143014.npy,128,1292
track_1143152,52/1143152.mp3,122.0,test,artifacts/melspecs/52/1143152.npy,128,1292
track_1143153,53/1143153.mp3,184.0,test,artifacts/melspecs/53/1143153.npy,128,1292
track_1143154,54/1143154.mp3,174.0,test,artifacts/melspecs/54/1143154.npy,128,1292
track_1143155,55/1143155.mp3,184.2,test,artifacts/melspecs/55/1143155.npy,128,1292
track_1143987,87/1143987.mp3,316.1,test,artifacts/melspecs/87/1143987.npy,128,1292
track_1145823,23/1145823.mp3,410.3,test,artifacts/melspecs/23/1145823.npy,128,1292
track_1145837,37/1145837.mp3,116.6,test,artifacts/melspecs/37/1145837.npy,128,1292
track_1145838,38/1145838.mp3,46.0,test,artifacts/melspecs/38/1145838.npy,128,1292
track_1149712,12/1149712.mp3,216.0,test,artifacts/melspecs/12/1149712.npy,128,1292
track_1149713,13/1149713.mp3,212.3,test,artifacts/melspecs/13/1149713.npy,128,1292
track_1149714,14/1149714.mp3,194.8,test,artifacts/melspecs/14/1149714.npy,128,1292
track_1149715,15/1149715.mp3,195.1,test,artifacts/melspecs/15/1149715.npy,128,1292
track_1149716,16/1149716.mp3,203.5,test,artifacts/melspecs/16/1149716.npy,128,1292
track_1149717,17/1149717.mp3,231.1,test,artifacts/melspecs/17/1149717.npy,128,1292
track_1149718,18/1149718.mp3,291.3,test,artifacts/melspecs/18/1149718.npy,128,1292
track_1149722,22/1149722.mp3,253.2,test,artifacts/melspecs/22/1149722.npy,128,1292
track_1149723,23/1149723.mp3,326.7,test,artifacts/melspecs/23/1149723.npy,128,1292
track_1149724,24/1149724.mp3,245.6,test,artifacts/melspecs/24/1149724.npy,128,1292
track_1149726,26/1149726.mp3,394.7,test,artifacts/melspecs/26/1149726.npy,128,1292
track_1149727,27/1149727.mp3,248.0,test,artifacts/melspecs/27/1149727.npy,128,1292
track_1149728,28/1149728.mp3,252.2,test,artifacts/melspecs/28/1149728.npy,128,1292
track_1149729,29/1149729.mp3,281.4,test,artifacts/melspecs/29/1149729.npy,128,1292
track_1149730,30/1149730.mp3,269.2,test,artifacts/melspecs/30/1149730.npy,128,1292
track_1149731,31/1149731.mp3,243.5,test,artifacts/melspecs/31/1149731.npy,128,1292
track_1149873,73/1149873.mp3,450.0,test,artifacts/melspecs/73/1149873.npy,128,1292
track_1150079,79/1150079.mp3,325.9,test,artifacts/melspecs/79/1150079.npy,128,1292
track_1150080,80/1150080.mp3,320.6,test,artifacts/melspecs/80/1150080.npy,128,1292
track_1150097,97/1150097.mp3,263.3,test,artifacts/melspecs/97/1150097.npy,128,1292
track_1150098,98/1150098.mp3,244.5,test,artifacts/melspecs/98/1150098.npy,128,1292
track_1150099,99/1150099.mp3,277.8,test,artifacts/melspecs/99/1150099.npy,128,1292
track_1150101,01/1150101.mp3,254.0,test,artifacts/melspecs/01/1150101.npy,128,1292
track_1150102,02/1150102.mp3,1114.1,test,artifacts/melspecs/02/1150102.npy,128,1292
track_1150103,03/1150103.mp3,393.7,test,artifacts/melspecs/03/1150103.npy,128,1292
track_1150104,04/1150104.mp3,277.2,test,artifacts/melspecs/04/1150104.npy,128,1292
track_1150105,05/1150105.mp3,274.3,test,artifacts/melspecs/05/1150105.npy,128,1292
track_1150106,06/1150106.mp3,258.0,test,artifacts/melspecs/06/1150106.npy,128,1292
track_1150107,07/1150107.mp3,309.6,test,artifacts/melspecs/07/1150107.npy,128,1292
track_1150108,08/1150108.mp3,282.2,test,artifacts/melspecs/08/1150108.npy,128,1292
track_1150109,09/1150109.mp3,257.0,test,artifacts/melspecs/09/1150109.npy,128,1292
track_1150110,10/1150110.mp3,198.7,test,artifacts/melspecs/10/1150110.npy,128,1292
track_1150112,12/1150112.mp3,254.3,test,artifacts/melspecs/12/1150112.npy,128,1292
track_1150113,13/1150113.mp3,230.8,test,artifacts/melspecs/13/1150113.npy,128,1292
track_1150114,14/1150114.mp3,228.9,test,artifacts/melspecs/14/1150114.npy,128,1292
track_1150118,18/1150118.mp3,252.4,test,artifacts/melspecs/18/1150118.npy,128,1292
track_1150119,19/1150119.mp3,247.8,test,artifacts/melspecs/19/1150119.npy,128,1292
track_1150120,20/1150120.mp3,219.2,test,artifacts/melspecs/20/1150120.npy,128,1292
track_1150121,21/1150121.mp3,272.2,test,artifacts/melspecs/21/1150121.npy,128,1292
track_1150122,22/1150122.mp3,280.0,test,artifacts/melspecs/22/1150122.npy,128,1292
track_1150123,23/1150123.mp3,170.0,test,artifacts/melspecs/23/1150123.npy,128,1292
track_1150124,24/1150124.mp3,267.7,test,artifacts/melspecs/24/1150124.npy,128,1292
track_1150125,25/1150125.mp3,297.0,test,artifacts/melspecs/25/1150125.npy,128,1292
track_1150126,26/1150126.mp3,242.3,test,artifacts/melspecs/26/1150126.npy,128,1292
track_1150127,27/1150127.mp3,195.0,test,artifacts/melspecs/27/1150127.npy,128,1292
track_1150344,44/1150344.mp3,316.3,test,artifacts/melspecs/44/1150344.npy,128,1292
track_1150345,45/1150345.mp3,231.0,test,artifacts/melspecs/45/1150345.npy,128,1292
track_1150346,46/1150346.mp3,212.2,test,artifacts/melspecs/46/1150346.npy,128,1292
track_1150347,47/1150347.mp3,287.3,test,artifacts/melspecs/47/1150347.npy,128,1292
track_1150348,48/1150348.mp3,246.5,test,artifacts/melspecs/48/1150348.npy,128,1292
track_1150349,49/1150349.mp3,235.9,test,artifacts/melspecs/49/1150349.npy,128,1292
track_1150350,50/1150350.mp3,341.0,test,artifacts/melspecs/50/1150350.npy,128,1292
track_1150351,51/1150351.mp3,258.3,test,artifacts/melspecs/51/1150351.npy,128,1292
track_1150352,52/1150352.mp3,429.4,test,artifacts/melspecs/52/1150352.npy,128,1292
track_1150353,53/1150353.mp3,274.7,test,artifacts/melspecs/53/1150353.npy,128,1292
track_1150354,54/1150354.mp3,260.9,test,artifacts/melspecs/54/1150354.npy,128,1292
track_1150355,55/1150355.mp3,285.3,test,artifacts/melspecs/55/1150355.npy,128,1292
track_1150357,57/1150357.mp3,265.1,test,artifacts/melspecs/57/1150357.npy,128,1292
track_1150358,58/1150358.mp3,267.2,test,artifacts/melspecs/58/1150358.npy,128,1292
track_1150359,59/1150359.mp3,205.0,test,artifacts/melspecs/59/1150359.npy,128,1292
track_1150379,79/1150379.mp3,254.1,test,artifacts/melspecs/79/1150379.npy,128,1292
track_1150380,80/1150380.mp3,264.4,test,artifacts/melspecs/80/1150380.npy,128,1292
track_1150385,85/1150385.mp3,239.4,test,artifacts/melspecs/85/1150385.npy,128,1292
track_1150386,86/1150386.mp3,261.7,test,artifacts/melspecs/86/1150386.npy,128,1292
track_1150387,87/1150387.mp3,243.6,test,artifacts/melspecs/87/1150387.npy,128,1292
track_1150392,92/1150392.mp3,247.4,test,artifacts/melspecs/92/1150392.npy,128,1292
track_1150393,93/1150393.mp3,327.4,test,artifacts/melspecs/93/1150393.npy,128,1292
track_1150394,94/1150394.mp3,243.0,test,artifacts/melspecs/94/1150394.npy,128,1292
track_1150395,95/1150395.mp3,258.0,test,artifacts/melspecs/95/1150395.npy,128,1292
track_1150396,96/1150396.mp3,309.1,test,artifacts/melspecs/96/1150396.npy,128,1292
track_1150397,97/1150397.mp3,277.6,test,artifacts/melspecs/97/1150397.npy,128,1292
track_1150402,02/1150402.mp3,210.6,test,artifacts/melspecs/02/1150402.npy,128,1292
track_1150403,03/1150403.mp3,384.5,test,artifacts/melspecs/03/1150403.npy,128,1292
track_1150404,04/1150404.mp3,313.3,test,artifacts/melspecs/04/1150404.npy,128,1292
track_1150407,07/1150407.mp3,293.1,test,artifacts/melspecs/07/1150407.npy,128,1292
track_1151395,95/1151395.mp3,257.4,test,artifacts/melspecs/95/1151395.npy,128,1292
track_1151404,04/1151404.mp3,141.0,test,artifacts/melspecs/04/1151404.npy,128,1292
track_1151405,05/1151405.mp3,240.8,test,artifacts/melspecs/05/1151405.npy,128,1292
track_1151407,07/1151407.mp3,214.6,test,artifacts/melspecs/07/1151407.npy,128,1292
track_1151427,27/1151427.mp3,99.9,test,artifacts/melspecs/27/1151427.npy,128,1292
track_1152202,02/1152202.mp3,220.1,test,artifacts/melspecs/02/1152202.npy,128,1292
track_1153922,22/1153922.mp3,130.2,test,artifacts/melspecs/22/1153922.npy,128,1292
track_1153923,23/1153923.mp3,67.7,test,artifacts/melspecs/23/1153923.npy,128,1292
track_1153924,24/1153924.mp3,188.8,test,artifacts/melspecs/24/1153924.npy,128,1292
track_1155160,60/1155160.mp3,259.5,test,artifacts/melspecs/60/1155160.npy,128,1292
track_1156018,18/1156018.mp3,149.3,test,artifacts/melspecs/18/1156018.npy,128,1292
track_1158172,72/1158172.mp3,171.1,test,artifacts/melspecs/72/1158172.npy,128,1292
track_1158174,74/1158174.mp3,151.9,test,artifacts/melspecs/74/1158174.npy,128,1292
track_1158194,94/1158194.mp3,393.2,test,artifacts/melspecs/94/1158194.npy,128,1292
track_1158195,95/1158195.mp3,193.3,test,artifacts/melspecs/95/1158195.npy,128,1292
track_1158196,96/1158196.mp3,470.0,test,artifacts/melspecs/96/1158196.npy,128,1292
track_1158197,97/1158197.mp3,369.5,test,artifacts/melspecs/97/1158197.npy,128,1292
track_1158198,98/1158198.mp3,450.5,test,artifacts/melspecs/98/1158198.npy,128,1292
track_1158199,99/1158199.mp3,591.5,test,artifacts/melspecs/99/1158199.npy,128,1292
track_1158200,00/1158200.mp3,385.5,test,artifacts/melspecs/00/1158200.npy,128,1292
track_1158201,01/1158201.mp3,1086.9,test,artifacts/melspecs/01/1158201.npy,128,1292
track_1158260,60/1158260.mp3,94.3,test,artifacts/melspecs/60/1158260.npy,128,1292
track_1159244,44/1159244.mp3,226.8,test,artifacts/melspecs/44/1159244.npy,128,1292
track_1159259,59/1159259.mp3,304.7,test,artifacts/melspecs/59/1159259.npy,128,1292
track_1159367,67/1159367.mp3,264.4,test,artifacts/melspecs/67/1159367.npy,128,1292
track_1159368,68/1159368.mp3,218.1,test,artifacts/melspecs/68/1159368.npy,128,1292
track_1160648,48/1160648.mp3,48.5,test,artifacts/melspecs/48/1160648.npy,128,1292
track_1161157,57/1161157.mp3,255.0,test,artifacts/melspecs/57/1161157.npy,128,1292
track_1162600,00/1162600.mp3,71.7,test,artifacts/melspecs/00/1162600.npy,128,1292
track_1162602,02/1162602.mp3,50.4,test,artifacts/melspecs/02/1162602.npy,128,1292
track_1162604,04/1162604.mp3,65.1,test,artifacts/melspecs/04/1162604.npy,128,1292
track_1162605,05/1162605.mp3,69.2,test,artifacts/melspecs/05/1162605.npy,128,1292
track_1162606,06/1162606.mp3,75.2,test,artifacts/melspecs/06/1162606.npy,128,1292
track_1162607,07/1162607.mp3,100.3,test,artifacts/melspecs/07/1162607.npy,128,1292
track_1162610,10/1162610.mp3,50.6,test,artifacts/melspecs/10/1162610.npy,128,1292
track_1162612,12/1162612.mp3,45.5,test,artifacts/melspecs/12/1162612.npy,128,1292
track_1162624,24/1162624.mp3,171.8,test,artifacts/melspecs/24/1162624.npy,128,1292
track_1162696,96/1162696.mp3,97.9,test,artifacts/melspecs/96/1162696.npy,128,1292
track_1162697,97/1162697.mp3,145.9,test,artifacts/melspecs/97/1162697.npy,128,1292
track_1162699,99/1162699.mp3,182.8,test,artifacts/melspecs/99/1162699.npy,128,1292
track_1162701,01/1162701.mp3,106.8,test,artifacts/melspecs/01/1162701.npy,128,1292
track_1162702,02/1162702.mp3,97.9,test,artifacts/melspecs/02/1162702.npy,128,1292
track_1163229,29/1163229.mp3,62.0,test,artifacts/melspecs/29/1163229.npy,128,1292
track_1163237,37/1163237.mp3,256.5,test,artifacts/melspecs/37/1163237.npy,128,1292
track_1163806,06/1163806.mp3,30.3,test,artifacts/melspecs/06/1163806.npy,128,1292
track_1163809,09/1163809.mp3,158.1,test,artifacts/melspecs/09/1163809.npy,128,1292
track_1163812,12/1163812.mp3,282.8,test,artifacts/melspecs/12/1163812.npy,128,1292
track_1164060,60/1164060.mp3,194.7,test,artifacts/melspecs/60/1164060.npy,128,1292
track_1164061,61/1164061.mp3,202.7,test,artifacts/melspecs/61/1164061.npy,128,1292
track_1164245,45/1164245.mp3,249.6,test,artifacts/melspecs/45/1164245.npy,128,1292
track_1164247,47/1164247.mp3,240.0,test,artifacts/melspecs/47/1164247.npy,128,1292
track_1164980,80/1164980.mp3,408.0,test,artifacts/melspecs/80/1164980.npy,128,1292
track_1164981,81/1164981.mp3,296.9,test,artifacts/melspecs/81/1164981.npy,128,1292
track_1164982,82/1164982.mp3,213.1,test,artifacts/melspecs/82/1164982.npy,128,1292
track_1164983,83/1164983.mp3,168.1,test,artifacts/melspecs/83/1164983.npy,128,1292
track_1164984,84/1164984.mp3,275.1,test,artifacts/melspecs/84/1164984.npy,128,1292
track_1164985,85/1164985.mp3,356.4,test,artifacts/melspecs/85/1164985.npy,128,1292
track_1164986,86/1164986.mp3,257.7,test,artifacts/melspecs/86/1164986.npy,128,1292
track_1164987,87/1164987.mp3,178.5,test,artifacts/melspecs/87/1164987.npy,128,1292
track_1164988,88/1164988.mp3,352.0,test,artifacts/melspecs/88/1164988.npy,128,1292
track_1164989,89/1164989.mp3,244.3,test,artifacts/melspecs/89/1164989.npy,128,1292
track_1164990,90/1164990.mp3,276.2,test,artifacts/melspecs/90/1164990.npy,128,1292
track_1164991,91/1164991.mp3,223.9,test,artifacts/melspecs/91/1164991.npy,128,1292
track_1164992,92/1164992.mp3,502.4,test,artifacts/melspecs/92/1164992.npy,128,1292
track_1164993,93/1164993.mp3,266.7,test,artifacts/melspecs/93/1164993.npy,128,1292
track_1164994,94/1164994.mp3,232.0,test,artifacts/melspecs/94/1164994.npy,128,1292
track_1165465,65/1165465.mp3,175.9,test,artifacts/melspecs/65/1165465.npy,128,1292
track_1165474,74/1165474.mp3,202.7,test,artifacts/melspecs/74/1165474.npy,128,1292
track_1166100,00/1166100.mp3,175.1,test,artifacts/melspecs/00/1166100.npy,128,1292
track_1166101,01/1166101.mp3,243.5,test,artifacts/melspecs/01/1166101.npy,128,1292
track_1166104,04/1166104.mp3,203.0,test,artifacts/melspecs/04/1166104.npy,128,1292
track_1166106,06/1166106.mp3,212.5,test,artifacts/melspecs/06/1166106.npy,128,1292
track_1166607,07/1166607.mp3,110.9,test,artifacts/melspecs/07/1166607.npy,128,1292
track_1166609,09/1166609.mp3,110.9,test,artifacts/melspecs/09/1166609.npy,128,1292
track_1166618,18/1166618.mp3,161.7,test,artifacts/melspecs/18/1166618.npy,128,1292
track_1166619,19/1166619.mp3,161.7,test,artifacts/melspecs/19/1166619.npy,128,1292
track_1166620,20/1166620.mp3,161.7,test,artifacts/melspecs/20/1166620.npy,128,1292
track_1166622,22/1166622.mp3,335.0,test,artifacts/melspecs/22/1166622.npy,128,1292
track_1166623,23/1166623.mp3,58.3,test,artifacts/melspecs/23/1166623.npy,128,1292
track_1166624,24/1166624.mp3,58.3,test,artifacts/melspecs/24/1166624.npy,128,1292
track_1166625,25/1166625.mp3,58.3,test,artifacts/melspecs/25/1166625.npy,128,1292
track_1166678,78/1166678.mp3,69.0,test,artifacts/melspecs/78/1166678.npy,128,1292
track_1166679,79/1166679.mp3,98.2,test,artifacts/melspecs/79/1166679.npy,128,1292
track_1166822,22/1166822.mp3,169.4,test,artifacts/melspecs/22/1166822.npy,128,1292
track_1166825,25/1166825.mp3,207.0,test,artifacts/melspecs/25/1166825.npy,128,1292
track_1166919,19/1166919.mp3,298.0,test,artifacts/melspecs/19/1166919.npy,128,1292
track_1166920,20/1166920.mp3,265.2,test,artifacts/melspecs/20/1166920.npy,128,1292
track_1166921,21/1166921.mp3,288.9,test,artifacts/melspecs/21/1166921.npy,128,1292
track_1166923,23/1166923.mp3,169.7,test,artifacts/melspecs/23/1166923.npy,128,1292
track_1166924,24/1166924.mp3,124.9,test,artifacts/melspecs/24/1166924.npy,128,1292
track_1166925,25/1166925.mp3,284.8,test,artifacts/melspecs/25/1166925.npy,128,1292
track_1166926,26/1166926.mp3,230.3,test,artifacts/melspecs/26/1166926.npy,128,1292
track_1166927,27/1166927.mp3,159.7,test,artifacts/melspecs/27/1166927.npy,128,1292
track_1166928,28/1166928.mp3,157.5,test,artifacts/melspecs/28/1166928.npy,128,1292
track_1166929,29/1166929.mp3,180.7,test,artifacts/melspecs/29/1166929.npy,128,1292
track_1166931,31/1166931.mp3,359.7,test,artifacts/melspecs/31/1166931.npy,128,1292
track_1168349,49/1168349.mp3,314.7,test,artifacts/melspecs/49/1168349.npy,128,1292
track_1168483,83/1168483.mp3,313.8,test,artifacts/melspecs/83/1168483.npy,128,1292
track_1168489,89/1168489.mp3,340.0,test,artifacts/melspecs/89/1168489.npy,128,1292
track_1168492,92/1168492.mp3,371.3,test,artifacts/melspecs/92/1168492.npy,128,1292
track_1168499,99/1168499.mp3,195.8,test,artifacts/melspecs/99/1168499.npy,128,1292
track_1168676,76/1168676.mp3,155.8,test,artifacts/melspecs/76/1168676.npy,128,1292
track_1174156,56/1174156.mp3,232.0,test,artifacts/melspecs/56/1174156.npy,128,1292
track_1174377,77/1174377.mp3,219.5,test,artifacts/melspecs/77/1174377.npy,128,1292
track_1174411,11/1174411.mp3,266.3,test,artifacts/melspecs/11/1174411.npy,128,1292
track_1174412,12/1174412.mp3,257.0,test,artifacts/melspecs/12/1174412.npy,128,1292
track_1174414,14/1174414.mp3,317.5,test,artifacts/melspecs/14/1174414.npy,128,1292
track_1174416,16/1174416.mp3,281.6,test,artifacts/melspecs/16/1174416.npy,128,1292
track_1174419,19/1174419.mp3,178.0,test,artifacts/melspecs/19/1174419.npy,128,1292
track_1174507,07/1174507.mp3,483.2,test,artifacts/melspecs/07/1174507.npy,128,1292
track_1176151,51/1176151.mp3,218.9,test,artifacts/melspecs/51/1176151.npy,128,1292
track_1176206,06/1176206.mp3,214.0,test,artifacts/melspecs/06/1176206.npy,128,1292
track_1176229,29/1176229.mp3,286.1,test,artifacts/melspecs/29/1176229.npy,128,1292
track_1176230,30/1176230.mp3,286.1,test,artifacts/melspecs/30/1176230.npy,128,1292
track_1177757,57/1177757.mp3,146.3,test,artifacts/melspecs/57/1177757.npy,128,1292
track_1177758,58/1177758.mp3,192.0,test,artifacts/melspecs/58/1177758.npy,128,1292
track_1177771,71/1177771.mp3,188.0,test,artifacts/melspecs/71/1177771.npy,128,1292
track_1177774,74/1177774.mp3,269.4,test,artifacts/melspecs/74/1177774.npy,128,1292
track_1177778,78/1177778.mp3,234.8,test,artifacts/melspecs/78/1177778.npy,128,1292
track_1177783,83/1177783.mp3,261.0,test,artifacts/melspecs/83/1177783.npy,128,1292
track_1177789,89/1177789.mp3,229.0,test,artifacts/melspecs/89/1177789.npy,128,1292
track_1177790,90/1177790.mp3,329.2,test,artifacts/melspecs/90/1177790.npy,128,1292
track_1177795,95/1177795.mp3,186.0,test,artifacts/melspecs/95/1177795.npy,128,1292
track_1179161,61/1179161.mp3,128.0,test,artifacts/melspecs/61/1179161.npy,128,1292
track_1179162,62/1179162.mp3,144.5,test,artifacts/melspecs/62/1179162.npy,128,1292
track_1179163,63/1179163.mp3,175.6,test,artifacts/melspecs/63/1179163.npy,128,1292
track_1180613,13/1180613.mp3,236.6,test,artifacts/melspecs/13/1180613.npy,128,1292
track_1180631,31/1180631.mp3,200.4,test,artifacts/melspecs/31/1180631.npy,128,1292
track_1181205,05/1181205.mp3,276.2,test,artifacts/melspecs/05/1181205.npy,128,1292
track_1185651,51/1185651.mp3,133.8,test,artifacts/melspecs/51/1185651.npy,128,1292
track_1185652,52/1185652.mp3,132.9,test,artifacts/melspecs/52/1185652.npy,128,1292
track_1188126,26/1188126.mp3,200.7,test,artifacts/melspecs/26/1188126.npy,128,1292
track_1189144,44/1189144.mp3,350.0,test,artifacts/melspecs/44/1189144.npy,128,1292
track_1190958,58/1190958.mp3,98.3,test,artifacts/melspecs/58/1190958.npy,128,1292
track_1190959,59/1190959.mp3,88.0,test,artifacts/melspecs/59/1190959.npy,128,1292
track_1190960,60/1190960.mp3,251.3,test,artifacts/melspecs/60/1190960.npy,128,1292
track_1192421,21/1192421.mp3,192.5,test,artifacts/melspecs/21/1192421.npy,128,1292
track_1194555,55/1194555.mp3,171.9,test,artifacts/melspecs/55/1194555.npy,128,1292
track_1194583,83/1194583.mp3,295.5,test,artifacts/melspecs/83/1194583.npy,128,1292
track_1194587,87/1194587.mp3,248.8,test,artifacts/melspecs/87/1194587.npy,128,1292
track_1194591,91/1194591.mp3,260.7,test,artifacts/melspecs/91/1194591.npy,128,1292
track_1194594,94/1194594.mp3,252.3,test,artifacts/melspecs/94/1194594.npy,128,1292
track_1194791,91/1194791.mp3,141.7,test,artifacts/melspecs/91/1194791.npy,128,1292
track_1194792,92/1194792.mp3,168.9,test,artifacts/melspecs/92/1194792.npy,128,1292
track_1198181,81/1198181.mp3,39.2,test,artifacts/melspecs/81/1198181.npy,128,1292
track_1199574,74/1199574.mp3,247.9,test,artifacts/melspecs/74/1199574.npy,128,1292
track_1203127,27/1203127.mp3,63.7,test,artifacts/melspecs/27/1203127.npy,128,1292
track_1203132,32/1203132.mp3,179.8,test,artifacts/melspecs/32/1203132.npy,128,1292
track_1203935,35/1203935.mp3,258.0,test,artifacts/melspecs/35/1203935.npy,128,1292
track_1205808,08/1205808.mp3,257.0,test,artifacts/melspecs/08/1205808.npy,128,1292
track_1205809,09/1205809.mp3,153.2,test,artifacts/melspecs/09/1205809.npy,128,1292
track_1205810,10/1205810.mp3,230.8,test,artifacts/melspecs/10/1205810.npy,128,1292
track_1208246,46/1208246.mp3,246.4,test,artifacts/melspecs/46/1208246.npy,128,1292
track_1208247,47/1208247.mp3,314.8,test,artifacts/melspecs/47/1208247.npy,128,1292
track_1208248,48/1208248.mp3,314.8,test,artifacts/melspecs/48/1208248.npy,128,1292
track_1208249,49/1208249.mp3,212.0,test,artifacts/melspecs/49/1208249.npy,128,1292
track_1209359,59/1209359.mp3,127.4,test,artifacts/melspecs/59/1209359.npy,128,1292
track_1209360,60/1209360.mp3,120.0,test,artifacts/melspecs/60/1209360.npy,128,1292
track_1209404,04/1209404.mp3,166.4,test,artifacts/melspecs/04/1209404.npy,128,1292
track_1209408,08/1209408.mp3,94.2,test,artifacts/melspecs/08/1209408.npy,128,1292
track_1209412,12/1209412.mp3,153.3,test,artifacts/melspecs/12/1209412.npy,128,1292
track_1209451,51/1209451.mp3,107.6,test,artifacts/melspecs/51/1209451.npy,128,1292
track_1209452,52/1209452.mp3,178.3,test,artifacts/melspecs/52/1209452.npy,128,1292
track_1209453,53/1209453.mp3,176.8,test,artifacts/melspecs/53/1209453.npy,128,1292
track_1210691,91/1210691.mp3,147.9,test,artifacts/melspecs/91/1210691.npy,128,1292
track_1210692,92/1210692.mp3,130.4,test,artifacts/melspecs/92/1210692.npy,128,1292
track_1210694,94/1210694.mp3,173.1,test,artifacts/melspecs/94/1210694.npy,128,1292
track_1210695,95/1210695.mp3,182.1,test,artifacts/melspecs/95/1210695.npy,128,1292
track_1210696,96/1210696.mp3,182.1,test,artifacts/melspecs/96/1210696.npy,128,1292
track_1210697,97/1210697.mp3,185.8,test,artifacts/melspecs/97/1210697.npy,128,1292
track_1210698,98/1210698.mp3,162.8,test,artifacts/melspecs/98/1210698.npy,128,1292
track_1210699,99/1210699.mp3,151.3,test,artifacts/melspecs/99/1210699.npy,128,1292
track_1210700,00/1210700.mp3,160.1,test,artifacts/melspecs/00/1210700.npy,128,1292
track_1210713,13/1210713.mp3,169.0,test,artifacts/melspecs/13/1210713.npy,128,1292
track_1210714,14/1210714.mp3,147.9,test,artifacts/melspecs/14/1210714.npy,128,1292
track_1210715,15/1210715.mp3,130.4,test,artifacts/melspecs/15/1210715.npy,128,1292
track_1210716,16/1210716.mp3,151.3,test,artifacts/melspecs/16/1210716.npy,128,1292
track_1210718,18/1210718.mp3,173.1,test,artifacts/melspecs/18/1210718.npy,128,1292
track_1210719,19/1210719.mp3,182.1,test,artifacts/melspecs/19/1210719.npy,128,1292
track_1210720,20/1210720.mp3,182.1,test,artifacts/melspecs/20/1210720.npy,128,1292
track_1210721,21/1210721.mp3,185.8,test,artifacts/melspecs/21/1210721.npy,128,1292
track_1210722,22/1210722.mp3,162.9,test,artifacts/melspecs/22/1210722.npy,128,1292
track_1210725,25/1210725.mp3,160.1,test,artifacts/melspecs/25/1210725.npy,128,1292
track_1211483,83/1211483.mp3,171.8,test,artifacts/melspecs/83/1211483.npy,128,1292
track_1211601,01/1211601.mp3,202.1,test,artifacts/melspecs/01/1211601.npy,128,1292
track_1214580,80/1214580.mp3,146.0,test,artifacts/melspecs/80/1214580.npy,128,1292
track_1214582,82/1214582.mp3,63.7,test,artifacts/melspecs/82/1214582.npy,128,1292
track_1214583,83/1214583.mp3,56.1,test,artifacts/melspecs/83/1214583.npy,128,1292
track_1214584,84/1214584.mp3,120.1,test,artifacts/melspecs/84/1214584.npy,128,1292
track_1214585,85/1214585.mp3,69.1,test,artifacts/melspecs/85/1214585.npy,128,1292
track_1215214,14/1215214.mp3,56.8,test,artifacts/melspecs/14/1215214.npy,128,1292
track_1215374,74/1215374.mp3,208.1,test,artifacts/melspecs/74/1215374.npy,128,1292
track_1215377,77/1215377.mp3,123.8,test,artifacts/melspecs/77/1215377.npy,128,1292
track_1215378,78/1215378.mp3,155.8,test,artifacts/melspecs/78/1215378.npy,128,1292
track_1215380,80/1215380.mp3,155.5,test,artifacts/melspecs/80/1215380.npy,128,1292
track_1215381,81/1215381.mp3,113.8,test,artifacts/melspecs/81/1215381.npy,128,1292
track_1215384,84/1215384.mp3,135.6,test,artifacts/melspecs/84/1215384.npy,128,1292
track_1215385,85/1215385.mp3,166.5,test,artifacts/melspecs/85/1215385.npy,128,1292
track_1216154,54/1216154.mp3,107.2,test,artifacts/melspecs/54/1216154.npy,128,1292
track_1216156,56/1216156.mp3,83.8,test,artifacts/melspecs/56/1216156.npy,128,1292
track_1216158,58/1216158.mp3,118.4,test,artifacts/melspecs/58/1216158.npy,128,1292
track_1218780,80/1218780.mp3,222.2,test,artifacts/melspecs/80/1218780.npy,128,1292
track_1218783,83/1218783.mp3,201.6,test,artifacts/melspecs/83/1218783.npy,128,1292
track_1218784,84/1218784.mp3,202.6,test,artifacts/melspecs/84/1218784.npy,128,1292
track_1220570,70/1220570.mp3,178.5,test,artifacts/melspecs/70/1220570.npy,128,1292
track_1221323,23/1221323.mp3,240.0,test,artifacts/melspecs/23/1221323.npy,128,1292
track_1221325,25/1221325.mp3,154.0,test,artifacts/melspecs/25/1221325.npy,128,1292
track_1221995,95/1221995.mp3,258.8,test,artifacts/melspecs/95/1221995.npy,128,1292
track_1221996,96/1221996.mp3,185.1,test,artifacts/melspecs/96/1221996.npy,128,1292
track_1221997,97/1221997.mp3,165.1,test,artifacts/melspecs/97/1221997.npy,128,1292
track_1222615,15/1222615.mp3,390.9,test,artifacts/melspecs/15/1222615.npy,128,1292
track_1223297,97/1223297.mp3,52.2,test,artifacts/melspecs/97/1223297.npy,128,1292
track_1223300,00/1223300.mp3,52.2,test,artifacts/melspecs/00/1223300.npy,128,1292
track_1227459,59/1227459.mp3,246.4,test,artifacts/melspecs/59/1227459.npy,128,1292
track_1227477,77/1227477.mp3,344.6,test,artifacts/melspecs/77/1227477.npy,128,1292
track_1227495,95/1227495.mp3,378.0,test,artifacts/melspecs/95/1227495.npy,128,1292
track_1227497,97/1227497.mp3,324.6,test,artifacts/melspecs/97/1227497.npy,128,1292
track_1227498,98/1227498.mp3,285.2,test,artifacts/melspecs/98/1227498.npy,128,1292
track_1227499,99/1227499.mp3,153.4,test,artifacts/melspecs/99/1227499.npy,128,1292
track_1227500,00/1227500.mp3,310.9,test,artifacts/melspecs/00/1227500.npy,128,1292
track_1227929,29/1227929.mp3,225.9,test,artifacts/melspecs/29/1227929.npy,128,1292
track_1227930,30/1227930.mp3,206.1,test,artifacts/melspecs/30/1227930.npy,128,1292
track_1227932,32/1227932.mp3,152.6,test,artifacts/melspecs/32/1227932.npy,128,1292
track_1228623,23/1228623.mp3,230.9,test,artifacts/melspecs/23/1228623.npy,128,1292
track_1228624,24/1228624.mp3,187.9,test,artifacts/melspecs/24/1228624.npy,128,1292
track_1228625,25/1228625.mp3,131.1,test,artifacts/melspecs/25/1228625.npy,128,1292
track_1228627,27/1228627.mp3,216.0,test,artifacts/melspecs/27/1228627.npy,128,1292
track_1228628,28/1228628.mp3,208.4,test,artifacts/melspecs/28/1228628.npy,128,1292
track_1228629,29/1228629.mp3,191.2,test,artifacts/melspecs/29/1228629.npy,128,1292
track_1228735,35/1228735.mp3,392.5,test,artifacts/melspecs/35/1228735.npy,128,1292
track_1228736,36/1228736.mp3,225.7,test,artifacts/melspecs/36/1228736.npy,128,1292
track_1228737,37/1228737.mp3,204.9,test,artifacts/melspecs/37/1228737.npy,128,1292
track_1228759,59/1228759.mp3,271.9,test,artifacts/melspecs/59/1228759.npy,128,1292
track_1230816,16/1230816.mp3,43.2,test,artifacts/melspecs/16/1230816.npy,128,1292
track_1230820,20/1230820.mp3,42.0,test,artifacts/melspecs/20/1230820.npy,128,1292
track_1230830,30/1230830.mp3,205.0,test,artifacts/melspecs/30/1230830.npy,128,1292
track_1231341,41/1231341.mp3,236.4,test,artifacts/melspecs/41/1231341.npy,128,1292
track_1231343,43/1231343.mp3,230.4,test,artifacts/melspecs/43/1231343.npy,128,1292
track_1231346,46/1231346.mp3,150.7,test,artifacts/melspecs/46/1231346.npy,128,1292
track_1231349,49/1231349.mp3,267.7,test,artifacts/melspecs/49/1231349.npy,128,1292
track_1231350,50/1231350.mp3,163.6,test,artifacts/melspecs/50/1231350.npy,128,1292
track_1231362,62/1231362.mp3,197.0,test,artifacts/melspecs/62/1231362.npy,128,1292
track_1231363,63/1231363.mp3,189.6,test,artifacts/melspecs/63/1231363.npy,128,1292
track_1231364,64/1231364.mp3,221.6,test,artifacts/melspecs/64/1231364.npy,128,1292
track_1232049,49/1232049.mp3,235.4,test,artifacts/melspecs/49/1232049.npy,128,1292
track_1232052,52/1232052.mp3,77.1,test,artifacts/melspecs/52/1232052.npy,128,1292
track_1232635,35/1232635.mp3,171.8,test,artifacts/melspecs/35/1232635.npy,128,1292
track_1232637,37/1232637.mp3,145.1,test,artifacts/melspecs/37/1232637.npy,128,1292
track_1233737,37/1233737.mp3,389.3,test,artifacts/melspecs/37/1233737.npy,128,1292
track_1233764,64/1233764.mp3,192.4,test,artifacts/melspecs/64/1233764.npy,128,1292
track_1233765,65/1233765.mp3,391.1,test,artifacts/melspecs/65/1233765.npy,128,1292
track_1238031,31/1238031.mp3,68.6,test,artifacts/melspecs/31/1238031.npy,128,1292
track_1238033,33/1238033.mp3,58.8,test,artifacts/melspecs/33/1238033.npy,128,1292
track_1238034,34/1238034.mp3,68.6,test,artifacts/melspecs/34/1238034.npy,128,1292
track_1239059,59/1239059.mp3,208.2,test,artifacts/melspecs/59/1239059.npy,128,1292
track_1239109,09/1239109.mp3,309.5,test,artifacts/melspecs/09/1239109.npy,128,1292
track_1239110,10/1239110.mp3,327.4,test,artifacts/melspecs/10/1239110.npy,128,1292
track_1239507,07/1239507.mp3,295.2,test,artifacts/melspecs/07/1239507.npy,128,1292
track_1241636,36/1241636.mp3,174.8,test,artifacts/melspecs/36/1241636.npy,128,1292
track_1241639,39/1241639.mp3,193.1,test,artifacts/melspecs/39/1241639.npy,128,1292
track_1241782,82/1241782.mp3,210.4,test,artifacts/melspecs/82/1241782.npy,128,1292
track_1241790,90/1241790.mp3,181.0,test,artifacts/melspecs/90/1241790.npy,128,1292
track_1241791,91/1241791.mp3,222.6,test,artifacts/melspecs/91/1241791.npy,128,1292
track_1243198,98/1243198.mp3,248.5,test,artifacts/melspecs/98/1243198.npy,128,1292
track_1251473,73/1251473.mp3,164.7,test,artifacts/melspecs/73/1251473.npy,128,1292
track_1251474,74/1251474.mp3,270.7,test,artifacts/melspecs/74/1251474.npy,128,1292
track_1251476,76/1251476.mp3,76.3,test,artifacts/melspecs/76/1251476.npy,128,1292
track_1251622,22/1251622.mp3,87.1,test,artifacts/melspecs/22/1251622.npy,128,1292
track_1253253,53/1253253.mp3,226.3,test,artifacts/melspecs/53/1253253.npy,128,1292
track_1254732,32/1254732.mp3,311.0,test,artifacts/melspecs/32/1254732.npy,128,1292
track_1254733,33/1254733.mp3,222.7,test,artifacts/melspecs/33/1254733.npy,128,1292
track_1254735,35/1254735.mp3,260.6,test,artifacts/melspecs/35/1254735.npy,128,1292
track_1256325,25/1256325.mp3,197.4,test,artifacts/melspecs/25/1256325.npy,128,1292
track_1264107,07/1264107.mp3,225.6,test,artifacts/melspecs/07/1264107.npy,128,1292
track_1265805,05/1265805.mp3,219.8,test,artifacts/melspecs/05/1265805.npy,128,1292
track_1265928,28/1265928.mp3,73.9,test,artifacts/melspecs/28/1265928.npy,128,1292
track_1265930,30/1265930.mp3,61.6,test,artifacts/melspecs/30/1265930.npy,128,1292
track_1265931,31/1265931.mp3,66.8,test,artifacts/melspecs/31/1265931.npy,128,1292
track_1267123,23/1267123.mp3,140.7,test,artifacts/melspecs/23/1267123.npy,128,1292
track_1267124,24/1267124.mp3,161.8,test,artifacts/melspecs/24/1267124.npy,128,1292
track_1267131,31/1267131.mp3,134.4,test,artifacts/melspecs/31/1267131.npy,128,1292
track_1267132,32/1267132.mp3,202.4,test,artifacts/melspecs/32/1267132.npy,128,1292
track_1267133,33/1267133.mp3,249.9,test,artifacts/melspecs/33/1267133.npy,128,1292
track_1267134,34/1267134.mp3,218.4,test,artifacts/melspecs/34/1267134.npy,128,1292
track_1267139,39/1267139.mp3,230.6,test,artifacts/melspecs/39/1267139.npy,128,1292
track_1267143,43/1267143.mp3,147.4,test,artifacts/melspecs/43/1267143.npy,128,1292
track_1267145,45/1267145.mp3,202.6,test,artifacts/melspecs/45/1267145.npy,128,1292
track_1267287,87/1267287.mp3,139.7,test,artifacts/melspecs/87/1267287.npy,128,1292
track_1267290,90/1267290.mp3,99.7,test,artifacts/melspecs/90/1267290.npy,128,1292
track_1267293,93/1267293.mp3,172.2,test,artifacts/melspecs/93/1267293.npy,128,1292
track_1267984,84/1267984.mp3,202.0,test,artifacts/melspecs/84/1267984.npy,128,1292
track_1269561,61/1269561.mp3,116.4,test,artifacts/melspecs/61/1269561.npy,128,1292
track_1269563,63/1269563.mp3,170.2,test,artifacts/melspecs/63/1269563.npy,128,1292
track_1269564,64/1269564.mp3,163.6,test,artifacts/melspecs/64/1269564.npy,128,1292
track_1269565,65/1269565.mp3,97.6,test,artifacts/melspecs/65/1269565.npy,128,1292
track_1269566,66/1269566.mp3,172.3,test,artifacts/melspecs/66/1269566.npy,128,1292
track_1272514,14/1272514.mp3,203.1,test,artifacts/melspecs/14/1272514.npy,128,1292
track_1272518,18/1272518.mp3,169.9,test,artifacts/melspecs/18/1272518.npy,128,1292
track_1272521,21/1272521.mp3,303.0,test,artifacts/melspecs/21/1272521.npy,128,1292
track_1275607,07/1275607.mp3,127.0,test,artifacts/melspecs/07/1275607.npy,128,1292
track_1275609,09/1275609.mp3,158.5,test,artifacts/melspecs/09/1275609.npy,128,1292
track_1275615,15/1275615.mp3,234.2,test,artifacts/melspecs/15/1275615.npy,128,1292
track_1277086,86/1277086.mp3,594.1,test,artifacts/melspecs/86/1277086.npy,128,1292
track_1277088,88/1277088.mp3,197.4,test,artifacts/melspecs/88/1277088.npy,128,1292
track_1277091,91/1277091.mp3,220.3,test,artifacts/melspecs/91/1277091.npy,128,1292
track_1277092,92/1277092.mp3,280.1,test,artifacts/melspecs/92/1277092.npy,128,1292
track_1277098,98/1277098.mp3,223.5,test,artifacts/melspecs/98/1277098.npy,128,1292
track_1277107,07/1277107.mp3,369.1,test,artifacts/melspecs/07/1277107.npy,128,1292
track_1277109,09/1277109.mp3,295.4,test,artifacts/melspecs/09/1277109.npy,128,1292
track_1277114,14/1277114.mp3,231.7,test,artifacts/melspecs/14/1277114.npy,128,1292
track_1277698,98/1277698.mp3,132.9,test,artifacts/melspecs/98/1277698.npy,128,1292
track_1277701,01/1277701.mp3,76.1,test,artifacts/melspecs/01/1277701.npy,128,1292
track_1277709,09/1277709.mp3,146.7,test,artifacts/melspecs/09/1277709.npy,128,1292
track_1277760,60/1277760.mp3,127.6,test,artifacts/melspecs/60/1277760.npy,128,1292
track_1277790,90/1277790.mp3,64.0,test,artifacts/melspecs/90/1277790.npy,128,1292
track_1277792,92/1277792.mp3,97.9,test,artifacts/melspecs/92/1277792.npy,128,1292
track_1277794,94/1277794.mp3,95.5,test,artifacts/melspecs/94/1277794.npy,128,1292
track_1277796,96/1277796.mp3,46.3,test,artifacts/melspecs/96/1277796.npy,128,1292
track_1277797,97/1277797.mp3,56.0,test,artifacts/melspecs/97/1277797.npy,128,1292
track_1277798,98/1277798.mp3,95.6,test,artifacts/melspecs/98/1277798.npy,128,1292
track_1277799,99/1277799.mp3,32.0,test,artifacts/melspecs/99/1277799.npy,128,1292
track_1277800,00/1277800.mp3,207.6,test,artifacts/melspecs/00/1277800.npy,128,1292
track_1277802,02/1277802.mp3,46.9,test,artifacts/melspecs/02/1277802.npy,128,1292
track_1277807,07/1277807.mp3,30.3,test,artifacts/melspecs/07/1277807.npy,128,1292
track_1277817,17/1277817.mp3,89.7,test,artifacts/melspecs/17/1277817.npy,128,1292
track_1277818,18/1277818.mp3,70.8,test,artifacts/melspecs/18/1277818.npy,128,1292
track_1277819,19/1277819.mp3,36.8,test,artifacts/melspecs/19/1277819.npy,128,1292
track_1277823,23/1277823.mp3,82.7,test,artifacts/melspecs/23/1277823.npy,128,1292
track_1277849,49/1277849.mp3,76.0,test,artifacts/melspecs/49/1277849.npy,128,1292
track_1278317,17/1278317.mp3,289.0,test,artifacts/melspecs/17/1278317.npy,128,1292
track_1278717,17/1278717.mp3,34.7,test,artifacts/melspecs/17/1278717.npy,128,1292
track_1278741,41/1278741.mp3,39.6,test,artifacts/melspecs/41/1278741.npy,128,1292
track_1281915,15/1281915.mp3,227.6,test,artifacts/melspecs/15/1281915.npy,128,1292
track_1283010,10/1283010.mp3,407.1,test,artifacts/melspecs/10/1283010.npy,128,1292
track_1283012,12/1283012.mp3,726.0,test,artifacts/melspecs/12/1283012.npy,128,1292
track_1283744,44/1283744.mp3,264.4,test,artifacts/melspecs/44/1283744.npy,128,1292
track_1283746,46/1283746.mp3,122.0,test,artifacts/melspecs/46/1283746.npy,128,1292
track_1283752,52/1283752.mp3,136.9,test,artifacts/melspecs/52/1283752.npy,128,1292
track_1283756,56/1283756.mp3,106.2,test,artifacts/melspecs/56/1283756.npy,128,1292
track_1283757,57/1283757.mp3,178.7,test,artifacts/melspecs/57/1283757.npy,128,1292
track_1283759,59/1283759.mp3,227.1,test,artifacts/melspecs/59/1283759.npy,128,1292
track_1283760,60/1283760.mp3,234.1,test,artifacts/melspecs/60/1283760.npy,128,1292
track_1283765,65/1283765.mp3,183.8,test,artifacts/melspecs/65/1283765.npy,128,1292
track_1283766,66/1283766.mp3,231.3,test,artifacts/melspecs/66/1283766.npy,128,1292
track_1283767,67/1283767.mp3,168.0,test,artifacts/melspecs/67/1283767.npy,128,1292
track_1283769,69/1283769.mp3,235.0,test,artifacts/melspecs/69/1283769.npy,128,1292
track_1283770,70/1283770.mp3,174.6,test,artifacts/melspecs/70/1283770.npy,128,1292
track_1289274,74/1289274.mp3,339.5,test,artifacts/melspecs/74/1289274.npy,128,1292
track_1289275,75/1289275.mp3,366.3,test,artifacts/melspecs/75/1289275.npy,128,1292
track_1289278,78/1289278.mp3,286.3,test,artifacts/melspecs/78/1289278.npy,128,1292
track_1289279,79/1289279.mp3,281.2,test,artifacts/melspecs/79/1289279.npy,128,1292
track_1291246,46/1291246.mp3,78.3,test,artifacts/melspecs/46/1291246.npy,128,1292
track_1293996,96/1293996.mp3,162.4,test,artifacts/melspecs/96/1293996.npy,128,1292
track_1294740,40/1294740.mp3,151.0,test,artifacts/melspecs/40/1294740.npy,128,1292
track_1294742,42/1294742.mp3,148.2,test,artifacts/melspecs/42/1294742.npy,128,1292
track_1294747,47/1294747.mp3,157.4,test,artifacts/melspecs/47/1294747.npy,128,1292
track_1294749,49/1294749.mp3,115.9,test,artifacts/melspecs/49/1294749.npy,128,1292
track_1294750,50/1294750.mp3,124.1,test,artifacts/melspecs/50/1294750.npy,128,1292
track_1294767,67/1294767.mp3,151.1,test,artifacts/melspecs/67/1294767.npy,128,1292
track_1294768,68/1294768.mp3,148.2,test,artifacts/melspecs/68/1294768.npy,128,1292
track_1294772,72/1294772.mp3,177.9,test,artifacts/melspecs/72/1294772.npy,128,1292
track_1294773,73/1294773.mp3,100.7,test,artifacts/melspecs/73/1294773.npy,128,1292
track_1294776,76/1294776.mp3,158.2,test,artifacts/melspecs/76/1294776.npy,128,1292
track_1294779,79/1294779.mp3,106.9,test,artifacts/melspecs/79/1294779.npy,128,1292
track_1294821,21/1294821.mp3,100.8,test,artifacts/melspecs/21/1294821.npy,128,1292
track_1296596,96/1296596.mp3,234.0,test,artifacts/melspecs/96/1296596.npy,128,1292
track_1299802,02/1299802.mp3,150.0,test,artifacts/melspecs/02/1299802.npy,128,1292
track_1299805,05/1299805.mp3,150.0,test,artifacts/melspecs/05/1299805.npy,128,1292
track_1299808,08/1299808.mp3,150.0,test,artifacts/melspecs/08/1299808.npy,128,1292
track_1299809,09/1299809.mp3,150.0,test,artifacts/melspecs/09/1299809.npy,128,1292
track_1299810,10/1299810.mp3,150.0,test,artifacts/melspecs/10/1299810.npy,128,1292
track_1299812,12/1299812.mp3,150.0,test,artifacts/melspecs/12/1299812.npy,128,1292
track_1299813,13/1299813.mp3,150.0,test,artifacts/melspecs/13/1299813.npy,128,1292
track_1299815,15/1299815.mp3,150.0,test,artifacts/melspecs/15/1299815.npy,128,1292
track_1300073,73/1300073.mp3,195.2,test,artifacts/melspecs/73/1300073.npy,128,1292
track_1301081,81/1301081.mp3,299.1,test,artifacts/melspecs/81/1301081.npy,128,1292
track_1302904,04/1302904.mp3,126.4,test,artifacts/melspecs/04/1302904.npy,128,1292
track_1302907,07/1302907.mp3,133.0,test,artifacts/melspecs/07/1302907.npy,128,1292
track_1304468,68/1304468.mp3,283.9,test,artifacts/melspecs/68/1304468.npy,128,1292
track_1304469,69/1304469.mp3,177.8,test,artifacts/melspecs/69/1304469.npy,128,1292
track_1304470,70/1304470.mp3,181.9,test,artifacts/melspecs/70/1304470.npy,128,1292
track_1304471,71/1304471.mp3,264.3,test,artifacts/melspecs/71/1304471.npy,128,1292
track_1304472,72/1304472.mp3,202.0,test,artifacts/melspecs/72/1304472.npy,128,1292
track_1304474,74/1304474.mp3,201.5,test,artifacts/melspecs/74/1304474.npy,128,1292
track_1304475,75/1304475.mp3,234.1,test,artifacts/melspecs/75/1304475.npy,128,1292
track_1304476,76/1304476.mp3,235.2,test,artifacts/melspecs/76/1304476.npy,128,1292
track_1304477,77/1304477.mp3,208.7,test,artifacts/melspecs/77/1304477.npy,128,1292
track_1304478,78/1304478.mp3,188.9,test,artifacts/melspecs/78/1304478.npy,128,1292
track_1304479,79/1304479.mp3,288.4,test,artifacts/melspecs/79/1304479.npy,128,1292
track_1304480,80/1304480.mp3,258.5,test,artifacts/melspecs/80/1304480.npy,128,1292
track_1304481,81/1304481.mp3,222.4,test,artifacts/melspecs/81/1304481.npy,128,1292
track_1304482,82/1304482.mp3,234.1,test,artifacts/melspecs/82/1304482.npy,128,1292
track_1306074,74/1306074.mp3,246.9,test,artifacts/melspecs/74/1306074.npy,128,1292
track_1310529,29/1310529.mp3,186.3,test,artifacts/melspecs/29/1310529.npy,128,1292
track_1310537,37/1310537.mp3,143.5,test,artifacts/melspecs/37/1310537.npy,128,1292
track_1312582,82/1312582.mp3,183.5,test,artifacts/melspecs/82/1312582.npy,128,1292
track_1312999,99/1312999.mp3,1618.3,test,artifacts/melspecs/99/1312999.npy,128,1292
track_1313073,73/1313073.mp3,175.2,test,artifacts/melspecs/73/1313073.npy,128,1292
track_1313075,75/1313075.mp3,185.9,test,artifacts/melspecs/75/1313075.npy,128,1292
track_1313078,78/1313078.mp3,185.2,test,artifacts/melspecs/78/1313078.npy,128,1292
track_1313079,79/1313079.mp3,157.0,test,artifacts/melspecs/79/1313079.npy,128,1292
track_1313212,12/1313212.mp3,113.8,test,artifacts/melspecs/12/1313212.npy,128,1292
track_1313348,48/1313348.mp3,136.4,test,artifacts/melspecs/48/1313348.npy,128,1292
track_1313351,51/1313351.mp3,174.8,test,artifacts/melspecs/51/1313351.npy,128,1292
track_1313353,53/1313353.mp3,208.0,test,artifacts/melspecs/53/1313353.npy,128,1292
track_1314921,21/1314921.mp3,60.0,test,artifacts/melspecs/21/1314921.npy,128,1292
track_1314923,23/1314923.mp3,147.8,test,artifacts/melspecs/23/1314923.npy,128,1292
track_1314924,24/1314924.mp3,136.9,test,artifacts/melspecs/24/1314924.npy,128,1292
track_1315996,96/1315996.mp3,900.0,test,artifacts/melspecs/96/1315996.npy,128,1292
track_1320572,72/1320572.mp3,282.7,test,artifacts/melspecs/72/1320572.npy,128,1292
track_1320575,75/1320575.mp3,218.0,test,artifacts/melspecs/75/1320575.npy,128,1292
track_1321487,87/1321487.mp3,93.4,test,artifacts/melspecs/87/1321487.npy,128,1292
track_1321935,35/1321935.mp3,153.8,test,artifacts/melspecs/35/1321935.npy,128,1292
track_1321937,37/1321937.mp3,105.0,test,artifacts/melspecs/37/1321937.npy,128,1292
track_1321938,38/1321938.mp3,128.9,test,artifacts/melspecs/38/1321938.npy,128,1292
track_1321942,42/1321942.mp3,168.6,test,artifacts/melspecs/42/1321942.npy,128,1292
track_1321946,46/1321946.mp3,141.9,test,artifacts/melspecs/46/1321946.npy,128,1292
track_1325338,38/1325338.mp3,332.6,test,artifacts/melspecs/38/1325338.npy,128,1292
track_1325340,40/1325340.mp3,381.0,test,artifacts/melspecs/40/1325340.npy,128,1292
track_1326222,22/1326222.mp3,261.0,test,artifacts/melspecs/22/1326222.npy,128,1292
track_1326460,60/1326460.mp3,66.9,test,artifacts/melspecs/60/1326460.npy,128,1292
track_1326462,62/1326462.mp3,142.0,test,artifacts/melspecs/62/1326462.npy,128,1292
track_1326464,64/1326464.mp3,140.0,test,artifacts/melspecs/64/1326464.npy,128,1292
track_1327886,86/1327886.mp3,122.0,test,artifacts/melspecs/86/1327886.npy,128,1292
track_1327887,87/1327887.mp3,100.0,test,artifacts/melspecs/87/1327887.npy,128,1292
track_1330054,54/1330054.mp3,162.9,test,artifacts/melspecs/54/1330054.npy,128,1292
track_1333332,32/1333332.mp3,162.1,test,artifacts/melspecs/32/1333332.npy,128,1292
track_1333333,33/1333333.mp3,183.7,test,artifacts/melspecs/33/1333333.npy,128,1292
track_1333334,34/1333334.mp3,149.0,test,artifacts/melspecs/34/1333334.npy,128,1292
track_1335076,76/1335076.mp3,340.5,test,artifacts/melspecs/76/1335076.npy,128,1292
track_1335117,17/1335117.mp3,118.0,test,artifacts/melspecs/17/1335117.npy,128,1292
track_1335154,54/1335154.mp3,169.5,test,artifacts/melspecs/54/1335154.npy,128,1292
track_1335362,62/1335362.mp3,109.3,test,artifacts/melspecs/62/1335362.npy,128,1292
track_1336307,07/1336307.mp3,297.3,test,artifacts/melspecs/07/1336307.npy,128,1292
track_1336314,14/1336314.mp3,303.8,test,artifacts/melspecs/14/1336314.npy,128,1292
track_1337795,95/1337795.mp3,188.4,test,artifacts/melspecs/95/1337795.npy,128,1292
track_1337796,96/1337796.mp3,259.8,test,artifacts/melspecs/96/1337796.npy,128,1292
track_1337799,99/1337799.mp3,163.6,test,artifacts/melspecs/99/1337799.npy,128,1292
track_1337800,00/1337800.mp3,178.8,test,artifacts/melspecs/00/1337800.npy,128,1292
track_1337803,03/1337803.mp3,271.0,test,artifacts/melspecs/03/1337803.npy,128,1292
track_1337806,06/1337806.mp3,235.2,test,artifacts/melspecs/06/1337806.npy,128,1292
track_1337903,03/1337903.mp3,353.1,test,artifacts/melspecs/03/1337903.npy,128,1292
track_1339597,97/1339597.mp3,238.0,test,artifacts/melspecs/97/1339597.npy,128,1292
track_1340349,49/1340349.mp3,235.0,test,artifacts/melspecs/49/1340349.npy,128,1292
track_1341458,58/1341458.mp3,243.4,test,artifacts/melspecs/58/1341458.npy,128,1292
track_1341461,61/1341461.mp3,304.8,test,artifacts/melspecs/61/1341461.npy,128,1292
track_1341464,64/1341464.mp3,106.0,test,artifacts/melspecs/64/1341464.npy,128,1292
track_1342150,50/1342150.mp3,71.7,test,artifacts/melspecs/50/1342150.npy,128,1292
track_1342153,53/1342153.mp3,132.9,test,artifacts/melspecs/53/1342153.npy,128,1292
track_1342574,74/1342574.mp3,177.6,test,artifacts/melspecs/74/1342574.npy,128,1292
track_1343380,80/1343380.mp3,224.6,test,artifacts/melspecs/80/1343380.npy,128,1292
track_1343397,97/1343397.mp3,256.4,test,artifacts/melspecs/97/1343397.npy,128,1292
track_1343403,03/1343403.mp3,371.5,test,artifacts/melspecs/03/1343403.npy,128,1292
track_1343442,42/1343442.mp3,228.6,test,artifacts/melspecs/42/1343442.npy,128,1292
track_1343443,43/1343443.mp3,184.0,test,artifacts/melspecs/43/1343443.npy,128,1292
track_1343445,45/1343445.mp3,96.8,test,artifacts/melspecs/45/1343445.npy,128,1292
track_1344274,74/1344274.mp3,534.3,test,artifacts/melspecs/74/1344274.npy,128,1292
track_1344316,16/1344316.mp3,370.7,test,artifacts/melspecs/16/1344316.npy,128,1292
track_1344321,21/1344321.mp3,577.5,test,artifacts/melspecs/21/1344321.npy,128,1292
track_1344446,46/1344446.mp3,89.5,test,artifacts/melspecs/46/1344446.npy,128,1292
track_1346189,89/1346189.mp3,198.0,test,artifacts/melspecs/89/1346189.npy,128,1292
track_1346190,90/1346190.mp3,193.0,test,artifacts/melspecs/90/1346190.npy,128,1292
track_1346191,91/1346191.mp3,150.0,test,artifacts/melspecs/91/1346191.npy,128,1292
track_1346193,93/1346193.mp3,106.0,test,artifacts/melspecs/93/1346193.npy,128,1292
track_1346204,04/1346204.mp3,159.8,test,artifacts/melspecs/04/1346204.npy,128,1292
track_1347895,95/1347895.mp3,98.0,test,artifacts/melspecs/95/1347895.npy,128,1292
track_1347896,96/1347896.mp3,92.1,test,artifacts/melspecs/96/1347896.npy,128,1292
track_1347897,97/1347897.mp3,185.3,test,artifacts/melspecs/97/1347897.npy,128,1292
track_1348160,60/1348160.mp3,342.5,test,artifacts/melspecs/60/1348160.npy,128,1292
track_1348182,82/1348182.mp3,236.5,test,artifacts/melspecs/82/1348182.npy,128,1292
track_1348722,22/1348722.mp3,43.2,test,artifacts/melspecs/22/1348722.npy,128,1292
track_1348723,23/1348723.mp3,82.8,test,artifacts/melspecs/23/1348723.npy,128,1292
track_1348724,24/1348724.mp3,44.4,test,artifacts/melspecs/24/1348724.npy,128,1292
track_1348725,25/1348725.mp3,126.0,test,artifacts/melspecs/25/1348725.npy,128,1292
track_1348727,27/1348727.mp3,123.8,test,artifacts/melspecs/27/1348727.npy,128,1292
track_1348728,28/1348728.mp3,123.8,test,artifacts/melspecs/28/1348728.npy,128,1292
track_1350849,49/1350849.mp3,187.6,test,artifacts/melspecs/49/1350849.npy,128,1292
track_1350850,50/1350850.mp3,108.9,test,artifacts/melspecs/50/1350850.npy,128,1292
track_1350852,52/1350852.mp3,126.1,test,artifacts/melspecs/52/1350852.npy,128,1292
track_1352366,66/1352366.mp3,57.1,test,artifacts/melspecs/66/1352366.npy,128,1292
track_1352367,67/1352367.mp3,57.1,test,artifacts/melspecs/67/1352367.npy,128,1292
track_1352368,68/1352368.mp3,125.0,test,artifacts/melspecs/68/1352368.npy,128,1292
track_1353294,94/1353294.mp3,177.4,test,artifacts/melspecs/94/1353294.npy,128,1292
track_1353295,95/1353295.mp3,159.4,test,artifacts/melspecs/95/1353295.npy,128,1292
track_1353297,97/1353297.mp3,153.1,test,artifacts/melspecs/97/1353297.npy,128,1292
track_1353300,00/1353300.mp3,152.4,test,artifacts/melspecs/00/1353300.npy,128,1292
track_1353301,01/1353301.mp3,162.0,test,artifacts/melspecs/01/1353301.npy,128,1292
track_1353302,02/1353302.mp3,143.4,test,artifacts/melspecs/02/1353302.npy,128,1292
track_1353306,06/1353306.mp3,162.9,test,artifacts/melspecs/06/1353306.npy,128,1292
track_1353308,08/1353308.mp3,167.2,test,artifacts/melspecs/08/1353308.npy,128,1292
track_1353309,09/1353309.mp3,173.0,test,artifacts/melspecs/09/1353309.npy,128,1292
track_1353311,11/1353311.mp3,161.2,test,artifacts/melspecs/11/1353311.npy,128,1292
track_1353312,12/1353312.mp3,166.0,test,artifacts/melspecs/12/1353312.npy,128,1292
track_1353314,14/1353314.mp3,222.5,test,artifacts/melspecs/14/1353314.npy,128,1292
track_1353316,16/1353316.mp3,166.0,test,artifacts/melspecs/16/1353316.npy,128,1292
track_1353317,17/1353317.mp3,167.0,test,artifacts/melspecs/17/1353317.npy,128,1292
track_1353319,19/1353319.mp3,283.8,test,artifacts/melspecs/19/1353319.npy,128,1292
track_1353322,22/1353322.mp3,277.3,test,artifacts/melspecs/22/1353322.npy,128,1292
track_1353323,23/1353323.mp3,265.0,test,artifacts/melspecs/23/1353323.npy,128,1292
track_1353325,25/1353325.mp3,291.2,test,artifacts/melspecs/25/1353325.npy,128,1292
track_1353326,26/1353326.mp3,287.8,test,artifacts/melspecs/26/1353326.npy,128,1292
track_1353328,28/1353328.mp3,316.7,test,artifacts/melspecs/28/1353328.npy,128,1292
track_1353329,29/1353329.mp3,336.0,test,artifacts/melspecs/29/1353329.npy,128,1292
track_1353330,30/1353330.mp3,354.0,test,artifacts/melspecs/30/1353330.npy,128,1292
track_1353331,31/1353331.mp3,316.7,test,artifacts/melspecs/31/1353331.npy,128,1292
track_1353334,34/1353334.mp3,304.4,test,artifacts/melspecs/34/1353334.npy,128,1292
track_1353335,35/1353335.mp3,301.5,test,artifacts/melspecs/35/1353335.npy,128,1292
track_1353336,36/1353336.mp3,260.0,test,artifacts/melspecs/36/1353336.npy,128,1292
track_1353337,37/1353337.mp3,322.3,test,artifacts/melspecs/37/1353337.npy,128,1292
track_1353338,38/1353338.mp3,387.5,test,artifacts/melspecs/38/1353338.npy,128,1292
track_1353339,39/1353339.mp3,243.8,test,artifacts/melspecs/39/1353339.npy,128,1292
track_1353972,72/1353972.mp3,34.0,test,artifacts/melspecs/72/1353972.npy,128,1292
track_1354140,40/1354140.mp3,49.0,test,artifacts/melspecs/40/1354140.npy,128,1292
track_1354141,41/1354141.mp3,77.0,test,artifacts/melspecs/41/1354141.npy,128,1292
track_1354142,42/1354142.mp3,125.0,test,artifacts/melspecs/42/1354142.npy,128,1292
track_1355264,64/1355264.mp3,253.1,test,artifacts/melspecs/64/1355264.npy,128,1292
track_1355265,65/1355265.mp3,210.6,test,artifacts/melspecs/65/1355265.npy,128,1292
track_1355266,66/1355266.mp3,211.7,test,artifacts/melspecs/66/1355266.npy,128,1292
track_1355270,70/1355270.mp3,193.3,test,artifacts/melspecs/70/1355270.npy,128,1292
track_1355273,73/1355273.mp3,273.5,test,artifacts/melspecs/73/1355273.npy,128,1292
track_1355275,75/1355275.mp3,240.0,test,artifacts/melspecs/75/1355275.npy,128,1292
track_1355276,76/1355276.mp3,186.1,test,artifacts/melspecs/76/1355276.npy,128,1292
track_1356312,12/1356312.mp3,324.4,test,artifacts/melspecs/12/1356312.npy,128,1292
track_1356313,13/1356313.mp3,213.1,test,artifacts/melspecs/13/1356313.npy,128,1292
track_1356315,15/1356315.mp3,221.1,test,artifacts/melspecs/15/1356315.npy,128,1292
track_1356325,25/1356325.mp3,174.8,test,artifacts/melspecs/25/1356325.npy,128,1292
track_1356337,37/1356337.mp3,209.6,test,artifacts/melspecs/37/1356337.npy,128,1292
track_1356344,44/1356344.mp3,188.0,test,artifacts/melspecs/44/1356344.npy,128,1292
track_1356347,47/1356347.mp3,232.2,test,artifacts/melspecs/47/1356347.npy,128,1292
track_1356349,49/1356349.mp3,235.3,test,artifacts/melspecs/49/1356349.npy,128,1292
track_1356468,68/1356468.mp3,149.6,test,artifacts/melspecs/68/1356468.npy,128,1292
track_1356469,69/1356469.mp3,120.0,test,artifacts/melspecs/69/1356469.npy,128,1292
track_1356848,48/1356848.mp3,210.2,test,artifacts/melspecs/48/1356848.npy,128,1292
track_1356854,54/1356854.mp3,246.5,test,artifacts/melspecs/54/1356854.npy,128,1292
track_1356870,70/1356870.mp3,189.5,test,artifacts/melspecs/70/1356870.npy,128,1292
track_1356872,72/1356872.mp3,202.6,test,artifacts/melspecs/72/1356872.npy,128,1292
track_1356888,88/1356888.mp3,258.8,test,artifacts/melspecs/88/1356888.npy,128,1292
track_1357000,00/1357000.mp3,173.2,test,artifacts/melspecs/00/1357000.npy,128,1292
track_1357005,05/1357005.mp3,196.6,test,artifacts/melspecs/05/1357005.npy,128,1292
track_1357012,12/1357012.mp3,233.1,test,artifacts/melspecs/12/1357012.npy,128,1292
track_1357022,22/1357022.mp3,185.6,test,artifacts/melspecs/22/1357022.npy,128,1292
track_1357024,24/1357024.mp3,161.1,test,artifacts/melspecs/24/1357024.npy,128,1292
track_1357105,05/1357105.mp3,196.9,test,artifacts/melspecs/05/1357105.npy,128,1292
track_1357118,18/1357118.mp3,168.9,test,artifacts/melspecs/18/1357118.npy,128,1292
track_1357120,20/1357120.mp3,238.9,test,artifacts/melspecs/20/1357120.npy,128,1292
track_1357121,21/1357121.mp3,159.8,test,artifacts/melspecs/21/1357121.npy,128,1292
track_1357128,28/1357128.mp3,188.0,test,artifacts/melspecs/28/1357128.npy,128,1292
track_1357132,32/1357132.mp3,186.3,test,artifacts/melspecs/32/1357132.npy,128,1292
track_1361451,51/1361451.mp3,112.0,test,artifacts/melspecs/51/1361451.npy,128,1292
track_1363076,76/1363076.mp3,64.4,test,artifacts/melspecs/76/1363076.npy,128,1292
track_1363077,77/1363077.mp3,43.9,test,artifacts/melspecs/77/1363077.npy,128,1292
track_1365210,10/1365210.mp3,258.1,test,artifacts/melspecs/10/1365210.npy,128,1292
track_1365221,21/1365221.mp3,338.0,test,artifacts/melspecs/21/1365221.npy,128,1292
track_1365783,83/1365783.mp3,208.0,test,artifacts/melspecs/83/1365783.npy,128,1292
track_1365784,84/1365784.mp3,199.2,test,artifacts/melspecs/84/1365784.npy,128,1292
track_1367161,61/1367161.mp3,377.2,test,artifacts/melspecs/61/1367161.npy,128,1292
track_1367163,63/1367163.mp3,388.7,test,artifacts/melspecs/63/1367163.npy,128,1292
track_1367168,68/1367168.mp3,271.5,test,artifacts/melspecs/68/1367168.npy,128,1292
track_1367172,72/1367172.mp3,248.0,test,artifacts/melspecs/72/1367172.npy,128,1292
track_1367173,73/1367173.mp3,315.6,test,artifacts/melspecs/73/1367173.npy,128,1292
track_1367185,85/1367185.mp3,345.2,test,artifacts/melspecs/85/1367185.npy,128,1292
track_1367186,86/1367186.mp3,256.2,test,artifacts/melspecs/86/1367186.npy,128,1292
track_1367187,87/1367187.mp3,271.6,test,artifacts/melspecs/87/1367187.npy,128,1292
track_1369044,44/1369044.mp3,274.1,test,artifacts/melspecs/44/1369044.npy,128,1292
track_1369052,52/1369052.mp3,215.5,test,artifacts/melspecs/52/1369052.npy,128,1292
track_1369053,53/1369053.mp3,154.1,test,artifacts/melspecs/53/1369053.npy,128,1292
track_1370658,58/1370658.mp3,173.4,test,artifacts/melspecs/58/1370658.npy,128,1292
track_1370705,05/1370705.mp3,198.0,test,artifacts/melspecs/05/1370705.npy,128,1292
track_1370942,42/1370942.mp3,155.1,test,artifacts/melspecs/42/1370942.npy,128,1292
track_1370943,43/1370943.mp3,210.5,test,artifacts/melspecs/43/1370943.npy,128,1292
track_1370948,48/1370948.mp3,105.3,test,artifacts/melspecs/48/1370948.npy,128,1292
track_1370952,52/1370952.mp3,129.3,test,artifacts/melspecs/52/1370952.npy,128,1292
track_1371776,76/1371776.mp3,267.9,test,artifacts/melspecs/76/1371776.npy,128,1292
track_1371779,79/1371779.mp3,226.9,test,artifacts/melspecs/79/1371779.npy,128,1292
track_1372870,70/1372870.mp3,160.1,test,artifacts/melspecs/70/1372870.npy,128,1292
track_1373252,52/1373252.mp3,123.4,test,artifacts/melspecs/52/1373252.npy,128,1292
track_1373255,55/1373255.mp3,85.5,test,artifacts/melspecs/55/1373255.npy,128,1292
track_1373257,57/1373257.mp3,87.7,test,artifacts/melspecs/57/1373257.npy,128,1292
track_1373258,58/1373258.mp3,112.5,test,artifacts/melspecs/58/1373258.npy,128,1292
track_1373259,59/1373259.mp3,105.5,test,artifacts/melspecs/59/1373259.npy,128,1292
track_1374330,30/1374330.mp3,119.6,test,artifacts/melspecs/30/1374330.npy,128,1292
track_1374334,34/1374334.mp3,90.7,test,artifacts/melspecs/34/1374334.npy,128,1292
track_1375899,99/1375899.mp3,413.1,test,artifacts/melspecs/99/1375899.npy,128,1292
track_1375903,03/1375903.mp3,585.0,test,artifacts/melspecs/03/1375903.npy,128,1292
track_1375910,10/1375910.mp3,352.0,test,artifacts/melspecs/10/1375910.npy,128,1292
track_1375974,74/1375974.mp3,122.2,test,artifacts/melspecs/74/1375974.npy,128,1292
track_1379577,77/1379577.mp3,442.0,test,artifacts/melspecs/77/1379577.npy,128,1292
track_1380858,58/1380858.mp3,148.1,test,artifacts/melspecs/58/1380858.npy,128,1292
track_1381041,41/1381041.mp3,116.3,test,artifacts/melspecs/41/1381041.npy,128,1292
track_1381043,43/1381043.mp3,118.2,test,artifacts/melspecs/43/1381043.npy,128,1292
track_1381056,56/1381056.mp3,123.7,test,artifacts/melspecs/56/1381056.npy,128,1292
track_1381075,75/1381075.mp3,105.3,test,artifacts/melspecs/75/1381075.npy,128,1292
track_1381079,79/1381079.mp3,116.6,test,artifacts/melspecs/79/1381079.npy,128,1292
track_1381310,10/1381310.mp3,195.1,test,artifacts/melspecs/10/1381310.npy,128,1292
track_1381312,12/1381312.mp3,110.7,test,artifacts/melspecs/12/1381312.npy,128,1292
track_1386744,44/1386744.mp3,280.6,test,artifacts/melspecs/44/1386744.npy,128,1292
track_1386746,46/1386746.mp3,300.0,test,artifacts/melspecs/46/1386746.npy,128,1292
track_1386750,50/1386750.mp3,260.0,test,artifacts/melspecs/50/1386750.npy,128,1292
track_1386809,09/1386809.mp3,349.2,test,artifacts/melspecs/09/1386809.npy,128,1292
track_1386917,17/1386917.mp3,168.0,test,artifacts/melspecs/17/1386917.npy,128,1292
track_1387167,67/1387167.mp3,156.1,test,artifacts/melspecs/67/1387167.npy,128,1292
track_1387169,69/1387169.mp3,150.3,test,artifacts/melspecs/69/1387169.npy,128,1292
track_1387170,70/1387170.mp3,132.0,test,artifacts/melspecs/70/1387170.npy,128,1292
track_1388808,08/1388808.mp3,197.0,test,artifacts/melspecs/08/1388808.npy,128,1292
track_1388810,10/1388810.mp3,176.4,test,artifacts/melspecs/10/1388810.npy,128,1292
track_1388811,11/1388811.mp3,169.5,test,artifacts/melspecs/11/1388811.npy,128,1292
track_1388812,12/1388812.mp3,203.7,test,artifacts/melspecs/12/1388812.npy,128,1292
track_1388813,13/1388813.mp3,203.3,test,artifacts/melspecs/13/1388813.npy,128,1292
track_1388814,14/1388814.mp3,238.0,test,artifacts/melspecs/14/1388814.npy,128,1292
track_1388815,15/1388815.mp3,304.1,test,artifacts/melspecs/15/1388815.npy,128,1292
track_1388879,79/1388879.mp3,290.6,test,artifacts/melspecs/79/1388879.npy,128,1292
track_1388883,83/1388883.mp3,221.6,test,artifacts/melspecs/83/1388883.npy,128,1292
track_1389166,66/1389166.mp3,97.0,test,artifacts/melspecs/66/1389166.npy,128,1292
track_1390730,30/1390730.mp3,168.5,test,artifacts/melspecs/30/1390730.npy,128,1292
track_1391116,16/1391116.mp3,993.4,test,artifacts/melspecs/16/1391116.npy,128,1292
track_1391119,19/1391119.mp3,1292.9,test,artifacts/melspecs/19/1391119.npy,128,1292
track_1391120,20/1391120.mp3,640.8,test,artifacts/melspecs/20/1391120.npy,128,1292
track_1391327,27/1391327.mp3,30.0,test,artifacts/melspecs/27/1391327.npy,128,1292
track_1391328,28/1391328.mp3,60.0,test,artifacts/melspecs/28/1391328.npy,128,1292
track_1391331,31/1391331.mp3,60.0,test,artifacts/melspecs/31/1391331.npy,128,1292
track_1391332,32/1391332.mp3,216.7,test,artifacts/melspecs/32/1391332.npy,128,1292
track_1391334,34/1391334.mp3,146.7,test,artifacts/melspecs/34/1391334.npy,128,1292
track_1391335,35/1391335.mp3,40.3,test,artifacts/melspecs/35/1391335.npy,128,1292
track_1391337,37/1391337.mp3,142.4,test,artifacts/melspecs/37/1391337.npy,128,1292
track_1391338,38/1391338.mp3,55.8,test,artifacts/melspecs/38/1391338.npy,128,1292
track_1391339,39/1391339.mp3,79.8,test,artifacts/melspecs/39/1391339.npy,128,1292
track_1391340,40/1391340.mp3,40.8,test,artifacts/melspecs/40/1391340.npy,128,1292
track_1392015,15/1392015.mp3,940.5,test,artifacts/melspecs/15/1392015.npy,128,1292
track_1393141,41/1393141.mp3,116.3,test,artifacts/melspecs/41/1393141.npy,128,1292
track_1393144,44/1393144.mp3,109.4,test,artifacts/melspecs/44/1393144.npy,128,1292
track_1393180,80/1393180.mp3,216.0,test,artifacts/melspecs/80/1393180.npy,128,1292
track_1393251,51/1393251.mp3,162.5,test,artifacts/melspecs/51/1393251.npy,128,1292
track_1394316,16/1394316.mp3,404.4,test,artifacts/melspecs/16/1394316.npy,128,1292
track_1394403,03/1394403.mp3,147.0,test,artifacts/melspecs/03/1394403.npy,128,1292
track_1394415,15/1394415.mp3,75.9,test,artifacts/melspecs/15/1394415.npy,128,1292
track_1395310,10/1395310.mp3,222.9,test,artifacts/melspecs/10/1395310.npy,128,1292
track_1396285,85/1396285.mp3,1643.9,test,artifacts/melspecs/85/1396285.npy,128,1292
track_1396286,86/1396286.mp3,1523.3,test,artifacts/melspecs/86/1396286.npy,128,1292
track_1397043,43/1397043.mp3,276.6,test,artifacts/melspecs/43/1397043.npy,128,1292
track_1397055,55/1397055.mp3,267.1,test,artifacts/melspecs/55/1397055.npy,128,1292
track_1397734,34/1397734.mp3,214.6,test,artifacts/melspecs/34/1397734.npy,128,1292
track_1397736,36/1397736.mp3,229.5,test,artifacts/melspecs/36/1397736.npy,128,1292
track_1397737,37/1397737.mp3,206.9,test,artifacts/melspecs/37/1397737.npy,128,1292
track_1397739,39/1397739.mp3,203.6,test,artifacts/melspecs/39/1397739.npy,128,1292
track_1397741,41/1397741.mp3,96.8,test,artifacts/melspecs/41/1397741.npy,128,1292
track_1397742,42/1397742.mp3,208.8,test,artifacts/melspecs/42/1397742.npy,128,1292
track_1397743,43/1397743.mp3,138.4,test,artifacts/melspecs/43/1397743.npy,128,1292
track_1397744,44/1397744.mp3,166.2,test,artifacts/melspecs/44/1397744.npy,128,1292
track_1397852,52/1397852.mp3,155.3,test,artifacts/melspecs/52/1397852.npy,128,1292
track_1397853,53/1397853.mp3,238.1,test,artifacts/melspecs/53/1397853.npy,128,1292
track_1397854,54/1397854.mp3,282.0,test,artifacts/melspecs/54/1397854.npy,128,1292
track_1397859,59/1397859.mp3,128.5,test,artifacts/melspecs/59/1397859.npy,128,1292
track_1398799,99/1398799.mp3,208.0,test,artifacts/melspecs/99/1398799.npy,128,1292
track_1398801,01/1398801.mp3,274.1,test,artifacts/melspecs/01/1398801.npy,128,1292
track_1398804,04/1398804.mp3,362.0,test,artifacts/melspecs/04/1398804.npy,128,1292
track_1399291,91/1399291.mp3,1319.3,test,artifacts/melspecs/91/1399291.npy,128,1292
track_1399293,93/1399293.mp3,137.3,test,artifacts/melspecs/93/1399293.npy,128,1292
track_1399298,98/1399298.mp3,567.9,test,artifacts/melspecs/98/1399298.npy,128,1292
track_1399549,49/1399549.mp3,177.4,test,artifacts/melspecs/49/1399549.npy,128,1292
track_1400799,99/1400799.mp3,235.3,test,artifacts/melspecs/99/1400799.npy,128,1292
track_1400805,05/1400805.mp3,664.8,test,artifacts/melspecs/05/1400805.npy,128,1292
track_1401985,85/1401985.mp3,192.6,test,artifacts/melspecs/85/1401985.npy,128,1292
track_1402648,48/1402648.mp3,150.5,test,artifacts/melspecs/48/1402648.npy,128,1292
track_1402650,50/1402650.mp3,219.2,test,artifacts/melspecs/50/1402650.npy,128,1292
track_1402652,52/1402652.mp3,108.6,test,artifacts/melspecs/52/1402652.npy,128,1292
track_1402653,53/1402653.mp3,64.9,test,artifacts/melspecs/53/1402653.npy,128,1292
track_1404044,44/1404044.mp3,271.7,test,artifacts/melspecs/44/1404044.npy,128,1292
track_1406698,98/1406698.mp3,121.5,test,artifacts/melspecs/98/1406698.npy,128,1292
track_1407675,75/1407675.mp3,192.8,test,artifacts/melspecs/75/1407675.npy,128,1292
track_1408977,77/1408977.mp3,30.0,test,artifacts/melspecs/77/1408977.npy,128,1292
track_1408978,78/1408978.mp3,30.0,test,artifacts/melspecs/78/1408978.npy,128,1292
track_1408979,79/1408979.mp3,60.3,test,artifacts/melspecs/79/1408979.npy,128,1292
track_1408980,80/1408980.mp3,60.0,test,artifacts/melspecs/80/1408980.npy,128,1292
track_1408981,81/1408981.mp3,135.0,test,artifacts/melspecs/81/1408981.npy,128,1292
track_1408982,82/1408982.mp3,135.0,test,artifacts/melspecs/82/1408982.npy,128,1292
track_1408983,83/1408983.mp3,30.0,test,artifacts/melspecs/83/1408983.npy,128,1292
track_1408984,84/1408984.mp3,60.0,test,artifacts/melspecs/84/1408984.npy,128,1292
track_1408985,85/1408985.mp3,60.0,test,artifacts/melspecs/85/1408985.npy,128,1292
track_1409341,41/1409341.mp3,205.2,test,artifacts/melspecs/41/1409341.npy,128,1292
track_1409345,45/1409345.mp3,227.5,test,artifacts/melspecs/45/1409345.npy,128,1292
track_1409347,47/1409347.mp3,130.7,test,artifacts/melspecs/47/1409347.npy,128,1292
track_1410635,35/1410635.mp3,177.1,test,artifacts/melspecs/35/1410635.npy,128,1292
track_1410638,38/1410638.mp3,184.3,test,artifacts/melspecs/38/1410638.npy,128,1292
track_1410640,40/1410640.mp3,376.0,test,artifacts/melspecs/40/1410640.npy,128,1292
track_1410642,42/1410642.mp3,59.1,test,artifacts/melspecs/42/1410642.npy,128,1292
track_1414682,82/1414682.mp3,30.5,test,artifacts/melspecs/82/1414682.npy,128,1292
track_1414683,83/1414683.mp3,30.5,test,artifacts/melspecs/83/1414683.npy,128,1292
track_1414685,85/1414685.mp3,60.0,test,artifacts/melspecs/85/1414685.npy,128,1292
track_1414686,86/1414686.mp3,90.5,test,artifacts/melspecs/86/1414686.npy,128,1292
track_1414689,89/1414689.mp3,174.8,test,artifacts/melspecs/89/1414689.npy,128,1292
track_1415312,12/1415312.mp3,318.5,test,artifacts/melspecs/12/1415312.npy,128,1292
track_1416139,39/1416139.mp3,91.0,test,artifacts/melspecs/39/1416139.npy,128,1292
track_1416334,34/1416334.mp3,39.3,test,artifacts/melspecs/34/1416334.npy,128,1292
track_1416335,35/1416335.mp3,161.5,test,artifacts/melspecs/35/1416335.npy,128,1292
track_1416336,36/1416336.mp3,49.9,test,artifacts/melspecs/36/1416336.npy,128,1292
track_1416381,81/1416381.mp3,34.9,test,artifacts/melspecs/81/1416381.npy,128,1292
track_1416382,82/1416382.mp3,34.9,test,artifacts/melspecs/82/1416382.npy,128,1292
track_1416384,84/1416384.mp3,65.1,test,artifacts/melspecs/84/1416384.npy,128,1292
track_1416385,85/1416385.mp3,90.0,test,artifacts/melspecs/85/1416385.npy,128,1292
track_1416386,86/1416386.mp3,90.0,test,artifacts/melspecs/86/1416386.npy,128,1292
track_1416387,87/1416387.mp3,192.2,test,artifacts/melspecs/87/1416387.npy,128,1292
track_1416388,88/1416388.mp3,192.2,test,artifacts/melspecs/88/1416388.npy,128,1292
track_1416445,45/1416445.mp3,448.5,test,artifacts/melspecs/45/1416445.npy,128,1292
track_1417886,86/1417886.mp3,169.5,test,artifacts/melspecs/86/1417886.npy,128,1292
track_1417887,87/1417887.mp3,42.7,test,artifacts/melspecs/87/1417887.npy,128,1292
track_1417888,88/1417888.mp3,61.1,test,artifacts/melspecs/88/1417888.npy,128,1292
track_1418441,41/1418441.mp3,306.7,test,artifacts/melspecs/41/1418441.npy,128,1292
track_1418762,62/1418762.mp3,285.9,test,artifacts/melspecs/62/1418762.npy,128,1292
track_1418765,65/1418765.mp3,246.4,test,artifacts/melspecs/65/1418765.npy,128,1292
track_1419105,05/1419105.mp3,30.0,test,artifacts/melspecs/05/1419105.npy,128,1292
track_1419106,06/1419106.mp3,30.0,test,artifacts/melspecs/06/1419106.npy,128,1292
track_1419109,09/1419109.mp3,90.5,test,artifacts/melspecs/09/1419109.npy,128,1292
track_1419224,24/1419224.mp3,256.2,test,artifacts/melspecs/24/1419224.npy,128,1292
track_1419225,25/1419225.mp3,227.5,test,artifacts/melspecs/25/1419225.npy,128,1292
track_1419226,26/1419226.mp3,235.8,test,artifacts/melspecs/26/1419226.npy,128,1292
track_1419227,27/1419227.mp3,305.6,test,artifacts/melspecs/27/1419227.npy,128,1292
track_1419228,28/1419228.mp3,236.1,test,artifacts/melspecs/28/1419228.npy,128,1292
track_1419229,29/1419229.mp3,238.7,test,artifacts/melspecs/29/1419229.npy,128,1292
track_1419230,30/1419230.mp3,214.1,test,artifacts/melspecs/30/1419230.npy,128,1292
track_1419231,31/1419231.mp3,206.7,test,artifacts/melspecs/31/1419231.npy,128,1292
track_1419277,77/1419277.mp3,174.6,test,artifacts/melspecs/77/1419277.npy,128,1292
track_1419278,78/1419278.mp3,224.6,test,artifacts/melspecs/78/1419278.npy,128,1292
track_1419279,79/1419279.mp3,237.8,test,artifacts/melspecs/79/1419279.npy,128,1292
track_1419280,80/1419280.mp3,242.8,test,artifacts/melspecs/80/1419280.npy,128,1292
track_1419382,82/1419382.mp3,258.7,test,artifacts/melspecs/82/1419382.npy,128,1292
track_1419424,24/1419424.mp3,317.2,test,artifacts/melspecs/24/1419424.npy,128,1292
track_1419650,50/1419650.mp3,258.8,test,artifacts/melspecs/50/1419650.npy,128,1292
track_1419747,47/1419747.mp3,203.1,test,artifacts/melspecs/47/1419747.npy,128,1292
